cycle,sm,cta,warp,pc,instruction,event,active_mask,eligible,selected,stall_reason,memory_transaction_count,cache_result,divergence_depth
0,0,0,0,0,"MOV.GTID r1",ISSUE,11111111111111111111111111111111,1,1,"",,,
0,0,0,0,0,"MOV.GTID r1",EXECUTE,11111111111111111111111111111111,1,0,"",,,
0,1,0,8,0,"MOV.GTID r1",ISSUE,11111111111111111111111111111111,1,1,"",,,
0,1,0,8,0,"MOV.GTID r1",EXECUTE,11111111111111111111111111111111,1,0,"",,,
1,0,0,0,1,"",WRITEBACK,11111111111111111111111111111111,1,0,"",,,
1,0,0,1,0,"MOV.GTID r1",ISSUE,11111111111111111111111111111111,1,1,"",,,
1,0,0,1,0,"MOV.GTID r1",EXECUTE,11111111111111111111111111111111,1,0,"",,,
1,1,0,8,1,"",WRITEBACK,11111111111111111111111111111111,1,0,"",,,
1,1,0,9,0,"MOV.GTID r1",ISSUE,11111111111111111111111111111111,1,1,"",,,
1,1,0,9,0,"MOV.GTID r1",EXECUTE,11111111111111111111111111111111,1,0,"",,,
2,0,0,1,1,"",WRITEBACK,11111111111111111111111111111111,1,0,"",,,
2,0,0,2,0,"MOV.GTID r1",ISSUE,11111111111111111111111111111111,1,1,"",,,
2,0,0,2,0,"MOV.GTID r1",EXECUTE,11111111111111111111111111111111,1,0,"",,,
2,1,0,9,1,"",WRITEBACK,11111111111111111111111111111111,1,0,"",,,
2,1,0,10,0,"MOV.GTID r1",ISSUE,11111111111111111111111111111111,1,1,"",,,
2,1,0,10,0,"MOV.GTID r1",EXECUTE,11111111111111111111111111111111,1,0,"",,,
3,0,0,2,1,"",WRITEBACK,11111111111111111111111111111111,1,0,"",,,
3,0,0,3,0,"MOV.GTID r1",ISSUE,11111111111111111111111111111111,1,1,"",,,
3,0,0,3,0,"MOV.GTID r1",EXECUTE,11111111111111111111111111111111,1,0,"",,,
3,1,0,10,1,"",WRITEBACK,11111111111111111111111111111111,1,0,"",,,
3,1,0,11,0,"MOV.GTID r1",ISSUE,11111111111111111111111111111111,1,1,"",,,
3,1,0,11,0,"MOV.GTID r1",EXECUTE,11111111111111111111111111111111,1,0,"",,,
4,0,0,3,1,"",WRITEBACK,11111111111111111111111111111111,1,0,"",,,
4,0,0,4,0,"MOV.GTID r1",ISSUE,11111111111111111111111111111111,1,1,"",,,
4,0,0,4,0,"MOV.GTID r1",EXECUTE,11111111111111111111111111111111,1,0,"",,,
4,1,0,11,1,"",WRITEBACK,11111111111111111111111111111111,1,0,"",,,
4,1,0,12,0,"MOV.GTID r1",ISSUE,11111111111111111111111111111111,1,1,"",,,
4,1,0,12,0,"MOV.GTID r1",EXECUTE,11111111111111111111111111111111,1,0,"",,,
5,0,0,4,1,"",WRITEBACK,11111111111111111111111111111111,1,0,"",,,
5,0,0,5,0,"MOV.GTID r1",ISSUE,11111111111111111111111111111111,1,1,"",,,
5,0,0,5,0,"MOV.GTID r1",EXECUTE,11111111111111111111111111111111,1,0,"",,,
5,1,0,12,1,"",WRITEBACK,11111111111111111111111111111111,1,0,"",,,
5,1,0,13,0,"MOV.GTID r1",ISSUE,11111111111111111111111111111111,1,1,"",,,
5,1,0,13,0,"MOV.GTID r1",EXECUTE,11111111111111111111111111111111,1,0,"",,,
6,0,0,5,1,"",WRITEBACK,11111111111111111111111111111111,1,0,"",,,
6,0,0,6,0,"MOV.GTID r1",ISSUE,11111111111111111111111111111111,1,1,"",,,
6,0,0,6,0,"MOV.GTID r1",EXECUTE,11111111111111111111111111111111,1,0,"",,,
6,1,0,13,1,"",WRITEBACK,11111111111111111111111111111111,1,0,"",,,
6,1,0,14,0,"MOV.GTID r1",ISSUE,11111111111111111111111111111111,1,1,"",,,
6,1,0,14,0,"MOV.GTID r1",EXECUTE,11111111111111111111111111111111,1,0,"",,,
7,0,0,6,1,"",WRITEBACK,11111111111111111111111111111111,1,0,"",,,
7,0,0,7,0,"MOV.GTID r1",ISSUE,11111111111111111111111111111111,1,1,"",,,
7,0,0,7,0,"MOV.GTID r1",EXECUTE,11111111111111111111111111111111,1,0,"",,,
7,1,0,14,1,"",WRITEBACK,11111111111111111111111111111111,1,0,"",,,
7,1,0,15,0,"MOV.GTID r1",ISSUE,11111111111111111111111111111111,1,1,"",,,
7,1,0,15,0,"MOV.GTID r1",EXECUTE,11111111111111111111111111111111,1,0,"",,,
8,0,0,7,1,"",WRITEBACK,11111111111111111111111111111111,1,0,"",,,
8,0,0,0,1,"SHL r2, r1, 2",ISSUE,11111111111111111111111111111111,1,1,"",,,
8,0,0,0,1,"SHL r2, r1, 2",EXECUTE,11111111111111111111111111111111,1,0,"",,,
8,1,0,15,1,"",WRITEBACK,11111111111111111111111111111111,1,0,"",,,
8,1,0,8,1,"SHL r2, r1, 2",ISSUE,11111111111111111111111111111111,1,1,"",,,
8,1,0,8,1,"SHL r2, r1, 2",EXECUTE,11111111111111111111111111111111,1,0,"",,,
9,0,0,0,2,"",WRITEBACK,11111111111111111111111111111111,1,0,"",,,
9,0,0,1,1,"SHL r2, r1, 2",ISSUE,11111111111111111111111111111111,1,1,"",,,
9,0,0,1,1,"SHL r2, r1, 2",EXECUTE,11111111111111111111111111111111,1,0,"",,,
9,1,0,8,2,"",WRITEBACK,11111111111111111111111111111111,1,0,"",,,
9,1,0,9,1,"SHL r2, r1, 2",ISSUE,11111111111111111111111111111111,1,1,"",,,
9,1,0,9,1,"SHL r2, r1, 2",EXECUTE,11111111111111111111111111111111,1,0,"",,,
10,0,0,1,2,"",WRITEBACK,11111111111111111111111111111111,1,0,"",,,
10,0,0,2,1,"SHL r2, r1, 2",ISSUE,11111111111111111111111111111111,1,1,"",,,
10,0,0,2,1,"SHL r2, r1, 2",EXECUTE,11111111111111111111111111111111,1,0,"",,,
10,1,0,9,2,"",WRITEBACK,11111111111111111111111111111111,1,0,"",,,
10,1,0,10,1,"SHL r2, r1, 2",ISSUE,11111111111111111111111111111111,1,1,"",,,
10,1,0,10,1,"SHL r2, r1, 2",EXECUTE,11111111111111111111111111111111,1,0,"",,,
11,0,0,2,2,"",WRITEBACK,11111111111111111111111111111111,1,0,"",,,
11,0,0,3,1,"SHL r2, r1, 2",ISSUE,11111111111111111111111111111111,1,1,"",,,
11,0,0,3,1,"SHL r2, r1, 2",EXECUTE,11111111111111111111111111111111,1,0,"",,,
11,1,0,10,2,"",WRITEBACK,11111111111111111111111111111111,1,0,"",,,
11,1,0,11,1,"SHL r2, r1, 2",ISSUE,11111111111111111111111111111111,1,1,"",,,
11,1,0,11,1,"SHL r2, r1, 2",EXECUTE,11111111111111111111111111111111,1,0,"",,,
12,0,0,3,2,"",WRITEBACK,11111111111111111111111111111111,1,0,"",,,
12,0,0,4,1,"SHL r2, r1, 2",ISSUE,11111111111111111111111111111111,1,1,"",,,
12,0,0,4,1,"SHL r2, r1, 2",EXECUTE,11111111111111111111111111111111,1,0,"",,,
12,1,0,11,2,"",WRITEBACK,11111111111111111111111111111111,1,0,"",,,
12,1,0,12,1,"SHL r2, r1, 2",ISSUE,11111111111111111111111111111111,1,1,"",,,
12,1,0,12,1,"SHL r2, r1, 2",EXECUTE,11111111111111111111111111111111,1,0,"",,,
13,0,0,4,2,"",WRITEBACK,11111111111111111111111111111111,1,0,"",,,
13,0,0,5,1,"SHL r2, r1, 2",ISSUE,11111111111111111111111111111111,1,1,"",,,
13,0,0,5,1,"SHL r2, r1, 2",EXECUTE,11111111111111111111111111111111,1,0,"",,,
13,1,0,12,2,"",WRITEBACK,11111111111111111111111111111111,1,0,"",,,
13,1,0,13,1,"SHL r2, r1, 2",ISSUE,11111111111111111111111111111111,1,1,"",,,
13,1,0,13,1,"SHL r2, r1, 2",EXECUTE,11111111111111111111111111111111,1,0,"",,,
14,0,0,5,2,"",WRITEBACK,11111111111111111111111111111111,1,0,"",,,
14,0,0,6,1,"SHL r2, r1, 2",ISSUE,11111111111111111111111111111111,1,1,"",,,
14,0,0,6,1,"SHL r2, r1, 2",EXECUTE,11111111111111111111111111111111,1,0,"",,,
14,1,0,13,2,"",WRITEBACK,11111111111111111111111111111111,1,0,"",,,
14,1,0,14,1,"SHL r2, r1, 2",ISSUE,11111111111111111111111111111111,1,1,"",,,
14,1,0,14,1,"SHL r2, r1, 2",EXECUTE,11111111111111111111111111111111,1,0,"",,,
15,0,0,6,2,"",WRITEBACK,11111111111111111111111111111111,1,0,"",,,
15,0,0,7,1,"SHL r2, r1, 2",ISSUE,11111111111111111111111111111111,1,1,"",,,
15,0,0,7,1,"SHL r2, r1, 2",EXECUTE,11111111111111111111111111111111,1,0,"",,,
15,1,0,14,2,"",WRITEBACK,11111111111111111111111111111111,1,0,"",,,
15,1,0,15,1,"SHL r2, r1, 2",ISSUE,11111111111111111111111111111111,1,1,"",,,
15,1,0,15,1,"SHL r2, r1, 2",EXECUTE,11111111111111111111111111111111,1,0,"",,,
16,0,0,7,2,"",WRITEBACK,11111111111111111111111111111111,1,0,"",,,
16,0,0,0,2,"LD.GLOBAL r3, [r2 + 0]",ISSUE,11111111111111111111111111111111,1,1,"",,,
16,0,0,0,2,"LD.GLOBAL r3, [r2 + 0]",EXECUTE,11111111111111111111111111111111,1,0,"",,,
16,0,0,0,2,"LD.GLOBAL r3, [r2 + 0]",MEMORY_REQUEST,11111111111111111111111111111111,1,0,"",,,
16,1,0,15,2,"",WRITEBACK,11111111111111111111111111111111,1,0,"",,,
16,1,0,8,2,"LD.GLOBAL r3, [r2 + 0]",ISSUE,11111111111111111111111111111111,1,1,"",,,
16,1,0,8,2,"LD.GLOBAL r3, [r2 + 0]",EXECUTE,11111111111111111111111111111111,1,0,"",,,
16,1,0,8,2,"LD.GLOBAL r3, [r2 + 0]",MEMORY_REQUEST,11111111111111111111111111111111,1,0,"",,,
17,0,0,0,3,"",FETCH,11111111111111111111111111111111,0,0,"global memory",,,
17,0,0,1,2,"LD.GLOBAL r3, [r2 + 0]",ISSUE,11111111111111111111111111111111,1,1,"",,,
17,0,0,1,2,"LD.GLOBAL r3, [r2 + 0]",EXECUTE,11111111111111111111111111111111,1,0,"",,,
17,0,0,1,2,"LD.GLOBAL r3, [r2 + 0]",MEMORY_REQUEST,11111111111111111111111111111111,1,0,"",,,
17,1,0,8,3,"",FETCH,11111111111111111111111111111111,0,0,"global memory",,,
17,1,0,9,2,"LD.GLOBAL r3, [r2 + 0]",ISSUE,11111111111111111111111111111111,1,1,"",,,
17,1,0,9,2,"LD.GLOBAL r3, [r2 + 0]",EXECUTE,11111111111111111111111111111111,1,0,"",,,
17,1,0,9,2,"LD.GLOBAL r3, [r2 + 0]",MEMORY_REQUEST,11111111111111111111111111111111,1,0,"",,,
18,0,0,0,3,"",FETCH,11111111111111111111111111111111,0,0,"global memory",,,
18,0,0,1,3,"",FETCH,11111111111111111111111111111111,0,0,"global memory",,,
18,0,0,2,2,"LD.GLOBAL r3, [r2 + 0]",ISSUE,11111111111111111111111111111111,1,1,"",,,
18,0,0,2,2,"LD.GLOBAL r3, [r2 + 0]",EXECUTE,11111111111111111111111111111111,1,0,"",,,
18,0,0,2,2,"LD.GLOBAL r3, [r2 + 0]",MEMORY_REQUEST,11111111111111111111111111111111,1,0,"",,,
18,1,0,8,3,"",FETCH,11111111111111111111111111111111,0,0,"global memory",,,
18,1,0,9,3,"",FETCH,11111111111111111111111111111111,0,0,"global memory",,,
18,1,0,10,2,"LD.GLOBAL r3, [r2 + 0]",ISSUE,11111111111111111111111111111111,1,1,"",,,
18,1,0,10,2,"LD.GLOBAL r3, [r2 + 0]",EXECUTE,11111111111111111111111111111111,1,0,"",,,
18,1,0,10,2,"LD.GLOBAL r3, [r2 + 0]",MEMORY_REQUEST,11111111111111111111111111111111,1,0,"",,,
19,0,0,0,3,"",FETCH,11111111111111111111111111111111,0,0,"global memory",,,
19,0,0,1,3,"",FETCH,11111111111111111111111111111111,0,0,"global memory",,,
19,0,0,2,3,"",FETCH,11111111111111111111111111111111,0,0,"global memory",,,
19,0,0,3,2,"LD.GLOBAL r3, [r2 + 0]",ISSUE,11111111111111111111111111111111,1,1,"",,,
19,0,0,3,2,"LD.GLOBAL r3, [r2 + 0]",EXECUTE,11111111111111111111111111111111,1,0,"",,,
19,0,0,3,2,"LD.GLOBAL r3, [r2 + 0]",MEMORY_REQUEST,11111111111111111111111111111111,1,0,"",,,
19,1,0,8,3,"",FETCH,11111111111111111111111111111111,0,0,"global memory",,,
19,1,0,9,3,"",FETCH,11111111111111111111111111111111,0,0,"global memory",,,
19,1,0,10,3,"",FETCH,11111111111111111111111111111111,0,0,"global memory",,,
19,1,0,11,2,"LD.GLOBAL r3, [r2 + 0]",ISSUE,11111111111111111111111111111111,1,1,"",,,
19,1,0,11,2,"LD.GLOBAL r3, [r2 + 0]",EXECUTE,11111111111111111111111111111111,1,0,"",,,
19,1,0,11,2,"LD.GLOBAL r3, [r2 + 0]",MEMORY_REQUEST,11111111111111111111111111111111,1,0,"",,,
20,0,0,0,3,"",FETCH,11111111111111111111111111111111,0,0,"global memory",,,
20,0,0,1,3,"",FETCH,11111111111111111111111111111111,0,0,"global memory",,,
20,0,0,2,3,"",FETCH,11111111111111111111111111111111,0,0,"global memory",,,
20,0,0,3,3,"",FETCH,11111111111111111111111111111111,0,0,"global memory",,,
20,0,0,4,2,"LD.GLOBAL r3, [r2 + 0]",ISSUE,11111111111111111111111111111111,1,1,"",,,
20,0,0,4,2,"LD.GLOBAL r3, [r2 + 0]",EXECUTE,11111111111111111111111111111111,1,0,"",,,
20,0,0,4,2,"LD.GLOBAL r3, [r2 + 0]",MEMORY_REQUEST,11111111111111111111111111111111,1,0,"",,,
20,1,0,8,3,"",FETCH,11111111111111111111111111111111,0,0,"global memory",,,
20,1,0,9,3,"",FETCH,11111111111111111111111111111111,0,0,"global memory",,,
20,1,0,10,3,"",FETCH,11111111111111111111111111111111,0,0,"global memory",,,
20,1,0,11,3,"",FETCH,11111111111111111111111111111111,0,0,"global memory",,,
20,1,0,12,2,"LD.GLOBAL r3, [r2 + 0]",ISSUE,11111111111111111111111111111111,1,1,"",,,
20,1,0,12,2,"LD.GLOBAL r3, [r2 + 0]",EXECUTE,11111111111111111111111111111111,1,0,"",,,
20,1,0,12,2,"LD.GLOBAL r3, [r2 + 0]",MEMORY_REQUEST,11111111111111111111111111111111,1,0,"",,,
21,0,0,0,3,"",FETCH,11111111111111111111111111111111,0,0,"global memory",,,
21,0,0,1,3,"",FETCH,11111111111111111111111111111111,0,0,"global memory",,,
21,0,0,2,3,"",FETCH,11111111111111111111111111111111,0,0,"global memory",,,
21,0,0,3,3,"",FETCH,11111111111111111111111111111111,0,0,"global memory",,,
21,0,0,4,3,"",FETCH,11111111111111111111111111111111,0,0,"global memory",,,
21,0,0,5,2,"LD.GLOBAL r3, [r2 + 0]",ISSUE,11111111111111111111111111111111,1,1,"",,,
21,0,0,5,2,"LD.GLOBAL r3, [r2 + 0]",EXECUTE,11111111111111111111111111111111,1,0,"",,,
21,0,0,5,2,"LD.GLOBAL r3, [r2 + 0]",MEMORY_REQUEST,11111111111111111111111111111111,1,0,"",,,
21,1,0,8,3,"",FETCH,11111111111111111111111111111111,0,0,"global memory",,,
21,1,0,9,3,"",FETCH,11111111111111111111111111111111,0,0,"global memory",,,
21,1,0,10,3,"",FETCH,11111111111111111111111111111111,0,0,"global memory",,,
21,1,0,11,3,"",FETCH,11111111111111111111111111111111,0,0,"global memory",,,
21,1,0,12,3,"",FETCH,11111111111111111111111111111111,0,0,"global memory",,,
21,1,0,13,2,"LD.GLOBAL r3, [r2 + 0]",ISSUE,11111111111111111111111111111111,1,1,"",,,
21,1,0,13,2,"LD.GLOBAL r3, [r2 + 0]",EXECUTE,11111111111111111111111111111111,1,0,"",,,
21,1,0,13,2,"LD.GLOBAL r3, [r2 + 0]",MEMORY_REQUEST,11111111111111111111111111111111,1,0,"",,,
22,0,0,0,3,"",FETCH,11111111111111111111111111111111,0,0,"global memory",,,
22,0,0,1,3,"",FETCH,11111111111111111111111111111111,0,0,"global memory",,,
22,0,0,2,3,"",FETCH,11111111111111111111111111111111,0,0,"global memory",,,
22,0,0,3,3,"",FETCH,11111111111111111111111111111111,0,0,"global memory",,,
22,0,0,4,3,"",FETCH,11111111111111111111111111111111,0,0,"global memory",,,
22,0,0,5,3,"",FETCH,11111111111111111111111111111111,0,0,"global memory",,,
22,0,0,6,2,"LD.GLOBAL r3, [r2 + 0]",ISSUE,11111111111111111111111111111111,1,1,"",,,
22,0,0,6,2,"LD.GLOBAL r3, [r2 + 0]",EXECUTE,11111111111111111111111111111111,1,0,"",,,
22,0,0,6,2,"LD.GLOBAL r3, [r2 + 0]",MEMORY_REQUEST,11111111111111111111111111111111,1,0,"",,,
22,1,0,8,3,"",FETCH,11111111111111111111111111111111,0,0,"global memory",,,
22,1,0,9,3,"",FETCH,11111111111111111111111111111111,0,0,"global memory",,,
22,1,0,10,3,"",FETCH,11111111111111111111111111111111,0,0,"global memory",,,
22,1,0,11,3,"",FETCH,11111111111111111111111111111111,0,0,"global memory",,,
22,1,0,12,3,"",FETCH,11111111111111111111111111111111,0,0,"global memory",,,
22,1,0,13,3,"",FETCH,11111111111111111111111111111111,0,0,"global memory",,,
22,1,0,14,2,"LD.GLOBAL r3, [r2 + 0]",ISSUE,11111111111111111111111111111111,1,1,"",,,
22,1,0,14,2,"LD.GLOBAL r3, [r2 + 0]",EXECUTE,11111111111111111111111111111111,1,0,"",,,
22,1,0,14,2,"LD.GLOBAL r3, [r2 + 0]",MEMORY_REQUEST,11111111111111111111111111111111,1,0,"",,,
23,0,0,0,3,"",FETCH,11111111111111111111111111111111,0,0,"global memory",,,
23,0,0,1,3,"",FETCH,11111111111111111111111111111111,0,0,"global memory",,,
23,0,0,2,3,"",FETCH,11111111111111111111111111111111,0,0,"global memory",,,
23,0,0,3,3,"",FETCH,11111111111111111111111111111111,0,0,"global memory",,,
23,0,0,4,3,"",FETCH,11111111111111111111111111111111,0,0,"global memory",,,
23,0,0,5,3,"",FETCH,11111111111111111111111111111111,0,0,"global memory",,,
23,0,0,6,3,"",FETCH,11111111111111111111111111111111,0,0,"global memory",,,
23,0,0,7,2,"LD.GLOBAL r3, [r2 + 0]",ISSUE,11111111111111111111111111111111,1,1,"",,,
23,0,0,7,2,"LD.GLOBAL r3, [r2 + 0]",EXECUTE,11111111111111111111111111111111,1,0,"",,,
23,0,0,7,2,"LD.GLOBAL r3, [r2 + 0]",MEMORY_REQUEST,11111111111111111111111111111111,1,0,"",,,
23,1,0,8,3,"",FETCH,11111111111111111111111111111111,0,0,"global memory",,,
23,1,0,9,3,"",FETCH,11111111111111111111111111111111,0,0,"global memory",,,
23,1,0,10,3,"",FETCH,11111111111111111111111111111111,0,0,"global memory",,,
23,1,0,11,3,"",FETCH,11111111111111111111111111111111,0,0,"global memory",,,
23,1,0,12,3,"",FETCH,11111111111111111111111111111111,0,0,"global memory",,,
23,1,0,13,3,"",FETCH,11111111111111111111111111111111,0,0,"global memory",,,
23,1,0,14,3,"",FETCH,11111111111111111111111111111111,0,0,"global memory",,,
23,1,0,15,2,"LD.GLOBAL r3, [r2 + 0]",ISSUE,11111111111111111111111111111111,1,1,"",,,
23,1,0,15,2,"LD.GLOBAL r3, [r2 + 0]",EXECUTE,11111111111111111111111111111111,1,0,"",,,
23,1,0,15,2,"LD.GLOBAL r3, [r2 + 0]",MEMORY_REQUEST,11111111111111111111111111111111,1,0,"",,,
24,0,0,0,3,"",FETCH,11111111111111111111111111111111,0,0,"global memory",,,
24,0,0,1,3,"",FETCH,11111111111111111111111111111111,0,0,"global memory",,,
24,0,0,2,3,"",FETCH,11111111111111111111111111111111,0,0,"global memory",,,
24,0,0,3,3,"",FETCH,11111111111111111111111111111111,0,0,"global memory",,,
24,0,0,4,3,"",FETCH,11111111111111111111111111111111,0,0,"global memory",,,
24,0,0,5,3,"",FETCH,11111111111111111111111111111111,0,0,"global memory",,,
24,0,0,6,3,"",FETCH,11111111111111111111111111111111,0,0,"global memory",,,
24,0,0,7,3,"",FETCH,11111111111111111111111111111111,0,0,"global memory",,,
24,1,0,8,3,"",FETCH,11111111111111111111111111111111,0,0,"global memory",,,
24,1,0,9,3,"",FETCH,11111111111111111111111111111111,0,0,"global memory",,,
24,1,0,10,3,"",FETCH,11111111111111111111111111111111,0,0,"global memory",,,
24,1,0,11,3,"",FETCH,11111111111111111111111111111111,0,0,"global memory",,,
24,1,0,12,3,"",FETCH,11111111111111111111111111111111,0,0,"global memory",,,
24,1,0,13,3,"",FETCH,11111111111111111111111111111111,0,0,"global memory",,,
24,1,0,14,3,"",FETCH,11111111111111111111111111111111,0,0,"global memory",,,
24,1,0,15,3,"",FETCH,11111111111111111111111111111111,0,0,"global memory",,,
25,0,0,0,3,"",FETCH,11111111111111111111111111111111,0,0,"global memory",,,
25,0,0,1,3,"",FETCH,11111111111111111111111111111111,0,0,"global memory",,,
25,0,0,2,3,"",FETCH,11111111111111111111111111111111,0,0,"global memory",,,
25,0,0,3,3,"",FETCH,11111111111111111111111111111111,0,0,"global memory",,,
25,0,0,4,3,"",FETCH,11111111111111111111111111111111,0,0,"global memory",,,
25,0,0,5,3,"",FETCH,11111111111111111111111111111111,0,0,"global memory",,,
25,0,0,6,3,"",FETCH,11111111111111111111111111111111,0,0,"global memory",,,
25,0,0,7,3,"",FETCH,11111111111111111111111111111111,0,0,"global memory",,,
25,1,0,8,3,"",FETCH,11111111111111111111111111111111,0,0,"global memory",,,
25,1,0,9,3,"",FETCH,11111111111111111111111111111111,0,0,"global memory",,,
25,1,0,10,3,"",FETCH,11111111111111111111111111111111,0,0,"global memory",,,
25,1,0,11,3,"",FETCH,11111111111111111111111111111111,0,0,"global memory",,,
25,1,0,12,3,"",FETCH,11111111111111111111111111111111,0,0,"global memory",,,
25,1,0,13,3,"",FETCH,11111111111111111111111111111111,0,0,"global memory",,,
25,1,0,14,3,"",FETCH,11111111111111111111111111111111,0,0,"global memory",,,
25,1,0,15,3,"",FETCH,11111111111111111111111111111111,0,0,"global memory",,,
26,0,0,0,3,"",FETCH,11111111111111111111111111111111,0,0,"global memory",,,
26,0,0,1,3,"",FETCH,11111111111111111111111111111111,0,0,"global memory",,,
26,0,0,2,3,"",FETCH,11111111111111111111111111111111,0,0,"global memory",,,
26,0,0,3,3,"",FETCH,11111111111111111111111111111111,0,0,"global memory",,,
26,0,0,4,3,"",FETCH,11111111111111111111111111111111,0,0,"global memory",,,
26,0,0,5,3,"",FETCH,11111111111111111111111111111111,0,0,"global memory",,,
26,0,0,6,3,"",FETCH,11111111111111111111111111111111,0,0,"global memory",,,
26,0,0,7,3,"",FETCH,11111111111111111111111111111111,0,0,"global memory",,,
26,1,0,8,3,"",FETCH,11111111111111111111111111111111,0,0,"global memory",,,
26,1,0,9,3,"",FETCH,11111111111111111111111111111111,0,0,"global memory",,,
26,1,0,10,3,"",FETCH,11111111111111111111111111111111,0,0,"global memory",,,
26,1,0,11,3,"",FETCH,11111111111111111111111111111111,0,0,"global memory",,,
26,1,0,12,3,"",FETCH,11111111111111111111111111111111,0,0,"global memory",,,
26,1,0,13,3,"",FETCH,11111111111111111111111111111111,0,0,"global memory",,,
26,1,0,14,3,"",FETCH,11111111111111111111111111111111,0,0,"global memory",,,
26,1,0,15,3,"",FETCH,11111111111111111111111111111111,0,0,"global memory",,,
27,0,0,0,3,"",FETCH,11111111111111111111111111111111,0,0,"global memory",,,
27,0,0,1,3,"",FETCH,11111111111111111111111111111111,0,0,"global memory",,,
27,0,0,2,3,"",FETCH,11111111111111111111111111111111,0,0,"global memory",,,
27,0,0,3,3,"",FETCH,11111111111111111111111111111111,0,0,"global memory",,,
27,0,0,4,3,"",FETCH,11111111111111111111111111111111,0,0,"global memory",,,
27,0,0,5,3,"",FETCH,11111111111111111111111111111111,0,0,"global memory",,,
27,0,0,6,3,"",FETCH,11111111111111111111111111111111,0,0,"global memory",,,
27,0,0,7,3,"",FETCH,11111111111111111111111111111111,0,0,"global memory",,,
27,1,0,8,3,"",FETCH,11111111111111111111111111111111,0,0,"global memory",,,
27,1,0,9,3,"",FETCH,11111111111111111111111111111111,0,0,"global memory",,,
27,1,0,10,3,"",FETCH,11111111111111111111111111111111,0,0,"global memory",,,
27,1,0,11,3,"",FETCH,11111111111111111111111111111111,0,0,"global memory",,,
27,1,0,12,3,"",FETCH,11111111111111111111111111111111,0,0,"global memory",,,
27,1,0,13,3,"",FETCH,11111111111111111111111111111111,0,0,"global memory",,,
27,1,0,14,3,"",FETCH,11111111111111111111111111111111,0,0,"global memory",,,
27,1,0,15,3,"",FETCH,11111111111111111111111111111111,0,0,"global memory",,,
28,0,0,0,3,"",FETCH,11111111111111111111111111111111,0,0,"global memory",,,
28,0,0,1,3,"",FETCH,11111111111111111111111111111111,0,0,"global memory",,,
28,0,0,2,3,"",FETCH,11111111111111111111111111111111,0,0,"global memory",,,
28,0,0,3,3,"",FETCH,11111111111111111111111111111111,0,0,"global memory",,,
28,0,0,4,3,"",FETCH,11111111111111111111111111111111,0,0,"global memory",,,
28,0,0,5,3,"",FETCH,11111111111111111111111111111111,0,0,"global memory",,,
28,0,0,6,3,"",FETCH,11111111111111111111111111111111,0,0,"global memory",,,
28,0,0,7,3,"",FETCH,11111111111111111111111111111111,0,0,"global memory",,,
28,1,0,8,3,"",FETCH,11111111111111111111111111111111,0,0,"global memory",,,
28,1,0,9,3,"",FETCH,11111111111111111111111111111111,0,0,"global memory",,,
28,1,0,10,3,"",FETCH,11111111111111111111111111111111,0,0,"global memory",,,
28,1,0,11,3,"",FETCH,11111111111111111111111111111111,0,0,"global memory",,,
28,1,0,12,3,"",FETCH,11111111111111111111111111111111,0,0,"global memory",,,
28,1,0,13,3,"",FETCH,11111111111111111111111111111111,0,0,"global memory",,,
28,1,0,14,3,"",FETCH,11111111111111111111111111111111,0,0,"global memory",,,
28,1,0,15,3,"",FETCH,11111111111111111111111111111111,0,0,"global memory",,,
29,0,0,0,3,"",FETCH,11111111111111111111111111111111,0,0,"global memory",,,
29,0,0,1,3,"",FETCH,11111111111111111111111111111111,0,0,"global memory",,,
29,0,0,2,3,"",FETCH,11111111111111111111111111111111,0,0,"global memory",,,
29,0,0,3,3,"",FETCH,11111111111111111111111111111111,0,0,"global memory",,,
29,0,0,4,3,"",FETCH,11111111111111111111111111111111,0,0,"global memory",,,
29,0,0,5,3,"",FETCH,11111111111111111111111111111111,0,0,"global memory",,,
29,0,0,6,3,"",FETCH,11111111111111111111111111111111,0,0,"global memory",,,
29,0,0,7,3,"",FETCH,11111111111111111111111111111111,0,0,"global memory",,,
29,1,0,8,3,"",FETCH,11111111111111111111111111111111,0,0,"global memory",,,
29,1,0,9,3,"",FETCH,11111111111111111111111111111111,0,0,"global memory",,,
29,1,0,10,3,"",FETCH,11111111111111111111111111111111,0,0,"global memory",,,
29,1,0,11,3,"",FETCH,11111111111111111111111111111111,0,0,"global memory",,,
29,1,0,12,3,"",FETCH,11111111111111111111111111111111,0,0,"global memory",,,
29,1,0,13,3,"",FETCH,11111111111111111111111111111111,0,0,"global memory",,,
29,1,0,14,3,"",FETCH,11111111111111111111111111111111,0,0,"global memory",,,
29,1,0,15,3,"",FETCH,11111111111111111111111111111111,0,0,"global memory",,,
30,0,0,0,3,"",FETCH,11111111111111111111111111111111,0,0,"global memory",,,
30,0,0,1,3,"",FETCH,11111111111111111111111111111111,0,0,"global memory",,,
30,0,0,2,3,"",FETCH,11111111111111111111111111111111,0,0,"global memory",,,
30,0,0,3,3,"",FETCH,11111111111111111111111111111111,0,0,"global memory",,,
30,0,0,4,3,"",FETCH,11111111111111111111111111111111,0,0,"global memory",,,
30,0,0,5,3,"",FETCH,11111111111111111111111111111111,0,0,"global memory",,,
30,0,0,6,3,"",FETCH,11111111111111111111111111111111,0,0,"global memory",,,
30,0,0,7,3,"",FETCH,11111111111111111111111111111111,0,0,"global memory",,,
30,1,0,8,3,"",FETCH,11111111111111111111111111111111,0,0,"global memory",,,
30,1,0,9,3,"",FETCH,11111111111111111111111111111111,0,0,"global memory",,,
30,1,0,10,3,"",FETCH,11111111111111111111111111111111,0,0,"global memory",,,
30,1,0,11,3,"",FETCH,11111111111111111111111111111111,0,0,"global memory",,,
30,1,0,12,3,"",FETCH,11111111111111111111111111111111,0,0,"global memory",,,
30,1,0,13,3,"",FETCH,11111111111111111111111111111111,0,0,"global memory",,,
30,1,0,14,3,"",FETCH,11111111111111111111111111111111,0,0,"global memory",,,
30,1,0,15,3,"",FETCH,11111111111111111111111111111111,0,0,"global memory",,,
31,0,0,0,3,"",FETCH,11111111111111111111111111111111,0,0,"global memory",,,
31,0,0,1,3,"",FETCH,11111111111111111111111111111111,0,0,"global memory",,,
31,0,0,2,3,"",FETCH,11111111111111111111111111111111,0,0,"global memory",,,
31,0,0,3,3,"",FETCH,11111111111111111111111111111111,0,0,"global memory",,,
31,0,0,4,3,"",FETCH,11111111111111111111111111111111,0,0,"global memory",,,
31,0,0,5,3,"",FETCH,11111111111111111111111111111111,0,0,"global memory",,,
31,0,0,6,3,"",FETCH,11111111111111111111111111111111,0,0,"global memory",,,
31,0,0,7,3,"",FETCH,11111111111111111111111111111111,0,0,"global memory",,,
31,1,0,8,3,"",FETCH,11111111111111111111111111111111,0,0,"global memory",,,
31,1,0,9,3,"",FETCH,11111111111111111111111111111111,0,0,"global memory",,,
31,1,0,10,3,"",FETCH,11111111111111111111111111111111,0,0,"global memory",,,
31,1,0,11,3,"",FETCH,11111111111111111111111111111111,0,0,"global memory",,,
31,1,0,12,3,"",FETCH,11111111111111111111111111111111,0,0,"global memory",,,
31,1,0,13,3,"",FETCH,11111111111111111111111111111111,0,0,"global memory",,,
31,1,0,14,3,"",FETCH,11111111111111111111111111111111,0,0,"global memory",,,
31,1,0,15,3,"",FETCH,11111111111111111111111111111111,0,0,"global memory",,,
32,0,0,0,3,"",FETCH,11111111111111111111111111111111,0,0,"global memory",,,
32,0,0,1,3,"",FETCH,11111111111111111111111111111111,0,0,"global memory",,,
32,0,0,2,3,"",FETCH,11111111111111111111111111111111,0,0,"global memory",,,
32,0,0,3,3,"",FETCH,11111111111111111111111111111111,0,0,"global memory",,,
32,0,0,4,3,"",FETCH,11111111111111111111111111111111,0,0,"global memory",,,
32,0,0,5,3,"",FETCH,11111111111111111111111111111111,0,0,"global memory",,,
32,0,0,6,3,"",FETCH,11111111111111111111111111111111,0,0,"global memory",,,
32,0,0,7,3,"",FETCH,11111111111111111111111111111111,0,0,"global memory",,,
32,1,0,8,3,"",FETCH,11111111111111111111111111111111,0,0,"global memory",,,
32,1,0,9,3,"",FETCH,11111111111111111111111111111111,0,0,"global memory",,,
32,1,0,10,3,"",FETCH,11111111111111111111111111111111,0,0,"global memory",,,
32,1,0,11,3,"",FETCH,11111111111111111111111111111111,0,0,"global memory",,,
32,1,0,12,3,"",FETCH,11111111111111111111111111111111,0,0,"global memory",,,
32,1,0,13,3,"",FETCH,11111111111111111111111111111111,0,0,"global memory",,,
32,1,0,14,3,"",FETCH,11111111111111111111111111111111,0,0,"global memory",,,
32,1,0,15,3,"",FETCH,11111111111111111111111111111111,0,0,"global memory",,,
33,0,0,0,3,"",FETCH,11111111111111111111111111111111,0,0,"global memory",,,
33,0,0,1,3,"",FETCH,11111111111111111111111111111111,0,0,"global memory",,,
33,0,0,2,3,"",FETCH,11111111111111111111111111111111,0,0,"global memory",,,
33,0,0,3,3,"",FETCH,11111111111111111111111111111111,0,0,"global memory",,,
33,0,0,4,3,"",FETCH,11111111111111111111111111111111,0,0,"global memory",,,
33,0,0,5,3,"",FETCH,11111111111111111111111111111111,0,0,"global memory",,,
33,0,0,6,3,"",FETCH,11111111111111111111111111111111,0,0,"global memory",,,
33,0,0,7,3,"",FETCH,11111111111111111111111111111111,0,0,"global memory",,,
33,1,0,8,3,"",FETCH,11111111111111111111111111111111,0,0,"global memory",,,
33,1,0,9,3,"",FETCH,11111111111111111111111111111111,0,0,"global memory",,,
33,1,0,10,3,"",FETCH,11111111111111111111111111111111,0,0,"global memory",,,
33,1,0,11,3,"",FETCH,11111111111111111111111111111111,0,0,"global memory",,,
33,1,0,12,3,"",FETCH,11111111111111111111111111111111,0,0,"global memory",,,
33,1,0,13,3,"",FETCH,11111111111111111111111111111111,0,0,"global memory",,,
33,1,0,14,3,"",FETCH,11111111111111111111111111111111,0,0,"global memory",,,
33,1,0,15,3,"",FETCH,11111111111111111111111111111111,0,0,"global memory",,,
34,0,0,0,3,"",FETCH,11111111111111111111111111111111,0,0,"global memory",,,
34,0,0,1,3,"",FETCH,11111111111111111111111111111111,0,0,"global memory",,,
34,0,0,2,3,"",FETCH,11111111111111111111111111111111,0,0,"global memory",,,
34,0,0,3,3,"",FETCH,11111111111111111111111111111111,0,0,"global memory",,,
34,0,0,4,3,"",FETCH,11111111111111111111111111111111,0,0,"global memory",,,
34,0,0,5,3,"",FETCH,11111111111111111111111111111111,0,0,"global memory",,,
34,0,0,6,3,"",FETCH,11111111111111111111111111111111,0,0,"global memory",,,
34,0,0,7,3,"",FETCH,11111111111111111111111111111111,0,0,"global memory",,,
34,1,0,8,3,"",FETCH,11111111111111111111111111111111,0,0,"global memory",,,
34,1,0,9,3,"",FETCH,11111111111111111111111111111111,0,0,"global memory",,,
34,1,0,10,3,"",FETCH,11111111111111111111111111111111,0,0,"global memory",,,
34,1,0,11,3,"",FETCH,11111111111111111111111111111111,0,0,"global memory",,,
34,1,0,12,3,"",FETCH,11111111111111111111111111111111,0,0,"global memory",,,
34,1,0,13,3,"",FETCH,11111111111111111111111111111111,0,0,"global memory",,,
34,1,0,14,3,"",FETCH,11111111111111111111111111111111,0,0,"global memory",,,
34,1,0,15,3,"",FETCH,11111111111111111111111111111111,0,0,"global memory",,,
35,0,0,0,3,"",FETCH,11111111111111111111111111111111,0,0,"global memory",,,
35,0,0,1,3,"",FETCH,11111111111111111111111111111111,0,0,"global memory",,,
35,0,0,2,3,"",FETCH,11111111111111111111111111111111,0,0,"global memory",,,
35,0,0,3,3,"",FETCH,11111111111111111111111111111111,0,0,"global memory",,,
35,0,0,4,3,"",FETCH,11111111111111111111111111111111,0,0,"global memory",,,
35,0,0,5,3,"",FETCH,11111111111111111111111111111111,0,0,"global memory",,,
35,0,0,6,3,"",FETCH,11111111111111111111111111111111,0,0,"global memory",,,
35,0,0,7,3,"",FETCH,11111111111111111111111111111111,0,0,"global memory",,,
35,1,0,8,3,"",FETCH,11111111111111111111111111111111,0,0,"global memory",,,
35,1,0,9,3,"",FETCH,11111111111111111111111111111111,0,0,"global memory",,,
35,1,0,10,3,"",FETCH,11111111111111111111111111111111,0,0,"global memory",,,
35,1,0,11,3,"",FETCH,11111111111111111111111111111111,0,0,"global memory",,,
35,1,0,12,3,"",FETCH,11111111111111111111111111111111,0,0,"global memory",,,
35,1,0,13,3,"",FETCH,11111111111111111111111111111111,0,0,"global memory",,,
35,1,0,14,3,"",FETCH,11111111111111111111111111111111,0,0,"global memory",,,
35,1,0,15,3,"",FETCH,11111111111111111111111111111111,0,0,"global memory",,,
36,0,0,0,3,"",FETCH,11111111111111111111111111111111,0,0,"global memory",,,
36,0,0,1,3,"",FETCH,11111111111111111111111111111111,0,0,"global memory",,,
36,0,0,2,3,"",FETCH,11111111111111111111111111111111,0,0,"global memory",,,
36,0,0,3,3,"",FETCH,11111111111111111111111111111111,0,0,"global memory",,,
36,0,0,4,3,"",FETCH,11111111111111111111111111111111,0,0,"global memory",,,
36,0,0,5,3,"",FETCH,11111111111111111111111111111111,0,0,"global memory",,,
36,0,0,6,3,"",FETCH,11111111111111111111111111111111,0,0,"global memory",,,
36,0,0,7,3,"",FETCH,11111111111111111111111111111111,0,0,"global memory",,,
36,1,0,8,3,"",FETCH,11111111111111111111111111111111,0,0,"global memory",,,
36,1,0,9,3,"",FETCH,11111111111111111111111111111111,0,0,"global memory",,,
36,1,0,10,3,"",FETCH,11111111111111111111111111111111,0,0,"global memory",,,
36,1,0,11,3,"",FETCH,11111111111111111111111111111111,0,0,"global memory",,,
36,1,0,12,3,"",FETCH,11111111111111111111111111111111,0,0,"global memory",,,
36,1,0,13,3,"",FETCH,11111111111111111111111111111111,0,0,"global memory",,,
36,1,0,14,3,"",FETCH,11111111111111111111111111111111,0,0,"global memory",,,
36,1,0,15,3,"",FETCH,11111111111111111111111111111111,0,0,"global memory",,,
37,0,0,0,3,"",FETCH,11111111111111111111111111111111,0,0,"global memory",,,
37,0,0,1,3,"",FETCH,11111111111111111111111111111111,0,0,"global memory",,,
37,0,0,2,3,"",FETCH,11111111111111111111111111111111,0,0,"global memory",,,
37,0,0,3,3,"",FETCH,11111111111111111111111111111111,0,0,"global memory",,,
37,0,0,4,3,"",FETCH,11111111111111111111111111111111,0,0,"global memory",,,
37,0,0,5,3,"",FETCH,11111111111111111111111111111111,0,0,"global memory",,,
37,0,0,6,3,"",FETCH,11111111111111111111111111111111,0,0,"global memory",,,
37,0,0,7,3,"",FETCH,11111111111111111111111111111111,0,0,"global memory",,,
37,1,0,8,3,"",FETCH,11111111111111111111111111111111,0,0,"global memory",,,
37,1,0,9,3,"",FETCH,11111111111111111111111111111111,0,0,"global memory",,,
37,1,0,10,3,"",FETCH,11111111111111111111111111111111,0,0,"global memory",,,
37,1,0,11,3,"",FETCH,11111111111111111111111111111111,0,0,"global memory",,,
37,1,0,12,3,"",FETCH,11111111111111111111111111111111,0,0,"global memory",,,
37,1,0,13,3,"",FETCH,11111111111111111111111111111111,0,0,"global memory",,,
37,1,0,14,3,"",FETCH,11111111111111111111111111111111,0,0,"global memory",,,
37,1,0,15,3,"",FETCH,11111111111111111111111111111111,0,0,"global memory",,,
38,0,0,0,3,"",FETCH,11111111111111111111111111111111,0,0,"global memory",,,
38,0,0,1,3,"",FETCH,11111111111111111111111111111111,0,0,"global memory",,,
38,0,0,2,3,"",FETCH,11111111111111111111111111111111,0,0,"global memory",,,
38,0,0,3,3,"",FETCH,11111111111111111111111111111111,0,0,"global memory",,,
38,0,0,4,3,"",FETCH,11111111111111111111111111111111,0,0,"global memory",,,
38,0,0,5,3,"",FETCH,11111111111111111111111111111111,0,0,"global memory",,,
38,0,0,6,3,"",FETCH,11111111111111111111111111111111,0,0,"global memory",,,
38,0,0,7,3,"",FETCH,11111111111111111111111111111111,0,0,"global memory",,,
38,1,0,8,3,"",FETCH,11111111111111111111111111111111,0,0,"global memory",,,
38,1,0,9,3,"",FETCH,11111111111111111111111111111111,0,0,"global memory",,,
38,1,0,10,3,"",FETCH,11111111111111111111111111111111,0,0,"global memory",,,
38,1,0,11,3,"",FETCH,11111111111111111111111111111111,0,0,"global memory",,,
38,1,0,12,3,"",FETCH,11111111111111111111111111111111,0,0,"global memory",,,
38,1,0,13,3,"",FETCH,11111111111111111111111111111111,0,0,"global memory",,,
38,1,0,14,3,"",FETCH,11111111111111111111111111111111,0,0,"global memory",,,
38,1,0,15,3,"",FETCH,11111111111111111111111111111111,0,0,"global memory",,,
39,0,0,0,3,"",FETCH,11111111111111111111111111111111,0,0,"global memory",,,
39,0,0,1,3,"",FETCH,11111111111111111111111111111111,0,0,"global memory",,,
39,0,0,2,3,"",FETCH,11111111111111111111111111111111,0,0,"global memory",,,
39,0,0,3,3,"",FETCH,11111111111111111111111111111111,0,0,"global memory",,,
39,0,0,4,3,"",FETCH,11111111111111111111111111111111,0,0,"global memory",,,
39,0,0,5,3,"",FETCH,11111111111111111111111111111111,0,0,"global memory",,,
39,0,0,6,3,"",FETCH,11111111111111111111111111111111,0,0,"global memory",,,
39,0,0,7,3,"",FETCH,11111111111111111111111111111111,0,0,"global memory",,,
39,1,0,8,3,"",FETCH,11111111111111111111111111111111,0,0,"global memory",,,
39,1,0,9,3,"",FETCH,11111111111111111111111111111111,0,0,"global memory",,,
39,1,0,10,3,"",FETCH,11111111111111111111111111111111,0,0,"global memory",,,
39,1,0,11,3,"",FETCH,11111111111111111111111111111111,0,0,"global memory",,,
39,1,0,12,3,"",FETCH,11111111111111111111111111111111,0,0,"global memory",,,
39,1,0,13,3,"",FETCH,11111111111111111111111111111111,0,0,"global memory",,,
39,1,0,14,3,"",FETCH,11111111111111111111111111111111,0,0,"global memory",,,
39,1,0,15,3,"",FETCH,11111111111111111111111111111111,0,0,"global memory",,,
40,0,0,0,3,"",FETCH,11111111111111111111111111111111,0,0,"global memory",,,
40,0,0,1,3,"",FETCH,11111111111111111111111111111111,0,0,"global memory",,,
40,0,0,2,3,"",FETCH,11111111111111111111111111111111,0,0,"global memory",,,
40,0,0,3,3,"",FETCH,11111111111111111111111111111111,0,0,"global memory",,,
40,0,0,4,3,"",FETCH,11111111111111111111111111111111,0,0,"global memory",,,
40,0,0,5,3,"",FETCH,11111111111111111111111111111111,0,0,"global memory",,,
40,0,0,6,3,"",FETCH,11111111111111111111111111111111,0,0,"global memory",,,
40,0,0,7,3,"",FETCH,11111111111111111111111111111111,0,0,"global memory",,,
40,1,0,8,3,"",FETCH,11111111111111111111111111111111,0,0,"global memory",,,
40,1,0,9,3,"",FETCH,11111111111111111111111111111111,0,0,"global memory",,,
40,1,0,10,3,"",FETCH,11111111111111111111111111111111,0,0,"global memory",,,
40,1,0,11,3,"",FETCH,11111111111111111111111111111111,0,0,"global memory",,,
40,1,0,12,3,"",FETCH,11111111111111111111111111111111,0,0,"global memory",,,
40,1,0,13,3,"",FETCH,11111111111111111111111111111111,0,0,"global memory",,,
40,1,0,14,3,"",FETCH,11111111111111111111111111111111,0,0,"global memory",,,
40,1,0,15,3,"",FETCH,11111111111111111111111111111111,0,0,"global memory",,,
41,0,0,0,3,"",FETCH,11111111111111111111111111111111,0,0,"global memory",,,
41,0,0,1,3,"",FETCH,11111111111111111111111111111111,0,0,"global memory",,,
41,0,0,2,3,"",FETCH,11111111111111111111111111111111,0,0,"global memory",,,
41,0,0,3,3,"",FETCH,11111111111111111111111111111111,0,0,"global memory",,,
41,0,0,4,3,"",FETCH,11111111111111111111111111111111,0,0,"global memory",,,
41,0,0,5,3,"",FETCH,11111111111111111111111111111111,0,0,"global memory",,,
41,0,0,6,3,"",FETCH,11111111111111111111111111111111,0,0,"global memory",,,
41,0,0,7,3,"",FETCH,11111111111111111111111111111111,0,0,"global memory",,,
41,1,0,8,3,"",FETCH,11111111111111111111111111111111,0,0,"global memory",,,
41,1,0,9,3,"",FETCH,11111111111111111111111111111111,0,0,"global memory",,,
41,1,0,10,3,"",FETCH,11111111111111111111111111111111,0,0,"global memory",,,
41,1,0,11,3,"",FETCH,11111111111111111111111111111111,0,0,"global memory",,,
41,1,0,12,3,"",FETCH,11111111111111111111111111111111,0,0,"global memory",,,
41,1,0,13,3,"",FETCH,11111111111111111111111111111111,0,0,"global memory",,,
41,1,0,14,3,"",FETCH,11111111111111111111111111111111,0,0,"global memory",,,
41,1,0,15,3,"",FETCH,11111111111111111111111111111111,0,0,"global memory",,,
42,0,0,0,3,"",FETCH,11111111111111111111111111111111,0,0,"global memory",,,
42,0,0,1,3,"",FETCH,11111111111111111111111111111111,0,0,"global memory",,,
42,0,0,2,3,"",FETCH,11111111111111111111111111111111,0,0,"global memory",,,
42,0,0,3,3,"",FETCH,11111111111111111111111111111111,0,0,"global memory",,,
42,0,0,4,3,"",FETCH,11111111111111111111111111111111,0,0,"global memory",,,
42,0,0,5,3,"",FETCH,11111111111111111111111111111111,0,0,"global memory",,,
42,0,0,6,3,"",FETCH,11111111111111111111111111111111,0,0,"global memory",,,
42,0,0,7,3,"",FETCH,11111111111111111111111111111111,0,0,"global memory",,,
42,1,0,8,3,"",FETCH,11111111111111111111111111111111,0,0,"global memory",,,
42,1,0,9,3,"",FETCH,11111111111111111111111111111111,0,0,"global memory",,,
42,1,0,10,3,"",FETCH,11111111111111111111111111111111,0,0,"global memory",,,
42,1,0,11,3,"",FETCH,11111111111111111111111111111111,0,0,"global memory",,,
42,1,0,12,3,"",FETCH,11111111111111111111111111111111,0,0,"global memory",,,
42,1,0,13,3,"",FETCH,11111111111111111111111111111111,0,0,"global memory",,,
42,1,0,14,3,"",FETCH,11111111111111111111111111111111,0,0,"global memory",,,
42,1,0,15,3,"",FETCH,11111111111111111111111111111111,0,0,"global memory",,,
43,0,0,0,3,"",FETCH,11111111111111111111111111111111,0,0,"global memory",,,
43,0,0,1,3,"",FETCH,11111111111111111111111111111111,0,0,"global memory",,,
43,0,0,2,3,"",FETCH,11111111111111111111111111111111,0,0,"global memory",,,
43,0,0,3,3,"",FETCH,11111111111111111111111111111111,0,0,"global memory",,,
43,0,0,4,3,"",FETCH,11111111111111111111111111111111,0,0,"global memory",,,
43,0,0,5,3,"",FETCH,11111111111111111111111111111111,0,0,"global memory",,,
43,0,0,6,3,"",FETCH,11111111111111111111111111111111,0,0,"global memory",,,
43,0,0,7,3,"",FETCH,11111111111111111111111111111111,0,0,"global memory",,,
43,1,0,8,3,"",FETCH,11111111111111111111111111111111,0,0,"global memory",,,
43,1,0,9,3,"",FETCH,11111111111111111111111111111111,0,0,"global memory",,,
43,1,0,10,3,"",FETCH,11111111111111111111111111111111,0,0,"global memory",,,
43,1,0,11,3,"",FETCH,11111111111111111111111111111111,0,0,"global memory",,,
43,1,0,12,3,"",FETCH,11111111111111111111111111111111,0,0,"global memory",,,
43,1,0,13,3,"",FETCH,11111111111111111111111111111111,0,0,"global memory",,,
43,1,0,14,3,"",FETCH,11111111111111111111111111111111,0,0,"global memory",,,
43,1,0,15,3,"",FETCH,11111111111111111111111111111111,0,0,"global memory",,,
44,0,0,0,3,"",FETCH,11111111111111111111111111111111,0,0,"global memory",,,
44,0,0,1,3,"",FETCH,11111111111111111111111111111111,0,0,"global memory",,,
44,0,0,2,3,"",FETCH,11111111111111111111111111111111,0,0,"global memory",,,
44,0,0,3,3,"",FETCH,11111111111111111111111111111111,0,0,"global memory",,,
44,0,0,4,3,"",FETCH,11111111111111111111111111111111,0,0,"global memory",,,
44,0,0,5,3,"",FETCH,11111111111111111111111111111111,0,0,"global memory",,,
44,0,0,6,3,"",FETCH,11111111111111111111111111111111,0,0,"global memory",,,
44,0,0,7,3,"",FETCH,11111111111111111111111111111111,0,0,"global memory",,,
44,1,0,8,3,"",FETCH,11111111111111111111111111111111,0,0,"global memory",,,
44,1,0,9,3,"",FETCH,11111111111111111111111111111111,0,0,"global memory",,,
44,1,0,10,3,"",FETCH,11111111111111111111111111111111,0,0,"global memory",,,
44,1,0,11,3,"",FETCH,11111111111111111111111111111111,0,0,"global memory",,,
44,1,0,12,3,"",FETCH,11111111111111111111111111111111,0,0,"global memory",,,
44,1,0,13,3,"",FETCH,11111111111111111111111111111111,0,0,"global memory",,,
44,1,0,14,3,"",FETCH,11111111111111111111111111111111,0,0,"global memory",,,
44,1,0,15,3,"",FETCH,11111111111111111111111111111111,0,0,"global memory",,,
45,0,0,0,3,"",FETCH,11111111111111111111111111111111,0,0,"global memory",,,
45,0,0,1,3,"",FETCH,11111111111111111111111111111111,0,0,"global memory",,,
45,0,0,2,3,"",FETCH,11111111111111111111111111111111,0,0,"global memory",,,
45,0,0,3,3,"",FETCH,11111111111111111111111111111111,0,0,"global memory",,,
45,0,0,4,3,"",FETCH,11111111111111111111111111111111,0,0,"global memory",,,
45,0,0,5,3,"",FETCH,11111111111111111111111111111111,0,0,"global memory",,,
45,0,0,6,3,"",FETCH,11111111111111111111111111111111,0,0,"global memory",,,
45,0,0,7,3,"",FETCH,11111111111111111111111111111111,0,0,"global memory",,,
45,1,0,8,3,"",FETCH,11111111111111111111111111111111,0,0,"global memory",,,
45,1,0,9,3,"",FETCH,11111111111111111111111111111111,0,0,"global memory",,,
45,1,0,10,3,"",FETCH,11111111111111111111111111111111,0,0,"global memory",,,
45,1,0,11,3,"",FETCH,11111111111111111111111111111111,0,0,"global memory",,,
45,1,0,12,3,"",FETCH,11111111111111111111111111111111,0,0,"global memory",,,
45,1,0,13,3,"",FETCH,11111111111111111111111111111111,0,0,"global memory",,,
45,1,0,14,3,"",FETCH,11111111111111111111111111111111,0,0,"global memory",,,
45,1,0,15,3,"",FETCH,11111111111111111111111111111111,0,0,"global memory",,,
46,0,0,0,3,"",FETCH,11111111111111111111111111111111,0,0,"global memory",,,
46,0,0,1,3,"",FETCH,11111111111111111111111111111111,0,0,"global memory",,,
46,0,0,2,3,"",FETCH,11111111111111111111111111111111,0,0,"global memory",,,
46,0,0,3,3,"",FETCH,11111111111111111111111111111111,0,0,"global memory",,,
46,0,0,4,3,"",FETCH,11111111111111111111111111111111,0,0,"global memory",,,
46,0,0,5,3,"",FETCH,11111111111111111111111111111111,0,0,"global memory",,,
46,0,0,6,3,"",FETCH,11111111111111111111111111111111,0,0,"global memory",,,
46,0,0,7,3,"",FETCH,11111111111111111111111111111111,0,0,"global memory",,,
46,1,0,8,3,"",FETCH,11111111111111111111111111111111,0,0,"global memory",,,
46,1,0,9,3,"",FETCH,11111111111111111111111111111111,0,0,"global memory",,,
46,1,0,10,3,"",FETCH,11111111111111111111111111111111,0,0,"global memory",,,
46,1,0,11,3,"",FETCH,11111111111111111111111111111111,0,0,"global memory",,,
46,1,0,12,3,"",FETCH,11111111111111111111111111111111,0,0,"global memory",,,
46,1,0,13,3,"",FETCH,11111111111111111111111111111111,0,0,"global memory",,,
46,1,0,14,3,"",FETCH,11111111111111111111111111111111,0,0,"global memory",,,
46,1,0,15,3,"",FETCH,11111111111111111111111111111111,0,0,"global memory",,,
47,0,0,0,3,"",FETCH,11111111111111111111111111111111,0,0,"global memory",,,
47,0,0,1,3,"",FETCH,11111111111111111111111111111111,0,0,"global memory",,,
47,0,0,2,3,"",FETCH,11111111111111111111111111111111,0,0,"global memory",,,
47,0,0,3,3,"",FETCH,11111111111111111111111111111111,0,0,"global memory",,,
47,0,0,4,3,"",FETCH,11111111111111111111111111111111,0,0,"global memory",,,
47,0,0,5,3,"",FETCH,11111111111111111111111111111111,0,0,"global memory",,,
47,0,0,6,3,"",FETCH,11111111111111111111111111111111,0,0,"global memory",,,
47,0,0,7,3,"",FETCH,11111111111111111111111111111111,0,0,"global memory",,,
47,1,0,8,3,"",FETCH,11111111111111111111111111111111,0,0,"global memory",,,
47,1,0,9,3,"",FETCH,11111111111111111111111111111111,0,0,"global memory",,,
47,1,0,10,3,"",FETCH,11111111111111111111111111111111,0,0,"global memory",,,
47,1,0,11,3,"",FETCH,11111111111111111111111111111111,0,0,"global memory",,,
47,1,0,12,3,"",FETCH,11111111111111111111111111111111,0,0,"global memory",,,
47,1,0,13,3,"",FETCH,11111111111111111111111111111111,0,0,"global memory",,,
47,1,0,14,3,"",FETCH,11111111111111111111111111111111,0,0,"global memory",,,
47,1,0,15,3,"",FETCH,11111111111111111111111111111111,0,0,"global memory",,,
48,0,0,0,3,"",FETCH,11111111111111111111111111111111,0,0,"global memory",,,
48,0,0,1,3,"",FETCH,11111111111111111111111111111111,0,0,"global memory",,,
48,0,0,2,3,"",FETCH,11111111111111111111111111111111,0,0,"global memory",,,
48,0,0,3,3,"",FETCH,11111111111111111111111111111111,0,0,"global memory",,,
48,0,0,4,3,"",FETCH,11111111111111111111111111111111,0,0,"global memory",,,
48,0,0,5,3,"",FETCH,11111111111111111111111111111111,0,0,"global memory",,,
48,0,0,6,3,"",FETCH,11111111111111111111111111111111,0,0,"global memory",,,
48,0,0,7,3,"",FETCH,11111111111111111111111111111111,0,0,"global memory",,,
48,1,0,8,3,"",FETCH,11111111111111111111111111111111,0,0,"global memory",,,
48,1,0,9,3,"",FETCH,11111111111111111111111111111111,0,0,"global memory",,,
48,1,0,10,3,"",FETCH,11111111111111111111111111111111,0,0,"global memory",,,
48,1,0,11,3,"",FETCH,11111111111111111111111111111111,0,0,"global memory",,,
48,1,0,12,3,"",FETCH,11111111111111111111111111111111,0,0,"global memory",,,
48,1,0,13,3,"",FETCH,11111111111111111111111111111111,0,0,"global memory",,,
48,1,0,14,3,"",FETCH,11111111111111111111111111111111,0,0,"global memory",,,
48,1,0,15,3,"",FETCH,11111111111111111111111111111111,0,0,"global memory",,,
49,0,0,0,3,"",FETCH,11111111111111111111111111111111,0,0,"global memory",,,
49,0,0,1,3,"",FETCH,11111111111111111111111111111111,0,0,"global memory",,,
49,0,0,2,3,"",FETCH,11111111111111111111111111111111,0,0,"global memory",,,
49,0,0,3,3,"",FETCH,11111111111111111111111111111111,0,0,"global memory",,,
49,0,0,4,3,"",FETCH,11111111111111111111111111111111,0,0,"global memory",,,
49,0,0,5,3,"",FETCH,11111111111111111111111111111111,0,0,"global memory",,,
49,0,0,6,3,"",FETCH,11111111111111111111111111111111,0,0,"global memory",,,
49,0,0,7,3,"",FETCH,11111111111111111111111111111111,0,0,"global memory",,,
49,1,0,8,3,"",FETCH,11111111111111111111111111111111,0,0,"global memory",,,
49,1,0,9,3,"",FETCH,11111111111111111111111111111111,0,0,"global memory",,,
49,1,0,10,3,"",FETCH,11111111111111111111111111111111,0,0,"global memory",,,
49,1,0,11,3,"",FETCH,11111111111111111111111111111111,0,0,"global memory",,,
49,1,0,12,3,"",FETCH,11111111111111111111111111111111,0,0,"global memory",,,
49,1,0,13,3,"",FETCH,11111111111111111111111111111111,0,0,"global memory",,,
49,1,0,14,3,"",FETCH,11111111111111111111111111111111,0,0,"global memory",,,
49,1,0,15,3,"",FETCH,11111111111111111111111111111111,0,0,"global memory",,,
50,0,0,0,3,"",FETCH,11111111111111111111111111111111,0,0,"global memory",,,
50,0,0,1,3,"",FETCH,11111111111111111111111111111111,0,0,"global memory",,,
50,0,0,2,3,"",FETCH,11111111111111111111111111111111,0,0,"global memory",,,
50,0,0,3,3,"",FETCH,11111111111111111111111111111111,0,0,"global memory",,,
50,0,0,4,3,"",FETCH,11111111111111111111111111111111,0,0,"global memory",,,
50,0,0,5,3,"",FETCH,11111111111111111111111111111111,0,0,"global memory",,,
50,0,0,6,3,"",FETCH,11111111111111111111111111111111,0,0,"global memory",,,
50,0,0,7,3,"",FETCH,11111111111111111111111111111111,0,0,"global memory",,,
50,1,0,8,3,"",FETCH,11111111111111111111111111111111,0,0,"global memory",,,
50,1,0,9,3,"",FETCH,11111111111111111111111111111111,0,0,"global memory",,,
50,1,0,10,3,"",FETCH,11111111111111111111111111111111,0,0,"global memory",,,
50,1,0,11,3,"",FETCH,11111111111111111111111111111111,0,0,"global memory",,,
50,1,0,12,3,"",FETCH,11111111111111111111111111111111,0,0,"global memory",,,
50,1,0,13,3,"",FETCH,11111111111111111111111111111111,0,0,"global memory",,,
50,1,0,14,3,"",FETCH,11111111111111111111111111111111,0,0,"global memory",,,
50,1,0,15,3,"",FETCH,11111111111111111111111111111111,0,0,"global memory",,,
51,0,0,0,3,"",FETCH,11111111111111111111111111111111,0,0,"global memory",,,
51,0,0,1,3,"",FETCH,11111111111111111111111111111111,0,0,"global memory",,,
51,0,0,2,3,"",FETCH,11111111111111111111111111111111,0,0,"global memory",,,
51,0,0,3,3,"",FETCH,11111111111111111111111111111111,0,0,"global memory",,,
51,0,0,4,3,"",FETCH,11111111111111111111111111111111,0,0,"global memory",,,
51,0,0,5,3,"",FETCH,11111111111111111111111111111111,0,0,"global memory",,,
51,0,0,6,3,"",FETCH,11111111111111111111111111111111,0,0,"global memory",,,
51,0,0,7,3,"",FETCH,11111111111111111111111111111111,0,0,"global memory",,,
51,1,0,8,3,"",FETCH,11111111111111111111111111111111,0,0,"global memory",,,
51,1,0,9,3,"",FETCH,11111111111111111111111111111111,0,0,"global memory",,,
51,1,0,10,3,"",FETCH,11111111111111111111111111111111,0,0,"global memory",,,
51,1,0,11,3,"",FETCH,11111111111111111111111111111111,0,0,"global memory",,,
51,1,0,12,3,"",FETCH,11111111111111111111111111111111,0,0,"global memory",,,
51,1,0,13,3,"",FETCH,11111111111111111111111111111111,0,0,"global memory",,,
51,1,0,14,3,"",FETCH,11111111111111111111111111111111,0,0,"global memory",,,
51,1,0,15,3,"",FETCH,11111111111111111111111111111111,0,0,"global memory",,,
52,0,0,0,3,"",FETCH,11111111111111111111111111111111,0,0,"global memory",,,
52,0,0,1,3,"",FETCH,11111111111111111111111111111111,0,0,"global memory",,,
52,0,0,2,3,"",FETCH,11111111111111111111111111111111,0,0,"global memory",,,
52,0,0,3,3,"",FETCH,11111111111111111111111111111111,0,0,"global memory",,,
52,0,0,4,3,"",FETCH,11111111111111111111111111111111,0,0,"global memory",,,
52,0,0,5,3,"",FETCH,11111111111111111111111111111111,0,0,"global memory",,,
52,0,0,6,3,"",FETCH,11111111111111111111111111111111,0,0,"global memory",,,
52,0,0,7,3,"",FETCH,11111111111111111111111111111111,0,0,"global memory",,,
52,1,0,8,3,"",FETCH,11111111111111111111111111111111,0,0,"global memory",,,
52,1,0,9,3,"",FETCH,11111111111111111111111111111111,0,0,"global memory",,,
52,1,0,10,3,"",FETCH,11111111111111111111111111111111,0,0,"global memory",,,
52,1,0,11,3,"",FETCH,11111111111111111111111111111111,0,0,"global memory",,,
52,1,0,12,3,"",FETCH,11111111111111111111111111111111,0,0,"global memory",,,
52,1,0,13,3,"",FETCH,11111111111111111111111111111111,0,0,"global memory",,,
52,1,0,14,3,"",FETCH,11111111111111111111111111111111,0,0,"global memory",,,
52,1,0,15,3,"",FETCH,11111111111111111111111111111111,0,0,"global memory",,,
53,0,0,0,3,"",FETCH,11111111111111111111111111111111,0,0,"global memory",,,
53,0,0,1,3,"",FETCH,11111111111111111111111111111111,0,0,"global memory",,,
53,0,0,2,3,"",FETCH,11111111111111111111111111111111,0,0,"global memory",,,
53,0,0,3,3,"",FETCH,11111111111111111111111111111111,0,0,"global memory",,,
53,0,0,4,3,"",FETCH,11111111111111111111111111111111,0,0,"global memory",,,
53,0,0,5,3,"",FETCH,11111111111111111111111111111111,0,0,"global memory",,,
53,0,0,6,3,"",FETCH,11111111111111111111111111111111,0,0,"global memory",,,
53,0,0,7,3,"",FETCH,11111111111111111111111111111111,0,0,"global memory",,,
53,1,0,8,3,"",FETCH,11111111111111111111111111111111,0,0,"global memory",,,
53,1,0,9,3,"",FETCH,11111111111111111111111111111111,0,0,"global memory",,,
53,1,0,10,3,"",FETCH,11111111111111111111111111111111,0,0,"global memory",,,
53,1,0,11,3,"",FETCH,11111111111111111111111111111111,0,0,"global memory",,,
53,1,0,12,3,"",FETCH,11111111111111111111111111111111,0,0,"global memory",,,
53,1,0,13,3,"",FETCH,11111111111111111111111111111111,0,0,"global memory",,,
53,1,0,14,3,"",FETCH,11111111111111111111111111111111,0,0,"global memory",,,
53,1,0,15,3,"",FETCH,11111111111111111111111111111111,0,0,"global memory",,,
54,0,0,0,3,"",FETCH,11111111111111111111111111111111,0,0,"global memory",,,
54,0,0,1,3,"",FETCH,11111111111111111111111111111111,0,0,"global memory",,,
54,0,0,2,3,"",FETCH,11111111111111111111111111111111,0,0,"global memory",,,
54,0,0,3,3,"",FETCH,11111111111111111111111111111111,0,0,"global memory",,,
54,0,0,4,3,"",FETCH,11111111111111111111111111111111,0,0,"global memory",,,
54,0,0,5,3,"",FETCH,11111111111111111111111111111111,0,0,"global memory",,,
54,0,0,6,3,"",FETCH,11111111111111111111111111111111,0,0,"global memory",,,
54,0,0,7,3,"",FETCH,11111111111111111111111111111111,0,0,"global memory",,,
54,1,0,8,3,"",FETCH,11111111111111111111111111111111,0,0,"global memory",,,
54,1,0,9,3,"",FETCH,11111111111111111111111111111111,0,0,"global memory",,,
54,1,0,10,3,"",FETCH,11111111111111111111111111111111,0,0,"global memory",,,
54,1,0,11,3,"",FETCH,11111111111111111111111111111111,0,0,"global memory",,,
54,1,0,12,3,"",FETCH,11111111111111111111111111111111,0,0,"global memory",,,
54,1,0,13,3,"",FETCH,11111111111111111111111111111111,0,0,"global memory",,,
54,1,0,14,3,"",FETCH,11111111111111111111111111111111,0,0,"global memory",,,
54,1,0,15,3,"",FETCH,11111111111111111111111111111111,0,0,"global memory",,,
55,0,0,0,3,"",FETCH,11111111111111111111111111111111,0,0,"global memory",,,
55,0,0,1,3,"",FETCH,11111111111111111111111111111111,0,0,"global memory",,,
55,0,0,2,3,"",FETCH,11111111111111111111111111111111,0,0,"global memory",,,
55,0,0,3,3,"",FETCH,11111111111111111111111111111111,0,0,"global memory",,,
55,0,0,4,3,"",FETCH,11111111111111111111111111111111,0,0,"global memory",,,
55,0,0,5,3,"",FETCH,11111111111111111111111111111111,0,0,"global memory",,,
55,0,0,6,3,"",FETCH,11111111111111111111111111111111,0,0,"global memory",,,
55,0,0,7,3,"",FETCH,11111111111111111111111111111111,0,0,"global memory",,,
55,1,0,8,3,"",FETCH,11111111111111111111111111111111,0,0,"global memory",,,
55,1,0,9,3,"",FETCH,11111111111111111111111111111111,0,0,"global memory",,,
55,1,0,10,3,"",FETCH,11111111111111111111111111111111,0,0,"global memory",,,
55,1,0,11,3,"",FETCH,11111111111111111111111111111111,0,0,"global memory",,,
55,1,0,12,3,"",FETCH,11111111111111111111111111111111,0,0,"global memory",,,
55,1,0,13,3,"",FETCH,11111111111111111111111111111111,0,0,"global memory",,,
55,1,0,14,3,"",FETCH,11111111111111111111111111111111,0,0,"global memory",,,
55,1,0,15,3,"",FETCH,11111111111111111111111111111111,0,0,"global memory",,,
56,0,0,0,3,"",FETCH,11111111111111111111111111111111,0,0,"global memory",,,
56,0,0,1,3,"",FETCH,11111111111111111111111111111111,0,0,"global memory",,,
56,0,0,2,3,"",FETCH,11111111111111111111111111111111,0,0,"global memory",,,
56,0,0,3,3,"",FETCH,11111111111111111111111111111111,0,0,"global memory",,,
56,0,0,4,3,"",FETCH,11111111111111111111111111111111,0,0,"global memory",,,
56,0,0,5,3,"",FETCH,11111111111111111111111111111111,0,0,"global memory",,,
56,0,0,6,3,"",FETCH,11111111111111111111111111111111,0,0,"global memory",,,
56,0,0,7,3,"",FETCH,11111111111111111111111111111111,0,0,"global memory",,,
56,1,0,8,3,"",FETCH,11111111111111111111111111111111,0,0,"global memory",,,
56,1,0,9,3,"",FETCH,11111111111111111111111111111111,0,0,"global memory",,,
56,1,0,10,3,"",FETCH,11111111111111111111111111111111,0,0,"global memory",,,
56,1,0,11,3,"",FETCH,11111111111111111111111111111111,0,0,"global memory",,,
56,1,0,12,3,"",FETCH,11111111111111111111111111111111,0,0,"global memory",,,
56,1,0,13,3,"",FETCH,11111111111111111111111111111111,0,0,"global memory",,,
56,1,0,14,3,"",FETCH,11111111111111111111111111111111,0,0,"global memory",,,
56,1,0,15,3,"",FETCH,11111111111111111111111111111111,0,0,"global memory",,,
57,0,0,0,3,"",FETCH,11111111111111111111111111111111,0,0,"global memory",,,
57,0,0,1,3,"",FETCH,11111111111111111111111111111111,0,0,"global memory",,,
57,0,0,2,3,"",FETCH,11111111111111111111111111111111,0,0,"global memory",,,
57,0,0,3,3,"",FETCH,11111111111111111111111111111111,0,0,"global memory",,,
57,0,0,4,3,"",FETCH,11111111111111111111111111111111,0,0,"global memory",,,
57,0,0,5,3,"",FETCH,11111111111111111111111111111111,0,0,"global memory",,,
57,0,0,6,3,"",FETCH,11111111111111111111111111111111,0,0,"global memory",,,
57,0,0,7,3,"",FETCH,11111111111111111111111111111111,0,0,"global memory",,,
57,1,0,8,3,"",FETCH,11111111111111111111111111111111,0,0,"global memory",,,
57,1,0,9,3,"",FETCH,11111111111111111111111111111111,0,0,"global memory",,,
57,1,0,10,3,"",FETCH,11111111111111111111111111111111,0,0,"global memory",,,
57,1,0,11,3,"",FETCH,11111111111111111111111111111111,0,0,"global memory",,,
57,1,0,12,3,"",FETCH,11111111111111111111111111111111,0,0,"global memory",,,
57,1,0,13,3,"",FETCH,11111111111111111111111111111111,0,0,"global memory",,,
57,1,0,14,3,"",FETCH,11111111111111111111111111111111,0,0,"global memory",,,
57,1,0,15,3,"",FETCH,11111111111111111111111111111111,0,0,"global memory",,,
58,0,0,0,3,"",FETCH,11111111111111111111111111111111,0,0,"global memory",,,
58,0,0,1,3,"",FETCH,11111111111111111111111111111111,0,0,"global memory",,,
58,0,0,2,3,"",FETCH,11111111111111111111111111111111,0,0,"global memory",,,
58,0,0,3,3,"",FETCH,11111111111111111111111111111111,0,0,"global memory",,,
58,0,0,4,3,"",FETCH,11111111111111111111111111111111,0,0,"global memory",,,
58,0,0,5,3,"",FETCH,11111111111111111111111111111111,0,0,"global memory",,,
58,0,0,6,3,"",FETCH,11111111111111111111111111111111,0,0,"global memory",,,
58,0,0,7,3,"",FETCH,11111111111111111111111111111111,0,0,"global memory",,,
58,1,0,8,3,"",FETCH,11111111111111111111111111111111,0,0,"global memory",,,
58,1,0,9,3,"",FETCH,11111111111111111111111111111111,0,0,"global memory",,,
58,1,0,10,3,"",FETCH,11111111111111111111111111111111,0,0,"global memory",,,
58,1,0,11,3,"",FETCH,11111111111111111111111111111111,0,0,"global memory",,,
58,1,0,12,3,"",FETCH,11111111111111111111111111111111,0,0,"global memory",,,
58,1,0,13,3,"",FETCH,11111111111111111111111111111111,0,0,"global memory",,,
58,1,0,14,3,"",FETCH,11111111111111111111111111111111,0,0,"global memory",,,
58,1,0,15,3,"",FETCH,11111111111111111111111111111111,0,0,"global memory",,,
59,0,0,0,3,"",FETCH,11111111111111111111111111111111,0,0,"global memory",,,
59,0,0,1,3,"",FETCH,11111111111111111111111111111111,0,0,"global memory",,,
59,0,0,2,3,"",FETCH,11111111111111111111111111111111,0,0,"global memory",,,
59,0,0,3,3,"",FETCH,11111111111111111111111111111111,0,0,"global memory",,,
59,0,0,4,3,"",FETCH,11111111111111111111111111111111,0,0,"global memory",,,
59,0,0,5,3,"",FETCH,11111111111111111111111111111111,0,0,"global memory",,,
59,0,0,6,3,"",FETCH,11111111111111111111111111111111,0,0,"global memory",,,
59,0,0,7,3,"",FETCH,11111111111111111111111111111111,0,0,"global memory",,,
59,1,0,8,3,"",FETCH,11111111111111111111111111111111,0,0,"global memory",,,
59,1,0,9,3,"",FETCH,11111111111111111111111111111111,0,0,"global memory",,,
59,1,0,10,3,"",FETCH,11111111111111111111111111111111,0,0,"global memory",,,
59,1,0,11,3,"",FETCH,11111111111111111111111111111111,0,0,"global memory",,,
59,1,0,12,3,"",FETCH,11111111111111111111111111111111,0,0,"global memory",,,
59,1,0,13,3,"",FETCH,11111111111111111111111111111111,0,0,"global memory",,,
59,1,0,14,3,"",FETCH,11111111111111111111111111111111,0,0,"global memory",,,
59,1,0,15,3,"",FETCH,11111111111111111111111111111111,0,0,"global memory",,,
60,0,0,0,3,"",FETCH,11111111111111111111111111111111,0,0,"global memory",,,
60,0,0,1,3,"",FETCH,11111111111111111111111111111111,0,0,"global memory",,,
60,0,0,2,3,"",FETCH,11111111111111111111111111111111,0,0,"global memory",,,
60,0,0,3,3,"",FETCH,11111111111111111111111111111111,0,0,"global memory",,,
60,0,0,4,3,"",FETCH,11111111111111111111111111111111,0,0,"global memory",,,
60,0,0,5,3,"",FETCH,11111111111111111111111111111111,0,0,"global memory",,,
60,0,0,6,3,"",FETCH,11111111111111111111111111111111,0,0,"global memory",,,
60,0,0,7,3,"",FETCH,11111111111111111111111111111111,0,0,"global memory",,,
60,1,0,8,3,"",FETCH,11111111111111111111111111111111,0,0,"global memory",,,
60,1,0,9,3,"",FETCH,11111111111111111111111111111111,0,0,"global memory",,,
60,1,0,10,3,"",FETCH,11111111111111111111111111111111,0,0,"global memory",,,
60,1,0,11,3,"",FETCH,11111111111111111111111111111111,0,0,"global memory",,,
60,1,0,12,3,"",FETCH,11111111111111111111111111111111,0,0,"global memory",,,
60,1,0,13,3,"",FETCH,11111111111111111111111111111111,0,0,"global memory",,,
60,1,0,14,3,"",FETCH,11111111111111111111111111111111,0,0,"global memory",,,
60,1,0,15,3,"",FETCH,11111111111111111111111111111111,0,0,"global memory",,,
61,0,0,0,3,"",FETCH,11111111111111111111111111111111,0,0,"global memory",,,
61,0,0,1,3,"",FETCH,11111111111111111111111111111111,0,0,"global memory",,,
61,0,0,2,3,"",FETCH,11111111111111111111111111111111,0,0,"global memory",,,
61,0,0,3,3,"",FETCH,11111111111111111111111111111111,0,0,"global memory",,,
61,0,0,4,3,"",FETCH,11111111111111111111111111111111,0,0,"global memory",,,
61,0,0,5,3,"",FETCH,11111111111111111111111111111111,0,0,"global memory",,,
61,0,0,6,3,"",FETCH,11111111111111111111111111111111,0,0,"global memory",,,
61,0,0,7,3,"",FETCH,11111111111111111111111111111111,0,0,"global memory",,,
61,1,0,8,3,"",FETCH,11111111111111111111111111111111,0,0,"global memory",,,
61,1,0,9,3,"",FETCH,11111111111111111111111111111111,0,0,"global memory",,,
61,1,0,10,3,"",FETCH,11111111111111111111111111111111,0,0,"global memory",,,
61,1,0,11,3,"",FETCH,11111111111111111111111111111111,0,0,"global memory",,,
61,1,0,12,3,"",FETCH,11111111111111111111111111111111,0,0,"global memory",,,
61,1,0,13,3,"",FETCH,11111111111111111111111111111111,0,0,"global memory",,,
61,1,0,14,3,"",FETCH,11111111111111111111111111111111,0,0,"global memory",,,
61,1,0,15,3,"",FETCH,11111111111111111111111111111111,0,0,"global memory",,,
62,0,0,0,3,"",FETCH,11111111111111111111111111111111,0,0,"global memory",,,
62,0,0,1,3,"",FETCH,11111111111111111111111111111111,0,0,"global memory",,,
62,0,0,2,3,"",FETCH,11111111111111111111111111111111,0,0,"global memory",,,
62,0,0,3,3,"",FETCH,11111111111111111111111111111111,0,0,"global memory",,,
62,0,0,4,3,"",FETCH,11111111111111111111111111111111,0,0,"global memory",,,
62,0,0,5,3,"",FETCH,11111111111111111111111111111111,0,0,"global memory",,,
62,0,0,6,3,"",FETCH,11111111111111111111111111111111,0,0,"global memory",,,
62,0,0,7,3,"",FETCH,11111111111111111111111111111111,0,0,"global memory",,,
62,1,0,8,3,"",FETCH,11111111111111111111111111111111,0,0,"global memory",,,
62,1,0,9,3,"",FETCH,11111111111111111111111111111111,0,0,"global memory",,,
62,1,0,10,3,"",FETCH,11111111111111111111111111111111,0,0,"global memory",,,
62,1,0,11,3,"",FETCH,11111111111111111111111111111111,0,0,"global memory",,,
62,1,0,12,3,"",FETCH,11111111111111111111111111111111,0,0,"global memory",,,
62,1,0,13,3,"",FETCH,11111111111111111111111111111111,0,0,"global memory",,,
62,1,0,14,3,"",FETCH,11111111111111111111111111111111,0,0,"global memory",,,
62,1,0,15,3,"",FETCH,11111111111111111111111111111111,0,0,"global memory",,,
63,0,0,0,3,"",FETCH,11111111111111111111111111111111,0,0,"global memory",,,
63,0,0,1,3,"",FETCH,11111111111111111111111111111111,0,0,"global memory",,,
63,0,0,2,3,"",FETCH,11111111111111111111111111111111,0,0,"global memory",,,
63,0,0,3,3,"",FETCH,11111111111111111111111111111111,0,0,"global memory",,,
63,0,0,4,3,"",FETCH,11111111111111111111111111111111,0,0,"global memory",,,
63,0,0,5,3,"",FETCH,11111111111111111111111111111111,0,0,"global memory",,,
63,0,0,6,3,"",FETCH,11111111111111111111111111111111,0,0,"global memory",,,
63,0,0,7,3,"",FETCH,11111111111111111111111111111111,0,0,"global memory",,,
63,1,0,8,3,"",FETCH,11111111111111111111111111111111,0,0,"global memory",,,
63,1,0,9,3,"",FETCH,11111111111111111111111111111111,0,0,"global memory",,,
63,1,0,10,3,"",FETCH,11111111111111111111111111111111,0,0,"global memory",,,
63,1,0,11,3,"",FETCH,11111111111111111111111111111111,0,0,"global memory",,,
63,1,0,12,3,"",FETCH,11111111111111111111111111111111,0,0,"global memory",,,
63,1,0,13,3,"",FETCH,11111111111111111111111111111111,0,0,"global memory",,,
63,1,0,14,3,"",FETCH,11111111111111111111111111111111,0,0,"global memory",,,
63,1,0,15,3,"",FETCH,11111111111111111111111111111111,0,0,"global memory",,,
64,0,0,0,3,"",FETCH,11111111111111111111111111111111,0,0,"global memory",,,
64,0,0,1,3,"",FETCH,11111111111111111111111111111111,0,0,"global memory",,,
64,0,0,2,3,"",FETCH,11111111111111111111111111111111,0,0,"global memory",,,
64,0,0,3,3,"",FETCH,11111111111111111111111111111111,0,0,"global memory",,,
64,0,0,4,3,"",FETCH,11111111111111111111111111111111,0,0,"global memory",,,
64,0,0,5,3,"",FETCH,11111111111111111111111111111111,0,0,"global memory",,,
64,0,0,6,3,"",FETCH,11111111111111111111111111111111,0,0,"global memory",,,
64,0,0,7,3,"",FETCH,11111111111111111111111111111111,0,0,"global memory",,,
64,1,0,8,3,"",FETCH,11111111111111111111111111111111,0,0,"global memory",,,
64,1,0,9,3,"",FETCH,11111111111111111111111111111111,0,0,"global memory",,,
64,1,0,10,3,"",FETCH,11111111111111111111111111111111,0,0,"global memory",,,
64,1,0,11,3,"",FETCH,11111111111111111111111111111111,0,0,"global memory",,,
64,1,0,12,3,"",FETCH,11111111111111111111111111111111,0,0,"global memory",,,
64,1,0,13,3,"",FETCH,11111111111111111111111111111111,0,0,"global memory",,,
64,1,0,14,3,"",FETCH,11111111111111111111111111111111,0,0,"global memory",,,
64,1,0,15,3,"",FETCH,11111111111111111111111111111111,0,0,"global memory",,,
65,0,0,0,3,"",FETCH,11111111111111111111111111111111,0,0,"global memory",,,
65,0,0,1,3,"",FETCH,11111111111111111111111111111111,0,0,"global memory",,,
65,0,0,2,3,"",FETCH,11111111111111111111111111111111,0,0,"global memory",,,
65,0,0,3,3,"",FETCH,11111111111111111111111111111111,0,0,"global memory",,,
65,0,0,4,3,"",FETCH,11111111111111111111111111111111,0,0,"global memory",,,
65,0,0,5,3,"",FETCH,11111111111111111111111111111111,0,0,"global memory",,,
65,0,0,6,3,"",FETCH,11111111111111111111111111111111,0,0,"global memory",,,
65,0,0,7,3,"",FETCH,11111111111111111111111111111111,0,0,"global memory",,,
65,1,0,8,3,"",FETCH,11111111111111111111111111111111,0,0,"global memory",,,
65,1,0,9,3,"",FETCH,11111111111111111111111111111111,0,0,"global memory",,,
65,1,0,10,3,"",FETCH,11111111111111111111111111111111,0,0,"global memory",,,
65,1,0,11,3,"",FETCH,11111111111111111111111111111111,0,0,"global memory",,,
65,1,0,12,3,"",FETCH,11111111111111111111111111111111,0,0,"global memory",,,
65,1,0,13,3,"",FETCH,11111111111111111111111111111111,0,0,"global memory",,,
65,1,0,14,3,"",FETCH,11111111111111111111111111111111,0,0,"global memory",,,
65,1,0,15,3,"",FETCH,11111111111111111111111111111111,0,0,"global memory",,,
66,0,0,0,3,"",FETCH,11111111111111111111111111111111,0,0,"global memory",,,
66,0,0,1,3,"",FETCH,11111111111111111111111111111111,0,0,"global memory",,,
66,0,0,2,3,"",FETCH,11111111111111111111111111111111,0,0,"global memory",,,
66,0,0,3,3,"",FETCH,11111111111111111111111111111111,0,0,"global memory",,,
66,0,0,4,3,"",FETCH,11111111111111111111111111111111,0,0,"global memory",,,
66,0,0,5,3,"",FETCH,11111111111111111111111111111111,0,0,"global memory",,,
66,0,0,6,3,"",FETCH,11111111111111111111111111111111,0,0,"global memory",,,
66,0,0,7,3,"",FETCH,11111111111111111111111111111111,0,0,"global memory",,,
66,1,0,8,3,"",FETCH,11111111111111111111111111111111,0,0,"global memory",,,
66,1,0,9,3,"",FETCH,11111111111111111111111111111111,0,0,"global memory",,,
66,1,0,10,3,"",FETCH,11111111111111111111111111111111,0,0,"global memory",,,
66,1,0,11,3,"",FETCH,11111111111111111111111111111111,0,0,"global memory",,,
66,1,0,12,3,"",FETCH,11111111111111111111111111111111,0,0,"global memory",,,
66,1,0,13,3,"",FETCH,11111111111111111111111111111111,0,0,"global memory",,,
66,1,0,14,3,"",FETCH,11111111111111111111111111111111,0,0,"global memory",,,
66,1,0,15,3,"",FETCH,11111111111111111111111111111111,0,0,"global memory",,,
67,0,0,0,3,"",FETCH,11111111111111111111111111111111,0,0,"global memory",,,
67,0,0,1,3,"",FETCH,11111111111111111111111111111111,0,0,"global memory",,,
67,0,0,2,3,"",FETCH,11111111111111111111111111111111,0,0,"global memory",,,
67,0,0,3,3,"",FETCH,11111111111111111111111111111111,0,0,"global memory",,,
67,0,0,4,3,"",FETCH,11111111111111111111111111111111,0,0,"global memory",,,
67,0,0,5,3,"",FETCH,11111111111111111111111111111111,0,0,"global memory",,,
67,0,0,6,3,"",FETCH,11111111111111111111111111111111,0,0,"global memory",,,
67,0,0,7,3,"",FETCH,11111111111111111111111111111111,0,0,"global memory",,,
67,1,0,8,3,"",FETCH,11111111111111111111111111111111,0,0,"global memory",,,
67,1,0,9,3,"",FETCH,11111111111111111111111111111111,0,0,"global memory",,,
67,1,0,10,3,"",FETCH,11111111111111111111111111111111,0,0,"global memory",,,
67,1,0,11,3,"",FETCH,11111111111111111111111111111111,0,0,"global memory",,,
67,1,0,12,3,"",FETCH,11111111111111111111111111111111,0,0,"global memory",,,
67,1,0,13,3,"",FETCH,11111111111111111111111111111111,0,0,"global memory",,,
67,1,0,14,3,"",FETCH,11111111111111111111111111111111,0,0,"global memory",,,
67,1,0,15,3,"",FETCH,11111111111111111111111111111111,0,0,"global memory",,,
68,0,0,0,3,"",FETCH,11111111111111111111111111111111,0,0,"global memory",,,
68,0,0,1,3,"",FETCH,11111111111111111111111111111111,0,0,"global memory",,,
68,0,0,2,3,"",FETCH,11111111111111111111111111111111,0,0,"global memory",,,
68,0,0,3,3,"",FETCH,11111111111111111111111111111111,0,0,"global memory",,,
68,0,0,4,3,"",FETCH,11111111111111111111111111111111,0,0,"global memory",,,
68,0,0,5,3,"",FETCH,11111111111111111111111111111111,0,0,"global memory",,,
68,0,0,6,3,"",FETCH,11111111111111111111111111111111,0,0,"global memory",,,
68,0,0,7,3,"",FETCH,11111111111111111111111111111111,0,0,"global memory",,,
68,1,0,8,3,"",FETCH,11111111111111111111111111111111,0,0,"global memory",,,
68,1,0,9,3,"",FETCH,11111111111111111111111111111111,0,0,"global memory",,,
68,1,0,10,3,"",FETCH,11111111111111111111111111111111,0,0,"global memory",,,
68,1,0,11,3,"",FETCH,11111111111111111111111111111111,0,0,"global memory",,,
68,1,0,12,3,"",FETCH,11111111111111111111111111111111,0,0,"global memory",,,
68,1,0,13,3,"",FETCH,11111111111111111111111111111111,0,0,"global memory",,,
68,1,0,14,3,"",FETCH,11111111111111111111111111111111,0,0,"global memory",,,
68,1,0,15,3,"",FETCH,11111111111111111111111111111111,0,0,"global memory",,,
69,0,0,0,3,"",FETCH,11111111111111111111111111111111,0,0,"global memory",,,
69,0,0,1,3,"",FETCH,11111111111111111111111111111111,0,0,"global memory",,,
69,0,0,2,3,"",FETCH,11111111111111111111111111111111,0,0,"global memory",,,
69,0,0,3,3,"",FETCH,11111111111111111111111111111111,0,0,"global memory",,,
69,0,0,4,3,"",FETCH,11111111111111111111111111111111,0,0,"global memory",,,
69,0,0,5,3,"",FETCH,11111111111111111111111111111111,0,0,"global memory",,,
69,0,0,6,3,"",FETCH,11111111111111111111111111111111,0,0,"global memory",,,
69,0,0,7,3,"",FETCH,11111111111111111111111111111111,0,0,"global memory",,,
69,1,0,8,3,"",FETCH,11111111111111111111111111111111,0,0,"global memory",,,
69,1,0,9,3,"",FETCH,11111111111111111111111111111111,0,0,"global memory",,,
69,1,0,10,3,"",FETCH,11111111111111111111111111111111,0,0,"global memory",,,
69,1,0,11,3,"",FETCH,11111111111111111111111111111111,0,0,"global memory",,,
69,1,0,12,3,"",FETCH,11111111111111111111111111111111,0,0,"global memory",,,
69,1,0,13,3,"",FETCH,11111111111111111111111111111111,0,0,"global memory",,,
69,1,0,14,3,"",FETCH,11111111111111111111111111111111,0,0,"global memory",,,
69,1,0,15,3,"",FETCH,11111111111111111111111111111111,0,0,"global memory",,,
70,0,0,0,3,"",FETCH,11111111111111111111111111111111,0,0,"global memory",,,
70,0,0,1,3,"",FETCH,11111111111111111111111111111111,0,0,"global memory",,,
70,0,0,2,3,"",FETCH,11111111111111111111111111111111,0,0,"global memory",,,
70,0,0,3,3,"",FETCH,11111111111111111111111111111111,0,0,"global memory",,,
70,0,0,4,3,"",FETCH,11111111111111111111111111111111,0,0,"global memory",,,
70,0,0,5,3,"",FETCH,11111111111111111111111111111111,0,0,"global memory",,,
70,0,0,6,3,"",FETCH,11111111111111111111111111111111,0,0,"global memory",,,
70,0,0,7,3,"",FETCH,11111111111111111111111111111111,0,0,"global memory",,,
70,1,0,8,3,"",FETCH,11111111111111111111111111111111,0,0,"global memory",,,
70,1,0,9,3,"",FETCH,11111111111111111111111111111111,0,0,"global memory",,,
70,1,0,10,3,"",FETCH,11111111111111111111111111111111,0,0,"global memory",,,
70,1,0,11,3,"",FETCH,11111111111111111111111111111111,0,0,"global memory",,,
70,1,0,12,3,"",FETCH,11111111111111111111111111111111,0,0,"global memory",,,
70,1,0,13,3,"",FETCH,11111111111111111111111111111111,0,0,"global memory",,,
70,1,0,14,3,"",FETCH,11111111111111111111111111111111,0,0,"global memory",,,
70,1,0,15,3,"",FETCH,11111111111111111111111111111111,0,0,"global memory",,,
71,0,0,0,3,"",FETCH,11111111111111111111111111111111,0,0,"global memory",,,
71,0,0,1,3,"",FETCH,11111111111111111111111111111111,0,0,"global memory",,,
71,0,0,2,3,"",FETCH,11111111111111111111111111111111,0,0,"global memory",,,
71,0,0,3,3,"",FETCH,11111111111111111111111111111111,0,0,"global memory",,,
71,0,0,4,3,"",FETCH,11111111111111111111111111111111,0,0,"global memory",,,
71,0,0,5,3,"",FETCH,11111111111111111111111111111111,0,0,"global memory",,,
71,0,0,6,3,"",FETCH,11111111111111111111111111111111,0,0,"global memory",,,
71,0,0,7,3,"",FETCH,11111111111111111111111111111111,0,0,"global memory",,,
71,1,0,8,3,"",FETCH,11111111111111111111111111111111,0,0,"global memory",,,
71,1,0,9,3,"",FETCH,11111111111111111111111111111111,0,0,"global memory",,,
71,1,0,10,3,"",FETCH,11111111111111111111111111111111,0,0,"global memory",,,
71,1,0,11,3,"",FETCH,11111111111111111111111111111111,0,0,"global memory",,,
71,1,0,12,3,"",FETCH,11111111111111111111111111111111,0,0,"global memory",,,
71,1,0,13,3,"",FETCH,11111111111111111111111111111111,0,0,"global memory",,,
71,1,0,14,3,"",FETCH,11111111111111111111111111111111,0,0,"global memory",,,
71,1,0,15,3,"",FETCH,11111111111111111111111111111111,0,0,"global memory",,,
72,0,0,0,3,"",FETCH,11111111111111111111111111111111,0,0,"global memory",,,
72,0,0,1,3,"",FETCH,11111111111111111111111111111111,0,0,"global memory",,,
72,0,0,2,3,"",FETCH,11111111111111111111111111111111,0,0,"global memory",,,
72,0,0,3,3,"",FETCH,11111111111111111111111111111111,0,0,"global memory",,,
72,0,0,4,3,"",FETCH,11111111111111111111111111111111,0,0,"global memory",,,
72,0,0,5,3,"",FETCH,11111111111111111111111111111111,0,0,"global memory",,,
72,0,0,6,3,"",FETCH,11111111111111111111111111111111,0,0,"global memory",,,
72,0,0,7,3,"",FETCH,11111111111111111111111111111111,0,0,"global memory",,,
72,1,0,8,3,"",FETCH,11111111111111111111111111111111,0,0,"global memory",,,
72,1,0,9,3,"",FETCH,11111111111111111111111111111111,0,0,"global memory",,,
72,1,0,10,3,"",FETCH,11111111111111111111111111111111,0,0,"global memory",,,
72,1,0,11,3,"",FETCH,11111111111111111111111111111111,0,0,"global memory",,,
72,1,0,12,3,"",FETCH,11111111111111111111111111111111,0,0,"global memory",,,
72,1,0,13,3,"",FETCH,11111111111111111111111111111111,0,0,"global memory",,,
72,1,0,14,3,"",FETCH,11111111111111111111111111111111,0,0,"global memory",,,
72,1,0,15,3,"",FETCH,11111111111111111111111111111111,0,0,"global memory",,,
73,0,0,0,3,"",FETCH,11111111111111111111111111111111,0,0,"global memory",,,
73,0,0,1,3,"",FETCH,11111111111111111111111111111111,0,0,"global memory",,,
73,0,0,2,3,"",FETCH,11111111111111111111111111111111,0,0,"global memory",,,
73,0,0,3,3,"",FETCH,11111111111111111111111111111111,0,0,"global memory",,,
73,0,0,4,3,"",FETCH,11111111111111111111111111111111,0,0,"global memory",,,
73,0,0,5,3,"",FETCH,11111111111111111111111111111111,0,0,"global memory",,,
73,0,0,6,3,"",FETCH,11111111111111111111111111111111,0,0,"global memory",,,
73,0,0,7,3,"",FETCH,11111111111111111111111111111111,0,0,"global memory",,,
73,1,0,8,3,"",FETCH,11111111111111111111111111111111,0,0,"global memory",,,
73,1,0,9,3,"",FETCH,11111111111111111111111111111111,0,0,"global memory",,,
73,1,0,10,3,"",FETCH,11111111111111111111111111111111,0,0,"global memory",,,
73,1,0,11,3,"",FETCH,11111111111111111111111111111111,0,0,"global memory",,,
73,1,0,12,3,"",FETCH,11111111111111111111111111111111,0,0,"global memory",,,
73,1,0,13,3,"",FETCH,11111111111111111111111111111111,0,0,"global memory",,,
73,1,0,14,3,"",FETCH,11111111111111111111111111111111,0,0,"global memory",,,
73,1,0,15,3,"",FETCH,11111111111111111111111111111111,0,0,"global memory",,,
74,0,0,0,3,"",FETCH,11111111111111111111111111111111,0,0,"global memory",,,
74,0,0,1,3,"",FETCH,11111111111111111111111111111111,0,0,"global memory",,,
74,0,0,2,3,"",FETCH,11111111111111111111111111111111,0,0,"global memory",,,
74,0,0,3,3,"",FETCH,11111111111111111111111111111111,0,0,"global memory",,,
74,0,0,4,3,"",FETCH,11111111111111111111111111111111,0,0,"global memory",,,
74,0,0,5,3,"",FETCH,11111111111111111111111111111111,0,0,"global memory",,,
74,0,0,6,3,"",FETCH,11111111111111111111111111111111,0,0,"global memory",,,
74,0,0,7,3,"",FETCH,11111111111111111111111111111111,0,0,"global memory",,,
74,1,0,8,3,"",FETCH,11111111111111111111111111111111,0,0,"global memory",,,
74,1,0,9,3,"",FETCH,11111111111111111111111111111111,0,0,"global memory",,,
74,1,0,10,3,"",FETCH,11111111111111111111111111111111,0,0,"global memory",,,
74,1,0,11,3,"",FETCH,11111111111111111111111111111111,0,0,"global memory",,,
74,1,0,12,3,"",FETCH,11111111111111111111111111111111,0,0,"global memory",,,
74,1,0,13,3,"",FETCH,11111111111111111111111111111111,0,0,"global memory",,,
74,1,0,14,3,"",FETCH,11111111111111111111111111111111,0,0,"global memory",,,
74,1,0,15,3,"",FETCH,11111111111111111111111111111111,0,0,"global memory",,,
75,0,0,0,3,"",FETCH,11111111111111111111111111111111,0,0,"global memory",,,
75,0,0,1,3,"",FETCH,11111111111111111111111111111111,0,0,"global memory",,,
75,0,0,2,3,"",FETCH,11111111111111111111111111111111,0,0,"global memory",,,
75,0,0,3,3,"",FETCH,11111111111111111111111111111111,0,0,"global memory",,,
75,0,0,4,3,"",FETCH,11111111111111111111111111111111,0,0,"global memory",,,
75,0,0,5,3,"",FETCH,11111111111111111111111111111111,0,0,"global memory",,,
75,0,0,6,3,"",FETCH,11111111111111111111111111111111,0,0,"global memory",,,
75,0,0,7,3,"",FETCH,11111111111111111111111111111111,0,0,"global memory",,,
75,1,0,8,3,"",FETCH,11111111111111111111111111111111,0,0,"global memory",,,
75,1,0,9,3,"",FETCH,11111111111111111111111111111111,0,0,"global memory",,,
75,1,0,10,3,"",FETCH,11111111111111111111111111111111,0,0,"global memory",,,
75,1,0,11,3,"",FETCH,11111111111111111111111111111111,0,0,"global memory",,,
75,1,0,12,3,"",FETCH,11111111111111111111111111111111,0,0,"global memory",,,
75,1,0,13,3,"",FETCH,11111111111111111111111111111111,0,0,"global memory",,,
75,1,0,14,3,"",FETCH,11111111111111111111111111111111,0,0,"global memory",,,
75,1,0,15,3,"",FETCH,11111111111111111111111111111111,0,0,"global memory",,,
76,0,0,0,3,"",FETCH,11111111111111111111111111111111,0,0,"global memory",,,
76,0,0,1,3,"",FETCH,11111111111111111111111111111111,0,0,"global memory",,,
76,0,0,2,3,"",FETCH,11111111111111111111111111111111,0,0,"global memory",,,
76,0,0,3,3,"",FETCH,11111111111111111111111111111111,0,0,"global memory",,,
76,0,0,4,3,"",FETCH,11111111111111111111111111111111,0,0,"global memory",,,
76,0,0,5,3,"",FETCH,11111111111111111111111111111111,0,0,"global memory",,,
76,0,0,6,3,"",FETCH,11111111111111111111111111111111,0,0,"global memory",,,
76,0,0,7,3,"",FETCH,11111111111111111111111111111111,0,0,"global memory",,,
76,1,0,8,3,"",FETCH,11111111111111111111111111111111,0,0,"global memory",,,
76,1,0,9,3,"",FETCH,11111111111111111111111111111111,0,0,"global memory",,,
76,1,0,10,3,"",FETCH,11111111111111111111111111111111,0,0,"global memory",,,
76,1,0,11,3,"",FETCH,11111111111111111111111111111111,0,0,"global memory",,,
76,1,0,12,3,"",FETCH,11111111111111111111111111111111,0,0,"global memory",,,
76,1,0,13,3,"",FETCH,11111111111111111111111111111111,0,0,"global memory",,,
76,1,0,14,3,"",FETCH,11111111111111111111111111111111,0,0,"global memory",,,
76,1,0,15,3,"",FETCH,11111111111111111111111111111111,0,0,"global memory",,,
77,0,0,0,3,"",FETCH,11111111111111111111111111111111,0,0,"global memory",,,
77,0,0,1,3,"",FETCH,11111111111111111111111111111111,0,0,"global memory",,,
77,0,0,2,3,"",FETCH,11111111111111111111111111111111,0,0,"global memory",,,
77,0,0,3,3,"",FETCH,11111111111111111111111111111111,0,0,"global memory",,,
77,0,0,4,3,"",FETCH,11111111111111111111111111111111,0,0,"global memory",,,
77,0,0,5,3,"",FETCH,11111111111111111111111111111111,0,0,"global memory",,,
77,0,0,6,3,"",FETCH,11111111111111111111111111111111,0,0,"global memory",,,
77,0,0,7,3,"",FETCH,11111111111111111111111111111111,0,0,"global memory",,,
77,1,0,8,3,"",FETCH,11111111111111111111111111111111,0,0,"global memory",,,
77,1,0,9,3,"",FETCH,11111111111111111111111111111111,0,0,"global memory",,,
77,1,0,10,3,"",FETCH,11111111111111111111111111111111,0,0,"global memory",,,
77,1,0,11,3,"",FETCH,11111111111111111111111111111111,0,0,"global memory",,,
77,1,0,12,3,"",FETCH,11111111111111111111111111111111,0,0,"global memory",,,
77,1,0,13,3,"",FETCH,11111111111111111111111111111111,0,0,"global memory",,,
77,1,0,14,3,"",FETCH,11111111111111111111111111111111,0,0,"global memory",,,
77,1,0,15,3,"",FETCH,11111111111111111111111111111111,0,0,"global memory",,,
78,0,0,0,3,"",FETCH,11111111111111111111111111111111,0,0,"global memory",,,
78,0,0,1,3,"",FETCH,11111111111111111111111111111111,0,0,"global memory",,,
78,0,0,2,3,"",FETCH,11111111111111111111111111111111,0,0,"global memory",,,
78,0,0,3,3,"",FETCH,11111111111111111111111111111111,0,0,"global memory",,,
78,0,0,4,3,"",FETCH,11111111111111111111111111111111,0,0,"global memory",,,
78,0,0,5,3,"",FETCH,11111111111111111111111111111111,0,0,"global memory",,,
78,0,0,6,3,"",FETCH,11111111111111111111111111111111,0,0,"global memory",,,
78,0,0,7,3,"",FETCH,11111111111111111111111111111111,0,0,"global memory",,,
78,1,0,8,3,"",FETCH,11111111111111111111111111111111,0,0,"global memory",,,
78,1,0,9,3,"",FETCH,11111111111111111111111111111111,0,0,"global memory",,,
78,1,0,10,3,"",FETCH,11111111111111111111111111111111,0,0,"global memory",,,
78,1,0,11,3,"",FETCH,11111111111111111111111111111111,0,0,"global memory",,,
78,1,0,12,3,"",FETCH,11111111111111111111111111111111,0,0,"global memory",,,
78,1,0,13,3,"",FETCH,11111111111111111111111111111111,0,0,"global memory",,,
78,1,0,14,3,"",FETCH,11111111111111111111111111111111,0,0,"global memory",,,
78,1,0,15,3,"",FETCH,11111111111111111111111111111111,0,0,"global memory",,,
79,0,0,0,3,"",FETCH,11111111111111111111111111111111,0,0,"global memory",,,
79,0,0,1,3,"",FETCH,11111111111111111111111111111111,0,0,"global memory",,,
79,0,0,2,3,"",FETCH,11111111111111111111111111111111,0,0,"global memory",,,
79,0,0,3,3,"",FETCH,11111111111111111111111111111111,0,0,"global memory",,,
79,0,0,4,3,"",FETCH,11111111111111111111111111111111,0,0,"global memory",,,
79,0,0,5,3,"",FETCH,11111111111111111111111111111111,0,0,"global memory",,,
79,0,0,6,3,"",FETCH,11111111111111111111111111111111,0,0,"global memory",,,
79,0,0,7,3,"",FETCH,11111111111111111111111111111111,0,0,"global memory",,,
79,1,0,8,3,"",FETCH,11111111111111111111111111111111,0,0,"global memory",,,
79,1,0,9,3,"",FETCH,11111111111111111111111111111111,0,0,"global memory",,,
79,1,0,10,3,"",FETCH,11111111111111111111111111111111,0,0,"global memory",,,
79,1,0,11,3,"",FETCH,11111111111111111111111111111111,0,0,"global memory",,,
79,1,0,12,3,"",FETCH,11111111111111111111111111111111,0,0,"global memory",,,
79,1,0,13,3,"",FETCH,11111111111111111111111111111111,0,0,"global memory",,,
79,1,0,14,3,"",FETCH,11111111111111111111111111111111,0,0,"global memory",,,
79,1,0,15,3,"",FETCH,11111111111111111111111111111111,0,0,"global memory",,,
80,0,0,0,3,"",FETCH,11111111111111111111111111111111,0,0,"global memory",,,
80,0,0,1,3,"",FETCH,11111111111111111111111111111111,0,0,"global memory",,,
80,0,0,2,3,"",FETCH,11111111111111111111111111111111,0,0,"global memory",,,
80,0,0,3,3,"",FETCH,11111111111111111111111111111111,0,0,"global memory",,,
80,0,0,4,3,"",FETCH,11111111111111111111111111111111,0,0,"global memory",,,
80,0,0,5,3,"",FETCH,11111111111111111111111111111111,0,0,"global memory",,,
80,0,0,6,3,"",FETCH,11111111111111111111111111111111,0,0,"global memory",,,
80,0,0,7,3,"",FETCH,11111111111111111111111111111111,0,0,"global memory",,,
80,1,0,8,3,"",FETCH,11111111111111111111111111111111,0,0,"global memory",,,
80,1,0,9,3,"",FETCH,11111111111111111111111111111111,0,0,"global memory",,,
80,1,0,10,3,"",FETCH,11111111111111111111111111111111,0,0,"global memory",,,
80,1,0,11,3,"",FETCH,11111111111111111111111111111111,0,0,"global memory",,,
80,1,0,12,3,"",FETCH,11111111111111111111111111111111,0,0,"global memory",,,
80,1,0,13,3,"",FETCH,11111111111111111111111111111111,0,0,"global memory",,,
80,1,0,14,3,"",FETCH,11111111111111111111111111111111,0,0,"global memory",,,
80,1,0,15,3,"",FETCH,11111111111111111111111111111111,0,0,"global memory",,,
81,0,0,0,3,"",FETCH,11111111111111111111111111111111,0,0,"global memory",,,
81,0,0,1,3,"",FETCH,11111111111111111111111111111111,0,0,"global memory",,,
81,0,0,2,3,"",FETCH,11111111111111111111111111111111,0,0,"global memory",,,
81,0,0,3,3,"",FETCH,11111111111111111111111111111111,0,0,"global memory",,,
81,0,0,4,3,"",FETCH,11111111111111111111111111111111,0,0,"global memory",,,
81,0,0,5,3,"",FETCH,11111111111111111111111111111111,0,0,"global memory",,,
81,0,0,6,3,"",FETCH,11111111111111111111111111111111,0,0,"global memory",,,
81,0,0,7,3,"",FETCH,11111111111111111111111111111111,0,0,"global memory",,,
81,1,0,8,3,"",FETCH,11111111111111111111111111111111,0,0,"global memory",,,
81,1,0,9,3,"",FETCH,11111111111111111111111111111111,0,0,"global memory",,,
81,1,0,10,3,"",FETCH,11111111111111111111111111111111,0,0,"global memory",,,
81,1,0,11,3,"",FETCH,11111111111111111111111111111111,0,0,"global memory",,,
81,1,0,12,3,"",FETCH,11111111111111111111111111111111,0,0,"global memory",,,
81,1,0,13,3,"",FETCH,11111111111111111111111111111111,0,0,"global memory",,,
81,1,0,14,3,"",FETCH,11111111111111111111111111111111,0,0,"global memory",,,
81,1,0,15,3,"",FETCH,11111111111111111111111111111111,0,0,"global memory",,,
82,0,0,0,3,"",FETCH,11111111111111111111111111111111,0,0,"global memory",,,
82,0,0,1,3,"",FETCH,11111111111111111111111111111111,0,0,"global memory",,,
82,0,0,2,3,"",FETCH,11111111111111111111111111111111,0,0,"global memory",,,
82,0,0,3,3,"",FETCH,11111111111111111111111111111111,0,0,"global memory",,,
82,0,0,4,3,"",FETCH,11111111111111111111111111111111,0,0,"global memory",,,
82,0,0,5,3,"",FETCH,11111111111111111111111111111111,0,0,"global memory",,,
82,0,0,6,3,"",FETCH,11111111111111111111111111111111,0,0,"global memory",,,
82,0,0,7,3,"",FETCH,11111111111111111111111111111111,0,0,"global memory",,,
82,1,0,8,3,"",FETCH,11111111111111111111111111111111,0,0,"global memory",,,
82,1,0,9,3,"",FETCH,11111111111111111111111111111111,0,0,"global memory",,,
82,1,0,10,3,"",FETCH,11111111111111111111111111111111,0,0,"global memory",,,
82,1,0,11,3,"",FETCH,11111111111111111111111111111111,0,0,"global memory",,,
82,1,0,12,3,"",FETCH,11111111111111111111111111111111,0,0,"global memory",,,
82,1,0,13,3,"",FETCH,11111111111111111111111111111111,0,0,"global memory",,,
82,1,0,14,3,"",FETCH,11111111111111111111111111111111,0,0,"global memory",,,
82,1,0,15,3,"",FETCH,11111111111111111111111111111111,0,0,"global memory",,,
83,0,0,0,3,"",FETCH,11111111111111111111111111111111,0,0,"global memory",,,
83,0,0,1,3,"",FETCH,11111111111111111111111111111111,0,0,"global memory",,,
83,0,0,2,3,"",FETCH,11111111111111111111111111111111,0,0,"global memory",,,
83,0,0,3,3,"",FETCH,11111111111111111111111111111111,0,0,"global memory",,,
83,0,0,4,3,"",FETCH,11111111111111111111111111111111,0,0,"global memory",,,
83,0,0,5,3,"",FETCH,11111111111111111111111111111111,0,0,"global memory",,,
83,0,0,6,3,"",FETCH,11111111111111111111111111111111,0,0,"global memory",,,
83,0,0,7,3,"",FETCH,11111111111111111111111111111111,0,0,"global memory",,,
83,1,0,8,3,"",FETCH,11111111111111111111111111111111,0,0,"global memory",,,
83,1,0,9,3,"",FETCH,11111111111111111111111111111111,0,0,"global memory",,,
83,1,0,10,3,"",FETCH,11111111111111111111111111111111,0,0,"global memory",,,
83,1,0,11,3,"",FETCH,11111111111111111111111111111111,0,0,"global memory",,,
83,1,0,12,3,"",FETCH,11111111111111111111111111111111,0,0,"global memory",,,
83,1,0,13,3,"",FETCH,11111111111111111111111111111111,0,0,"global memory",,,
83,1,0,14,3,"",FETCH,11111111111111111111111111111111,0,0,"global memory",,,
83,1,0,15,3,"",FETCH,11111111111111111111111111111111,0,0,"global memory",,,
84,0,0,0,3,"",FETCH,11111111111111111111111111111111,0,0,"global memory",,,
84,0,0,1,3,"",FETCH,11111111111111111111111111111111,0,0,"global memory",,,
84,0,0,2,3,"",FETCH,11111111111111111111111111111111,0,0,"global memory",,,
84,0,0,3,3,"",FETCH,11111111111111111111111111111111,0,0,"global memory",,,
84,0,0,4,3,"",FETCH,11111111111111111111111111111111,0,0,"global memory",,,
84,0,0,5,3,"",FETCH,11111111111111111111111111111111,0,0,"global memory",,,
84,0,0,6,3,"",FETCH,11111111111111111111111111111111,0,0,"global memory",,,
84,0,0,7,3,"",FETCH,11111111111111111111111111111111,0,0,"global memory",,,
84,1,0,8,3,"",FETCH,11111111111111111111111111111111,0,0,"global memory",,,
84,1,0,9,3,"",FETCH,11111111111111111111111111111111,0,0,"global memory",,,
84,1,0,10,3,"",FETCH,11111111111111111111111111111111,0,0,"global memory",,,
84,1,0,11,3,"",FETCH,11111111111111111111111111111111,0,0,"global memory",,,
84,1,0,12,3,"",FETCH,11111111111111111111111111111111,0,0,"global memory",,,
84,1,0,13,3,"",FETCH,11111111111111111111111111111111,0,0,"global memory",,,
84,1,0,14,3,"",FETCH,11111111111111111111111111111111,0,0,"global memory",,,
84,1,0,15,3,"",FETCH,11111111111111111111111111111111,0,0,"global memory",,,
85,0,0,0,3,"",FETCH,11111111111111111111111111111111,0,0,"global memory",,,
85,0,0,1,3,"",FETCH,11111111111111111111111111111111,0,0,"global memory",,,
85,0,0,2,3,"",FETCH,11111111111111111111111111111111,0,0,"global memory",,,
85,0,0,3,3,"",FETCH,11111111111111111111111111111111,0,0,"global memory",,,
85,0,0,4,3,"",FETCH,11111111111111111111111111111111,0,0,"global memory",,,
85,0,0,5,3,"",FETCH,11111111111111111111111111111111,0,0,"global memory",,,
85,0,0,6,3,"",FETCH,11111111111111111111111111111111,0,0,"global memory",,,
85,0,0,7,3,"",FETCH,11111111111111111111111111111111,0,0,"global memory",,,
85,1,0,8,3,"",FETCH,11111111111111111111111111111111,0,0,"global memory",,,
85,1,0,9,3,"",FETCH,11111111111111111111111111111111,0,0,"global memory",,,
85,1,0,10,3,"",FETCH,11111111111111111111111111111111,0,0,"global memory",,,
85,1,0,11,3,"",FETCH,11111111111111111111111111111111,0,0,"global memory",,,
85,1,0,12,3,"",FETCH,11111111111111111111111111111111,0,0,"global memory",,,
85,1,0,13,3,"",FETCH,11111111111111111111111111111111,0,0,"global memory",,,
85,1,0,14,3,"",FETCH,11111111111111111111111111111111,0,0,"global memory",,,
85,1,0,15,3,"",FETCH,11111111111111111111111111111111,0,0,"global memory",,,
86,0,0,0,3,"",FETCH,11111111111111111111111111111111,0,0,"global memory",,,
86,0,0,1,3,"",FETCH,11111111111111111111111111111111,0,0,"global memory",,,
86,0,0,2,3,"",FETCH,11111111111111111111111111111111,0,0,"global memory",,,
86,0,0,3,3,"",FETCH,11111111111111111111111111111111,0,0,"global memory",,,
86,0,0,4,3,"",FETCH,11111111111111111111111111111111,0,0,"global memory",,,
86,0,0,5,3,"",FETCH,11111111111111111111111111111111,0,0,"global memory",,,
86,0,0,6,3,"",FETCH,11111111111111111111111111111111,0,0,"global memory",,,
86,0,0,7,3,"",FETCH,11111111111111111111111111111111,0,0,"global memory",,,
86,1,0,8,3,"",FETCH,11111111111111111111111111111111,0,0,"global memory",,,
86,1,0,9,3,"",FETCH,11111111111111111111111111111111,0,0,"global memory",,,
86,1,0,10,3,"",FETCH,11111111111111111111111111111111,0,0,"global memory",,,
86,1,0,11,3,"",FETCH,11111111111111111111111111111111,0,0,"global memory",,,
86,1,0,12,3,"",FETCH,11111111111111111111111111111111,0,0,"global memory",,,
86,1,0,13,3,"",FETCH,11111111111111111111111111111111,0,0,"global memory",,,
86,1,0,14,3,"",FETCH,11111111111111111111111111111111,0,0,"global memory",,,
86,1,0,15,3,"",FETCH,11111111111111111111111111111111,0,0,"global memory",,,
87,0,0,0,3,"",FETCH,11111111111111111111111111111111,0,0,"global memory",,,
87,0,0,1,3,"",FETCH,11111111111111111111111111111111,0,0,"global memory",,,
87,0,0,2,3,"",FETCH,11111111111111111111111111111111,0,0,"global memory",,,
87,0,0,3,3,"",FETCH,11111111111111111111111111111111,0,0,"global memory",,,
87,0,0,4,3,"",FETCH,11111111111111111111111111111111,0,0,"global memory",,,
87,0,0,5,3,"",FETCH,11111111111111111111111111111111,0,0,"global memory",,,
87,0,0,6,3,"",FETCH,11111111111111111111111111111111,0,0,"global memory",,,
87,0,0,7,3,"",FETCH,11111111111111111111111111111111,0,0,"global memory",,,
87,1,0,8,3,"",FETCH,11111111111111111111111111111111,0,0,"global memory",,,
87,1,0,9,3,"",FETCH,11111111111111111111111111111111,0,0,"global memory",,,
87,1,0,10,3,"",FETCH,11111111111111111111111111111111,0,0,"global memory",,,
87,1,0,11,3,"",FETCH,11111111111111111111111111111111,0,0,"global memory",,,
87,1,0,12,3,"",FETCH,11111111111111111111111111111111,0,0,"global memory",,,
87,1,0,13,3,"",FETCH,11111111111111111111111111111111,0,0,"global memory",,,
87,1,0,14,3,"",FETCH,11111111111111111111111111111111,0,0,"global memory",,,
87,1,0,15,3,"",FETCH,11111111111111111111111111111111,0,0,"global memory",,,
88,0,0,0,3,"",FETCH,11111111111111111111111111111111,0,0,"global memory",,,
88,0,0,1,3,"",FETCH,11111111111111111111111111111111,0,0,"global memory",,,
88,0,0,2,3,"",FETCH,11111111111111111111111111111111,0,0,"global memory",,,
88,0,0,3,3,"",FETCH,11111111111111111111111111111111,0,0,"global memory",,,
88,0,0,4,3,"",FETCH,11111111111111111111111111111111,0,0,"global memory",,,
88,0,0,5,3,"",FETCH,11111111111111111111111111111111,0,0,"global memory",,,
88,0,0,6,3,"",FETCH,11111111111111111111111111111111,0,0,"global memory",,,
88,0,0,7,3,"",FETCH,11111111111111111111111111111111,0,0,"global memory",,,
88,1,0,8,3,"",FETCH,11111111111111111111111111111111,0,0,"global memory",,,
88,1,0,9,3,"",FETCH,11111111111111111111111111111111,0,0,"global memory",,,
88,1,0,10,3,"",FETCH,11111111111111111111111111111111,0,0,"global memory",,,
88,1,0,11,3,"",FETCH,11111111111111111111111111111111,0,0,"global memory",,,
88,1,0,12,3,"",FETCH,11111111111111111111111111111111,0,0,"global memory",,,
88,1,0,13,3,"",FETCH,11111111111111111111111111111111,0,0,"global memory",,,
88,1,0,14,3,"",FETCH,11111111111111111111111111111111,0,0,"global memory",,,
88,1,0,15,3,"",FETCH,11111111111111111111111111111111,0,0,"global memory",,,
89,0,0,0,3,"",FETCH,11111111111111111111111111111111,0,0,"global memory",,,
89,0,0,1,3,"",FETCH,11111111111111111111111111111111,0,0,"global memory",,,
89,0,0,2,3,"",FETCH,11111111111111111111111111111111,0,0,"global memory",,,
89,0,0,3,3,"",FETCH,11111111111111111111111111111111,0,0,"global memory",,,
89,0,0,4,3,"",FETCH,11111111111111111111111111111111,0,0,"global memory",,,
89,0,0,5,3,"",FETCH,11111111111111111111111111111111,0,0,"global memory",,,
89,0,0,6,3,"",FETCH,11111111111111111111111111111111,0,0,"global memory",,,
89,0,0,7,3,"",FETCH,11111111111111111111111111111111,0,0,"global memory",,,
89,1,0,8,3,"",FETCH,11111111111111111111111111111111,0,0,"global memory",,,
89,1,0,9,3,"",FETCH,11111111111111111111111111111111,0,0,"global memory",,,
89,1,0,10,3,"",FETCH,11111111111111111111111111111111,0,0,"global memory",,,
89,1,0,11,3,"",FETCH,11111111111111111111111111111111,0,0,"global memory",,,
89,1,0,12,3,"",FETCH,11111111111111111111111111111111,0,0,"global memory",,,
89,1,0,13,3,"",FETCH,11111111111111111111111111111111,0,0,"global memory",,,
89,1,0,14,3,"",FETCH,11111111111111111111111111111111,0,0,"global memory",,,
89,1,0,15,3,"",FETCH,11111111111111111111111111111111,0,0,"global memory",,,
90,0,0,0,3,"",FETCH,11111111111111111111111111111111,0,0,"global memory",,,
90,0,0,1,3,"",FETCH,11111111111111111111111111111111,0,0,"global memory",,,
90,0,0,2,3,"",FETCH,11111111111111111111111111111111,0,0,"global memory",,,
90,0,0,3,3,"",FETCH,11111111111111111111111111111111,0,0,"global memory",,,
90,0,0,4,3,"",FETCH,11111111111111111111111111111111,0,0,"global memory",,,
90,0,0,5,3,"",FETCH,11111111111111111111111111111111,0,0,"global memory",,,
90,0,0,6,3,"",FETCH,11111111111111111111111111111111,0,0,"global memory",,,
90,0,0,7,3,"",FETCH,11111111111111111111111111111111,0,0,"global memory",,,
90,1,0,8,3,"",FETCH,11111111111111111111111111111111,0,0,"global memory",,,
90,1,0,9,3,"",FETCH,11111111111111111111111111111111,0,0,"global memory",,,
90,1,0,10,3,"",FETCH,11111111111111111111111111111111,0,0,"global memory",,,
90,1,0,11,3,"",FETCH,11111111111111111111111111111111,0,0,"global memory",,,
90,1,0,12,3,"",FETCH,11111111111111111111111111111111,0,0,"global memory",,,
90,1,0,13,3,"",FETCH,11111111111111111111111111111111,0,0,"global memory",,,
90,1,0,14,3,"",FETCH,11111111111111111111111111111111,0,0,"global memory",,,
90,1,0,15,3,"",FETCH,11111111111111111111111111111111,0,0,"global memory",,,
91,0,0,0,3,"",FETCH,11111111111111111111111111111111,0,0,"global memory",,,
91,0,0,1,3,"",FETCH,11111111111111111111111111111111,0,0,"global memory",,,
91,0,0,2,3,"",FETCH,11111111111111111111111111111111,0,0,"global memory",,,
91,0,0,3,3,"",FETCH,11111111111111111111111111111111,0,0,"global memory",,,
91,0,0,4,3,"",FETCH,11111111111111111111111111111111,0,0,"global memory",,,
91,0,0,5,3,"",FETCH,11111111111111111111111111111111,0,0,"global memory",,,
91,0,0,6,3,"",FETCH,11111111111111111111111111111111,0,0,"global memory",,,
91,0,0,7,3,"",FETCH,11111111111111111111111111111111,0,0,"global memory",,,
91,1,0,8,3,"",FETCH,11111111111111111111111111111111,0,0,"global memory",,,
91,1,0,9,3,"",FETCH,11111111111111111111111111111111,0,0,"global memory",,,
91,1,0,10,3,"",FETCH,11111111111111111111111111111111,0,0,"global memory",,,
91,1,0,11,3,"",FETCH,11111111111111111111111111111111,0,0,"global memory",,,
91,1,0,12,3,"",FETCH,11111111111111111111111111111111,0,0,"global memory",,,
91,1,0,13,3,"",FETCH,11111111111111111111111111111111,0,0,"global memory",,,
91,1,0,14,3,"",FETCH,11111111111111111111111111111111,0,0,"global memory",,,
91,1,0,15,3,"",FETCH,11111111111111111111111111111111,0,0,"global memory",,,
92,0,0,0,3,"",FETCH,11111111111111111111111111111111,0,0,"global memory",,,
92,0,0,1,3,"",FETCH,11111111111111111111111111111111,0,0,"global memory",,,
92,0,0,2,3,"",FETCH,11111111111111111111111111111111,0,0,"global memory",,,
92,0,0,3,3,"",FETCH,11111111111111111111111111111111,0,0,"global memory",,,
92,0,0,4,3,"",FETCH,11111111111111111111111111111111,0,0,"global memory",,,
92,0,0,5,3,"",FETCH,11111111111111111111111111111111,0,0,"global memory",,,
92,0,0,6,3,"",FETCH,11111111111111111111111111111111,0,0,"global memory",,,
92,0,0,7,3,"",FETCH,11111111111111111111111111111111,0,0,"global memory",,,
92,1,0,8,3,"",FETCH,11111111111111111111111111111111,0,0,"global memory",,,
92,1,0,9,3,"",FETCH,11111111111111111111111111111111,0,0,"global memory",,,
92,1,0,10,3,"",FETCH,11111111111111111111111111111111,0,0,"global memory",,,
92,1,0,11,3,"",FETCH,11111111111111111111111111111111,0,0,"global memory",,,
92,1,0,12,3,"",FETCH,11111111111111111111111111111111,0,0,"global memory",,,
92,1,0,13,3,"",FETCH,11111111111111111111111111111111,0,0,"global memory",,,
92,1,0,14,3,"",FETCH,11111111111111111111111111111111,0,0,"global memory",,,
92,1,0,15,3,"",FETCH,11111111111111111111111111111111,0,0,"global memory",,,
93,0,0,0,3,"",FETCH,11111111111111111111111111111111,0,0,"global memory",,,
93,0,0,1,3,"",FETCH,11111111111111111111111111111111,0,0,"global memory",,,
93,0,0,2,3,"",FETCH,11111111111111111111111111111111,0,0,"global memory",,,
93,0,0,3,3,"",FETCH,11111111111111111111111111111111,0,0,"global memory",,,
93,0,0,4,3,"",FETCH,11111111111111111111111111111111,0,0,"global memory",,,
93,0,0,5,3,"",FETCH,11111111111111111111111111111111,0,0,"global memory",,,
93,0,0,6,3,"",FETCH,11111111111111111111111111111111,0,0,"global memory",,,
93,0,0,7,3,"",FETCH,11111111111111111111111111111111,0,0,"global memory",,,
93,1,0,8,3,"",FETCH,11111111111111111111111111111111,0,0,"global memory",,,
93,1,0,9,3,"",FETCH,11111111111111111111111111111111,0,0,"global memory",,,
93,1,0,10,3,"",FETCH,11111111111111111111111111111111,0,0,"global memory",,,
93,1,0,11,3,"",FETCH,11111111111111111111111111111111,0,0,"global memory",,,
93,1,0,12,3,"",FETCH,11111111111111111111111111111111,0,0,"global memory",,,
93,1,0,13,3,"",FETCH,11111111111111111111111111111111,0,0,"global memory",,,
93,1,0,14,3,"",FETCH,11111111111111111111111111111111,0,0,"global memory",,,
93,1,0,15,3,"",FETCH,11111111111111111111111111111111,0,0,"global memory",,,
94,0,0,0,3,"",FETCH,11111111111111111111111111111111,0,0,"global memory",,,
94,0,0,1,3,"",FETCH,11111111111111111111111111111111,0,0,"global memory",,,
94,0,0,2,3,"",FETCH,11111111111111111111111111111111,0,0,"global memory",,,
94,0,0,3,3,"",FETCH,11111111111111111111111111111111,0,0,"global memory",,,
94,0,0,4,3,"",FETCH,11111111111111111111111111111111,0,0,"global memory",,,
94,0,0,5,3,"",FETCH,11111111111111111111111111111111,0,0,"global memory",,,
94,0,0,6,3,"",FETCH,11111111111111111111111111111111,0,0,"global memory",,,
94,0,0,7,3,"",FETCH,11111111111111111111111111111111,0,0,"global memory",,,
94,1,0,8,3,"",FETCH,11111111111111111111111111111111,0,0,"global memory",,,
94,1,0,9,3,"",FETCH,11111111111111111111111111111111,0,0,"global memory",,,
94,1,0,10,3,"",FETCH,11111111111111111111111111111111,0,0,"global memory",,,
94,1,0,11,3,"",FETCH,11111111111111111111111111111111,0,0,"global memory",,,
94,1,0,12,3,"",FETCH,11111111111111111111111111111111,0,0,"global memory",,,
94,1,0,13,3,"",FETCH,11111111111111111111111111111111,0,0,"global memory",,,
94,1,0,14,3,"",FETCH,11111111111111111111111111111111,0,0,"global memory",,,
94,1,0,15,3,"",FETCH,11111111111111111111111111111111,0,0,"global memory",,,
95,0,0,0,3,"",FETCH,11111111111111111111111111111111,0,0,"global memory",,,
95,0,0,1,3,"",FETCH,11111111111111111111111111111111,0,0,"global memory",,,
95,0,0,2,3,"",FETCH,11111111111111111111111111111111,0,0,"global memory",,,
95,0,0,3,3,"",FETCH,11111111111111111111111111111111,0,0,"global memory",,,
95,0,0,4,3,"",FETCH,11111111111111111111111111111111,0,0,"global memory",,,
95,0,0,5,3,"",FETCH,11111111111111111111111111111111,0,0,"global memory",,,
95,0,0,6,3,"",FETCH,11111111111111111111111111111111,0,0,"global memory",,,
95,0,0,7,3,"",FETCH,11111111111111111111111111111111,0,0,"global memory",,,
95,1,0,8,3,"",FETCH,11111111111111111111111111111111,0,0,"global memory",,,
95,1,0,9,3,"",FETCH,11111111111111111111111111111111,0,0,"global memory",,,
95,1,0,10,3,"",FETCH,11111111111111111111111111111111,0,0,"global memory",,,
95,1,0,11,3,"",FETCH,11111111111111111111111111111111,0,0,"global memory",,,
95,1,0,12,3,"",FETCH,11111111111111111111111111111111,0,0,"global memory",,,
95,1,0,13,3,"",FETCH,11111111111111111111111111111111,0,0,"global memory",,,
95,1,0,14,3,"",FETCH,11111111111111111111111111111111,0,0,"global memory",,,
95,1,0,15,3,"",FETCH,11111111111111111111111111111111,0,0,"global memory",,,
96,0,0,0,3,"",FETCH,11111111111111111111111111111111,0,0,"global memory",,,
96,0,0,1,3,"",FETCH,11111111111111111111111111111111,0,0,"global memory",,,
96,0,0,2,3,"",FETCH,11111111111111111111111111111111,0,0,"global memory",,,
96,0,0,3,3,"",FETCH,11111111111111111111111111111111,0,0,"global memory",,,
96,0,0,4,3,"",FETCH,11111111111111111111111111111111,0,0,"global memory",,,
96,0,0,5,3,"",FETCH,11111111111111111111111111111111,0,0,"global memory",,,
96,0,0,6,3,"",FETCH,11111111111111111111111111111111,0,0,"global memory",,,
96,0,0,7,3,"",FETCH,11111111111111111111111111111111,0,0,"global memory",,,
96,1,0,8,3,"",FETCH,11111111111111111111111111111111,0,0,"global memory",,,
96,1,0,9,3,"",FETCH,11111111111111111111111111111111,0,0,"global memory",,,
96,1,0,10,3,"",FETCH,11111111111111111111111111111111,0,0,"global memory",,,
96,1,0,11,3,"",FETCH,11111111111111111111111111111111,0,0,"global memory",,,
96,1,0,12,3,"",FETCH,11111111111111111111111111111111,0,0,"global memory",,,
96,1,0,13,3,"",FETCH,11111111111111111111111111111111,0,0,"global memory",,,
96,1,0,14,3,"",FETCH,11111111111111111111111111111111,0,0,"global memory",,,
96,1,0,15,3,"",FETCH,11111111111111111111111111111111,0,0,"global memory",,,
97,0,0,0,3,"",FETCH,11111111111111111111111111111111,0,0,"global memory",,,
97,0,0,1,3,"",FETCH,11111111111111111111111111111111,0,0,"global memory",,,
97,0,0,2,3,"",FETCH,11111111111111111111111111111111,0,0,"global memory",,,
97,0,0,3,3,"",FETCH,11111111111111111111111111111111,0,0,"global memory",,,
97,0,0,4,3,"",FETCH,11111111111111111111111111111111,0,0,"global memory",,,
97,0,0,5,3,"",FETCH,11111111111111111111111111111111,0,0,"global memory",,,
97,0,0,6,3,"",FETCH,11111111111111111111111111111111,0,0,"global memory",,,
97,0,0,7,3,"",FETCH,11111111111111111111111111111111,0,0,"global memory",,,
97,1,0,8,3,"",FETCH,11111111111111111111111111111111,0,0,"global memory",,,
97,1,0,9,3,"",FETCH,11111111111111111111111111111111,0,0,"global memory",,,
97,1,0,10,3,"",FETCH,11111111111111111111111111111111,0,0,"global memory",,,
97,1,0,11,3,"",FETCH,11111111111111111111111111111111,0,0,"global memory",,,
97,1,0,12,3,"",FETCH,11111111111111111111111111111111,0,0,"global memory",,,
97,1,0,13,3,"",FETCH,11111111111111111111111111111111,0,0,"global memory",,,
97,1,0,14,3,"",FETCH,11111111111111111111111111111111,0,0,"global memory",,,
97,1,0,15,3,"",FETCH,11111111111111111111111111111111,0,0,"global memory",,,
98,0,0,0,3,"",FETCH,11111111111111111111111111111111,0,0,"global memory",,,
98,0,0,1,3,"",FETCH,11111111111111111111111111111111,0,0,"global memory",,,
98,0,0,2,3,"",FETCH,11111111111111111111111111111111,0,0,"global memory",,,
98,0,0,3,3,"",FETCH,11111111111111111111111111111111,0,0,"global memory",,,
98,0,0,4,3,"",FETCH,11111111111111111111111111111111,0,0,"global memory",,,
98,0,0,5,3,"",FETCH,11111111111111111111111111111111,0,0,"global memory",,,
98,0,0,6,3,"",FETCH,11111111111111111111111111111111,0,0,"global memory",,,
98,0,0,7,3,"",FETCH,11111111111111111111111111111111,0,0,"global memory",,,
98,1,0,8,3,"",FETCH,11111111111111111111111111111111,0,0,"global memory",,,
98,1,0,9,3,"",FETCH,11111111111111111111111111111111,0,0,"global memory",,,
98,1,0,10,3,"",FETCH,11111111111111111111111111111111,0,0,"global memory",,,
98,1,0,11,3,"",FETCH,11111111111111111111111111111111,0,0,"global memory",,,
98,1,0,12,3,"",FETCH,11111111111111111111111111111111,0,0,"global memory",,,
98,1,0,13,3,"",FETCH,11111111111111111111111111111111,0,0,"global memory",,,
98,1,0,14,3,"",FETCH,11111111111111111111111111111111,0,0,"global memory",,,
98,1,0,15,3,"",FETCH,11111111111111111111111111111111,0,0,"global memory",,,
99,0,0,0,3,"",FETCH,11111111111111111111111111111111,0,0,"global memory",,,
99,0,0,1,3,"",FETCH,11111111111111111111111111111111,0,0,"global memory",,,
99,0,0,2,3,"",FETCH,11111111111111111111111111111111,0,0,"global memory",,,
99,0,0,3,3,"",FETCH,11111111111111111111111111111111,0,0,"global memory",,,
99,0,0,4,3,"",FETCH,11111111111111111111111111111111,0,0,"global memory",,,
99,0,0,5,3,"",FETCH,11111111111111111111111111111111,0,0,"global memory",,,
99,0,0,6,3,"",FETCH,11111111111111111111111111111111,0,0,"global memory",,,
99,0,0,7,3,"",FETCH,11111111111111111111111111111111,0,0,"global memory",,,
99,1,0,8,3,"",FETCH,11111111111111111111111111111111,0,0,"global memory",,,
99,1,0,9,3,"",FETCH,11111111111111111111111111111111,0,0,"global memory",,,
99,1,0,10,3,"",FETCH,11111111111111111111111111111111,0,0,"global memory",,,
99,1,0,11,3,"",FETCH,11111111111111111111111111111111,0,0,"global memory",,,
99,1,0,12,3,"",FETCH,11111111111111111111111111111111,0,0,"global memory",,,
99,1,0,13,3,"",FETCH,11111111111111111111111111111111,0,0,"global memory",,,
99,1,0,14,3,"",FETCH,11111111111111111111111111111111,0,0,"global memory",,,
99,1,0,15,3,"",FETCH,11111111111111111111111111111111,0,0,"global memory",,,
100,0,0,0,3,"",FETCH,11111111111111111111111111111111,0,0,"global memory",,,
100,0,0,1,3,"",FETCH,11111111111111111111111111111111,0,0,"global memory",,,
100,0,0,2,3,"",FETCH,11111111111111111111111111111111,0,0,"global memory",,,
100,0,0,3,3,"",FETCH,11111111111111111111111111111111,0,0,"global memory",,,
100,0,0,4,3,"",FETCH,11111111111111111111111111111111,0,0,"global memory",,,
100,0,0,5,3,"",FETCH,11111111111111111111111111111111,0,0,"global memory",,,
100,0,0,6,3,"",FETCH,11111111111111111111111111111111,0,0,"global memory",,,
100,0,0,7,3,"",FETCH,11111111111111111111111111111111,0,0,"global memory",,,
100,1,0,8,3,"",FETCH,11111111111111111111111111111111,0,0,"global memory",,,
100,1,0,9,3,"",FETCH,11111111111111111111111111111111,0,0,"global memory",,,
100,1,0,10,3,"",FETCH,11111111111111111111111111111111,0,0,"global memory",,,
100,1,0,11,3,"",FETCH,11111111111111111111111111111111,0,0,"global memory",,,
100,1,0,12,3,"",FETCH,11111111111111111111111111111111,0,0,"global memory",,,
100,1,0,13,3,"",FETCH,11111111111111111111111111111111,0,0,"global memory",,,
100,1,0,14,3,"",FETCH,11111111111111111111111111111111,0,0,"global memory",,,
100,1,0,15,3,"",FETCH,11111111111111111111111111111111,0,0,"global memory",,,
101,0,0,0,3,"",FETCH,11111111111111111111111111111111,0,0,"global memory",,,
101,0,0,1,3,"",FETCH,11111111111111111111111111111111,0,0,"global memory",,,
101,0,0,2,3,"",FETCH,11111111111111111111111111111111,0,0,"global memory",,,
101,0,0,3,3,"",FETCH,11111111111111111111111111111111,0,0,"global memory",,,
101,0,0,4,3,"",FETCH,11111111111111111111111111111111,0,0,"global memory",,,
101,0,0,5,3,"",FETCH,11111111111111111111111111111111,0,0,"global memory",,,
101,0,0,6,3,"",FETCH,11111111111111111111111111111111,0,0,"global memory",,,
101,0,0,7,3,"",FETCH,11111111111111111111111111111111,0,0,"global memory",,,
101,1,0,8,3,"",FETCH,11111111111111111111111111111111,0,0,"global memory",,,
101,1,0,9,3,"",FETCH,11111111111111111111111111111111,0,0,"global memory",,,
101,1,0,10,3,"",FETCH,11111111111111111111111111111111,0,0,"global memory",,,
101,1,0,11,3,"",FETCH,11111111111111111111111111111111,0,0,"global memory",,,
101,1,0,12,3,"",FETCH,11111111111111111111111111111111,0,0,"global memory",,,
101,1,0,13,3,"",FETCH,11111111111111111111111111111111,0,0,"global memory",,,
101,1,0,14,3,"",FETCH,11111111111111111111111111111111,0,0,"global memory",,,
101,1,0,15,3,"",FETCH,11111111111111111111111111111111,0,0,"global memory",,,
102,0,0,0,3,"",FETCH,11111111111111111111111111111111,0,0,"global memory",,,
102,0,0,1,3,"",FETCH,11111111111111111111111111111111,0,0,"global memory",,,
102,0,0,2,3,"",FETCH,11111111111111111111111111111111,0,0,"global memory",,,
102,0,0,3,3,"",FETCH,11111111111111111111111111111111,0,0,"global memory",,,
102,0,0,4,3,"",FETCH,11111111111111111111111111111111,0,0,"global memory",,,
102,0,0,5,3,"",FETCH,11111111111111111111111111111111,0,0,"global memory",,,
102,0,0,6,3,"",FETCH,11111111111111111111111111111111,0,0,"global memory",,,
102,0,0,7,3,"",FETCH,11111111111111111111111111111111,0,0,"global memory",,,
102,1,0,8,3,"",FETCH,11111111111111111111111111111111,0,0,"global memory",,,
102,1,0,9,3,"",FETCH,11111111111111111111111111111111,0,0,"global memory",,,
102,1,0,10,3,"",FETCH,11111111111111111111111111111111,0,0,"global memory",,,
102,1,0,11,3,"",FETCH,11111111111111111111111111111111,0,0,"global memory",,,
102,1,0,12,3,"",FETCH,11111111111111111111111111111111,0,0,"global memory",,,
102,1,0,13,3,"",FETCH,11111111111111111111111111111111,0,0,"global memory",,,
102,1,0,14,3,"",FETCH,11111111111111111111111111111111,0,0,"global memory",,,
102,1,0,15,3,"",FETCH,11111111111111111111111111111111,0,0,"global memory",,,
103,0,0,0,3,"",FETCH,11111111111111111111111111111111,0,0,"global memory",,,
103,0,0,1,3,"",FETCH,11111111111111111111111111111111,0,0,"global memory",,,
103,0,0,2,3,"",FETCH,11111111111111111111111111111111,0,0,"global memory",,,
103,0,0,3,3,"",FETCH,11111111111111111111111111111111,0,0,"global memory",,,
103,0,0,4,3,"",FETCH,11111111111111111111111111111111,0,0,"global memory",,,
103,0,0,5,3,"",FETCH,11111111111111111111111111111111,0,0,"global memory",,,
103,0,0,6,3,"",FETCH,11111111111111111111111111111111,0,0,"global memory",,,
103,0,0,7,3,"",FETCH,11111111111111111111111111111111,0,0,"global memory",,,
103,1,0,8,3,"",FETCH,11111111111111111111111111111111,0,0,"global memory",,,
103,1,0,9,3,"",FETCH,11111111111111111111111111111111,0,0,"global memory",,,
103,1,0,10,3,"",FETCH,11111111111111111111111111111111,0,0,"global memory",,,
103,1,0,11,3,"",FETCH,11111111111111111111111111111111,0,0,"global memory",,,
103,1,0,12,3,"",FETCH,11111111111111111111111111111111,0,0,"global memory",,,
103,1,0,13,3,"",FETCH,11111111111111111111111111111111,0,0,"global memory",,,
103,1,0,14,3,"",FETCH,11111111111111111111111111111111,0,0,"global memory",,,
103,1,0,15,3,"",FETCH,11111111111111111111111111111111,0,0,"global memory",,,
104,0,0,0,3,"",FETCH,11111111111111111111111111111111,0,0,"global memory",,,
104,0,0,1,3,"",FETCH,11111111111111111111111111111111,0,0,"global memory",,,
104,0,0,2,3,"",FETCH,11111111111111111111111111111111,0,0,"global memory",,,
104,0,0,3,3,"",FETCH,11111111111111111111111111111111,0,0,"global memory",,,
104,0,0,4,3,"",FETCH,11111111111111111111111111111111,0,0,"global memory",,,
104,0,0,5,3,"",FETCH,11111111111111111111111111111111,0,0,"global memory",,,
104,0,0,6,3,"",FETCH,11111111111111111111111111111111,0,0,"global memory",,,
104,0,0,7,3,"",FETCH,11111111111111111111111111111111,0,0,"global memory",,,
104,1,0,8,3,"",FETCH,11111111111111111111111111111111,0,0,"global memory",,,
104,1,0,9,3,"",FETCH,11111111111111111111111111111111,0,0,"global memory",,,
104,1,0,10,3,"",FETCH,11111111111111111111111111111111,0,0,"global memory",,,
104,1,0,11,3,"",FETCH,11111111111111111111111111111111,0,0,"global memory",,,
104,1,0,12,3,"",FETCH,11111111111111111111111111111111,0,0,"global memory",,,
104,1,0,13,3,"",FETCH,11111111111111111111111111111111,0,0,"global memory",,,
104,1,0,14,3,"",FETCH,11111111111111111111111111111111,0,0,"global memory",,,
104,1,0,15,3,"",FETCH,11111111111111111111111111111111,0,0,"global memory",,,
105,0,0,0,3,"",FETCH,11111111111111111111111111111111,0,0,"global memory",,,
105,0,0,1,3,"",FETCH,11111111111111111111111111111111,0,0,"global memory",,,
105,0,0,2,3,"",FETCH,11111111111111111111111111111111,0,0,"global memory",,,
105,0,0,3,3,"",FETCH,11111111111111111111111111111111,0,0,"global memory",,,
105,0,0,4,3,"",FETCH,11111111111111111111111111111111,0,0,"global memory",,,
105,0,0,5,3,"",FETCH,11111111111111111111111111111111,0,0,"global memory",,,
105,0,0,6,3,"",FETCH,11111111111111111111111111111111,0,0,"global memory",,,
105,0,0,7,3,"",FETCH,11111111111111111111111111111111,0,0,"global memory",,,
105,1,0,8,3,"",FETCH,11111111111111111111111111111111,0,0,"global memory",,,
105,1,0,9,3,"",FETCH,11111111111111111111111111111111,0,0,"global memory",,,
105,1,0,10,3,"",FETCH,11111111111111111111111111111111,0,0,"global memory",,,
105,1,0,11,3,"",FETCH,11111111111111111111111111111111,0,0,"global memory",,,
105,1,0,12,3,"",FETCH,11111111111111111111111111111111,0,0,"global memory",,,
105,1,0,13,3,"",FETCH,11111111111111111111111111111111,0,0,"global memory",,,
105,1,0,14,3,"",FETCH,11111111111111111111111111111111,0,0,"global memory",,,
105,1,0,15,3,"",FETCH,11111111111111111111111111111111,0,0,"global memory",,,
106,0,0,0,3,"",FETCH,11111111111111111111111111111111,0,0,"global memory",,,
106,0,0,1,3,"",FETCH,11111111111111111111111111111111,0,0,"global memory",,,
106,0,0,2,3,"",FETCH,11111111111111111111111111111111,0,0,"global memory",,,
106,0,0,3,3,"",FETCH,11111111111111111111111111111111,0,0,"global memory",,,
106,0,0,4,3,"",FETCH,11111111111111111111111111111111,0,0,"global memory",,,
106,0,0,5,3,"",FETCH,11111111111111111111111111111111,0,0,"global memory",,,
106,0,0,6,3,"",FETCH,11111111111111111111111111111111,0,0,"global memory",,,
106,0,0,7,3,"",FETCH,11111111111111111111111111111111,0,0,"global memory",,,
106,1,0,8,3,"",FETCH,11111111111111111111111111111111,0,0,"global memory",,,
106,1,0,9,3,"",FETCH,11111111111111111111111111111111,0,0,"global memory",,,
106,1,0,10,3,"",FETCH,11111111111111111111111111111111,0,0,"global memory",,,
106,1,0,11,3,"",FETCH,11111111111111111111111111111111,0,0,"global memory",,,
106,1,0,12,3,"",FETCH,11111111111111111111111111111111,0,0,"global memory",,,
106,1,0,13,3,"",FETCH,11111111111111111111111111111111,0,0,"global memory",,,
106,1,0,14,3,"",FETCH,11111111111111111111111111111111,0,0,"global memory",,,
106,1,0,15,3,"",FETCH,11111111111111111111111111111111,0,0,"global memory",,,
107,0,0,0,3,"",FETCH,11111111111111111111111111111111,0,0,"global memory",,,
107,0,0,1,3,"",FETCH,11111111111111111111111111111111,0,0,"global memory",,,
107,0,0,2,3,"",FETCH,11111111111111111111111111111111,0,0,"global memory",,,
107,0,0,3,3,"",FETCH,11111111111111111111111111111111,0,0,"global memory",,,
107,0,0,4,3,"",FETCH,11111111111111111111111111111111,0,0,"global memory",,,
107,0,0,5,3,"",FETCH,11111111111111111111111111111111,0,0,"global memory",,,
107,0,0,6,3,"",FETCH,11111111111111111111111111111111,0,0,"global memory",,,
107,0,0,7,3,"",FETCH,11111111111111111111111111111111,0,0,"global memory",,,
107,1,0,8,3,"",FETCH,11111111111111111111111111111111,0,0,"global memory",,,
107,1,0,9,3,"",FETCH,11111111111111111111111111111111,0,0,"global memory",,,
107,1,0,10,3,"",FETCH,11111111111111111111111111111111,0,0,"global memory",,,
107,1,0,11,3,"",FETCH,11111111111111111111111111111111,0,0,"global memory",,,
107,1,0,12,3,"",FETCH,11111111111111111111111111111111,0,0,"global memory",,,
107,1,0,13,3,"",FETCH,11111111111111111111111111111111,0,0,"global memory",,,
107,1,0,14,3,"",FETCH,11111111111111111111111111111111,0,0,"global memory",,,
107,1,0,15,3,"",FETCH,11111111111111111111111111111111,0,0,"global memory",,,
108,0,0,0,3,"",FETCH,11111111111111111111111111111111,0,0,"global memory",,,
108,0,0,1,3,"",FETCH,11111111111111111111111111111111,0,0,"global memory",,,
108,0,0,2,3,"",FETCH,11111111111111111111111111111111,0,0,"global memory",,,
108,0,0,3,3,"",FETCH,11111111111111111111111111111111,0,0,"global memory",,,
108,0,0,4,3,"",FETCH,11111111111111111111111111111111,0,0,"global memory",,,
108,0,0,5,3,"",FETCH,11111111111111111111111111111111,0,0,"global memory",,,
108,0,0,6,3,"",FETCH,11111111111111111111111111111111,0,0,"global memory",,,
108,0,0,7,3,"",FETCH,11111111111111111111111111111111,0,0,"global memory",,,
108,1,0,8,3,"",FETCH,11111111111111111111111111111111,0,0,"global memory",,,
108,1,0,9,3,"",FETCH,11111111111111111111111111111111,0,0,"global memory",,,
108,1,0,10,3,"",FETCH,11111111111111111111111111111111,0,0,"global memory",,,
108,1,0,11,3,"",FETCH,11111111111111111111111111111111,0,0,"global memory",,,
108,1,0,12,3,"",FETCH,11111111111111111111111111111111,0,0,"global memory",,,
108,1,0,13,3,"",FETCH,11111111111111111111111111111111,0,0,"global memory",,,
108,1,0,14,3,"",FETCH,11111111111111111111111111111111,0,0,"global memory",,,
108,1,0,15,3,"",FETCH,11111111111111111111111111111111,0,0,"global memory",,,
109,0,0,0,3,"",FETCH,11111111111111111111111111111111,0,0,"global memory",,,
109,0,0,1,3,"",FETCH,11111111111111111111111111111111,0,0,"global memory",,,
109,0,0,2,3,"",FETCH,11111111111111111111111111111111,0,0,"global memory",,,
109,0,0,3,3,"",FETCH,11111111111111111111111111111111,0,0,"global memory",,,
109,0,0,4,3,"",FETCH,11111111111111111111111111111111,0,0,"global memory",,,
109,0,0,5,3,"",FETCH,11111111111111111111111111111111,0,0,"global memory",,,
109,0,0,6,3,"",FETCH,11111111111111111111111111111111,0,0,"global memory",,,
109,0,0,7,3,"",FETCH,11111111111111111111111111111111,0,0,"global memory",,,
109,1,0,8,3,"",FETCH,11111111111111111111111111111111,0,0,"global memory",,,
109,1,0,9,3,"",FETCH,11111111111111111111111111111111,0,0,"global memory",,,
109,1,0,10,3,"",FETCH,11111111111111111111111111111111,0,0,"global memory",,,
109,1,0,11,3,"",FETCH,11111111111111111111111111111111,0,0,"global memory",,,
109,1,0,12,3,"",FETCH,11111111111111111111111111111111,0,0,"global memory",,,
109,1,0,13,3,"",FETCH,11111111111111111111111111111111,0,0,"global memory",,,
109,1,0,14,3,"",FETCH,11111111111111111111111111111111,0,0,"global memory",,,
109,1,0,15,3,"",FETCH,11111111111111111111111111111111,0,0,"global memory",,,
110,0,0,0,3,"",FETCH,11111111111111111111111111111111,0,0,"global memory",,,
110,0,0,1,3,"",FETCH,11111111111111111111111111111111,0,0,"global memory",,,
110,0,0,2,3,"",FETCH,11111111111111111111111111111111,0,0,"global memory",,,
110,0,0,3,3,"",FETCH,11111111111111111111111111111111,0,0,"global memory",,,
110,0,0,4,3,"",FETCH,11111111111111111111111111111111,0,0,"global memory",,,
110,0,0,5,3,"",FETCH,11111111111111111111111111111111,0,0,"global memory",,,
110,0,0,6,3,"",FETCH,11111111111111111111111111111111,0,0,"global memory",,,
110,0,0,7,3,"",FETCH,11111111111111111111111111111111,0,0,"global memory",,,
110,1,0,8,3,"",FETCH,11111111111111111111111111111111,0,0,"global memory",,,
110,1,0,9,3,"",FETCH,11111111111111111111111111111111,0,0,"global memory",,,
110,1,0,10,3,"",FETCH,11111111111111111111111111111111,0,0,"global memory",,,
110,1,0,11,3,"",FETCH,11111111111111111111111111111111,0,0,"global memory",,,
110,1,0,12,3,"",FETCH,11111111111111111111111111111111,0,0,"global memory",,,
110,1,0,13,3,"",FETCH,11111111111111111111111111111111,0,0,"global memory",,,
110,1,0,14,3,"",FETCH,11111111111111111111111111111111,0,0,"global memory",,,
110,1,0,15,3,"",FETCH,11111111111111111111111111111111,0,0,"global memory",,,
111,0,0,0,3,"",FETCH,11111111111111111111111111111111,0,0,"global memory",,,
111,0,0,1,3,"",FETCH,11111111111111111111111111111111,0,0,"global memory",,,
111,0,0,2,3,"",FETCH,11111111111111111111111111111111,0,0,"global memory",,,
111,0,0,3,3,"",FETCH,11111111111111111111111111111111,0,0,"global memory",,,
111,0,0,4,3,"",FETCH,11111111111111111111111111111111,0,0,"global memory",,,
111,0,0,5,3,"",FETCH,11111111111111111111111111111111,0,0,"global memory",,,
111,0,0,6,3,"",FETCH,11111111111111111111111111111111,0,0,"global memory",,,
111,0,0,7,3,"",FETCH,11111111111111111111111111111111,0,0,"global memory",,,
111,1,0,8,3,"",FETCH,11111111111111111111111111111111,0,0,"global memory",,,
111,1,0,9,3,"",FETCH,11111111111111111111111111111111,0,0,"global memory",,,
111,1,0,10,3,"",FETCH,11111111111111111111111111111111,0,0,"global memory",,,
111,1,0,11,3,"",FETCH,11111111111111111111111111111111,0,0,"global memory",,,
111,1,0,12,3,"",FETCH,11111111111111111111111111111111,0,0,"global memory",,,
111,1,0,13,3,"",FETCH,11111111111111111111111111111111,0,0,"global memory",,,
111,1,0,14,3,"",FETCH,11111111111111111111111111111111,0,0,"global memory",,,
111,1,0,15,3,"",FETCH,11111111111111111111111111111111,0,0,"global memory",,,
112,0,0,0,3,"",FETCH,11111111111111111111111111111111,0,0,"global memory",,,
112,0,0,1,3,"",FETCH,11111111111111111111111111111111,0,0,"global memory",,,
112,0,0,2,3,"",FETCH,11111111111111111111111111111111,0,0,"global memory",,,
112,0,0,3,3,"",FETCH,11111111111111111111111111111111,0,0,"global memory",,,
112,0,0,4,3,"",FETCH,11111111111111111111111111111111,0,0,"global memory",,,
112,0,0,5,3,"",FETCH,11111111111111111111111111111111,0,0,"global memory",,,
112,0,0,6,3,"",FETCH,11111111111111111111111111111111,0,0,"global memory",,,
112,0,0,7,3,"",FETCH,11111111111111111111111111111111,0,0,"global memory",,,
112,1,0,8,3,"",FETCH,11111111111111111111111111111111,0,0,"global memory",,,
112,1,0,9,3,"",FETCH,11111111111111111111111111111111,0,0,"global memory",,,
112,1,0,10,3,"",FETCH,11111111111111111111111111111111,0,0,"global memory",,,
112,1,0,11,3,"",FETCH,11111111111111111111111111111111,0,0,"global memory",,,
112,1,0,12,3,"",FETCH,11111111111111111111111111111111,0,0,"global memory",,,
112,1,0,13,3,"",FETCH,11111111111111111111111111111111,0,0,"global memory",,,
112,1,0,14,3,"",FETCH,11111111111111111111111111111111,0,0,"global memory",,,
112,1,0,15,3,"",FETCH,11111111111111111111111111111111,0,0,"global memory",,,
113,0,0,0,3,"",FETCH,11111111111111111111111111111111,0,0,"global memory",,,
113,0,0,1,3,"",FETCH,11111111111111111111111111111111,0,0,"global memory",,,
113,0,0,2,3,"",FETCH,11111111111111111111111111111111,0,0,"global memory",,,
113,0,0,3,3,"",FETCH,11111111111111111111111111111111,0,0,"global memory",,,
113,0,0,4,3,"",FETCH,11111111111111111111111111111111,0,0,"global memory",,,
113,0,0,5,3,"",FETCH,11111111111111111111111111111111,0,0,"global memory",,,
113,0,0,6,3,"",FETCH,11111111111111111111111111111111,0,0,"global memory",,,
113,0,0,7,3,"",FETCH,11111111111111111111111111111111,0,0,"global memory",,,
113,1,0,8,3,"",FETCH,11111111111111111111111111111111,0,0,"global memory",,,
113,1,0,9,3,"",FETCH,11111111111111111111111111111111,0,0,"global memory",,,
113,1,0,10,3,"",FETCH,11111111111111111111111111111111,0,0,"global memory",,,
113,1,0,11,3,"",FETCH,11111111111111111111111111111111,0,0,"global memory",,,
113,1,0,12,3,"",FETCH,11111111111111111111111111111111,0,0,"global memory",,,
113,1,0,13,3,"",FETCH,11111111111111111111111111111111,0,0,"global memory",,,
113,1,0,14,3,"",FETCH,11111111111111111111111111111111,0,0,"global memory",,,
113,1,0,15,3,"",FETCH,11111111111111111111111111111111,0,0,"global memory",,,
114,0,0,0,3,"",FETCH,11111111111111111111111111111111,0,0,"global memory",,,
114,0,0,1,3,"",FETCH,11111111111111111111111111111111,0,0,"global memory",,,
114,0,0,2,3,"",FETCH,11111111111111111111111111111111,0,0,"global memory",,,
114,0,0,3,3,"",FETCH,11111111111111111111111111111111,0,0,"global memory",,,
114,0,0,4,3,"",FETCH,11111111111111111111111111111111,0,0,"global memory",,,
114,0,0,5,3,"",FETCH,11111111111111111111111111111111,0,0,"global memory",,,
114,0,0,6,3,"",FETCH,11111111111111111111111111111111,0,0,"global memory",,,
114,0,0,7,3,"",FETCH,11111111111111111111111111111111,0,0,"global memory",,,
114,1,0,8,3,"",FETCH,11111111111111111111111111111111,0,0,"global memory",,,
114,1,0,9,3,"",FETCH,11111111111111111111111111111111,0,0,"global memory",,,
114,1,0,10,3,"",FETCH,11111111111111111111111111111111,0,0,"global memory",,,
114,1,0,11,3,"",FETCH,11111111111111111111111111111111,0,0,"global memory",,,
114,1,0,12,3,"",FETCH,11111111111111111111111111111111,0,0,"global memory",,,
114,1,0,13,3,"",FETCH,11111111111111111111111111111111,0,0,"global memory",,,
114,1,0,14,3,"",FETCH,11111111111111111111111111111111,0,0,"global memory",,,
114,1,0,15,3,"",FETCH,11111111111111111111111111111111,0,0,"global memory",,,
115,0,0,0,3,"",FETCH,11111111111111111111111111111111,0,0,"global memory",,,
115,0,0,1,3,"",FETCH,11111111111111111111111111111111,0,0,"global memory",,,
115,0,0,2,3,"",FETCH,11111111111111111111111111111111,0,0,"global memory",,,
115,0,0,3,3,"",FETCH,11111111111111111111111111111111,0,0,"global memory",,,
115,0,0,4,3,"",FETCH,11111111111111111111111111111111,0,0,"global memory",,,
115,0,0,5,3,"",FETCH,11111111111111111111111111111111,0,0,"global memory",,,
115,0,0,6,3,"",FETCH,11111111111111111111111111111111,0,0,"global memory",,,
115,0,0,7,3,"",FETCH,11111111111111111111111111111111,0,0,"global memory",,,
115,1,0,8,3,"",FETCH,11111111111111111111111111111111,0,0,"global memory",,,
115,1,0,9,3,"",FETCH,11111111111111111111111111111111,0,0,"global memory",,,
115,1,0,10,3,"",FETCH,11111111111111111111111111111111,0,0,"global memory",,,
115,1,0,11,3,"",FETCH,11111111111111111111111111111111,0,0,"global memory",,,
115,1,0,12,3,"",FETCH,11111111111111111111111111111111,0,0,"global memory",,,
115,1,0,13,3,"",FETCH,11111111111111111111111111111111,0,0,"global memory",,,
115,1,0,14,3,"",FETCH,11111111111111111111111111111111,0,0,"global memory",,,
115,1,0,15,3,"",FETCH,11111111111111111111111111111111,0,0,"global memory",,,
116,0,0,0,3,"",MEMORY_RETURN,11111111111111111111111111111111,1,0,"",,,
116,0,0,1,3,"",FETCH,11111111111111111111111111111111,0,0,"global memory",,,
116,0,0,2,3,"",FETCH,11111111111111111111111111111111,0,0,"global memory",,,
116,0,0,3,3,"",FETCH,11111111111111111111111111111111,0,0,"global memory",,,
116,0,0,4,3,"",FETCH,11111111111111111111111111111111,0,0,"global memory",,,
116,0,0,5,3,"",FETCH,11111111111111111111111111111111,0,0,"global memory",,,
116,0,0,6,3,"",FETCH,11111111111111111111111111111111,0,0,"global memory",,,
116,0,0,7,3,"",FETCH,11111111111111111111111111111111,0,0,"global memory",,,
116,0,0,0,3,"ADDI r4, r3, 1",ISSUE,11111111111111111111111111111111,1,1,"",,,
116,0,0,0,3,"ADDI r4, r3, 1",EXECUTE,11111111111111111111111111111111,1,0,"",,,
116,1,0,8,3,"",MEMORY_RETURN,11111111111111111111111111111111,1,0,"",,,
116,1,0,9,3,"",FETCH,11111111111111111111111111111111,0,0,"global memory",,,
116,1,0,10,3,"",FETCH,11111111111111111111111111111111,0,0,"global memory",,,
116,1,0,11,3,"",FETCH,11111111111111111111111111111111,0,0,"global memory",,,
116,1,0,12,3,"",FETCH,11111111111111111111111111111111,0,0,"global memory",,,
116,1,0,13,3,"",FETCH,11111111111111111111111111111111,0,0,"global memory",,,
116,1,0,14,3,"",FETCH,11111111111111111111111111111111,0,0,"global memory",,,
116,1,0,15,3,"",FETCH,11111111111111111111111111111111,0,0,"global memory",,,
116,1,0,8,3,"ADDI r4, r3, 1",ISSUE,11111111111111111111111111111111,1,1,"",,,
116,1,0,8,3,"ADDI r4, r3, 1",EXECUTE,11111111111111111111111111111111,1,0,"",,,
117,0,0,0,4,"",WRITEBACK,11111111111111111111111111111111,1,0,"",,,
117,0,0,1,3,"",MEMORY_RETURN,11111111111111111111111111111111,1,0,"",,,
117,0,0,2,3,"",FETCH,11111111111111111111111111111111,0,0,"global memory",,,
117,0,0,3,3,"",FETCH,11111111111111111111111111111111,0,0,"global memory",,,
117,0,0,4,3,"",FETCH,11111111111111111111111111111111,0,0,"global memory",,,
117,0,0,5,3,"",FETCH,11111111111111111111111111111111,0,0,"global memory",,,
117,0,0,6,3,"",FETCH,11111111111111111111111111111111,0,0,"global memory",,,
117,0,0,7,3,"",FETCH,11111111111111111111111111111111,0,0,"global memory",,,
117,0,0,1,3,"ADDI r4, r3, 1",ISSUE,11111111111111111111111111111111,1,1,"",,,
117,0,0,1,3,"ADDI r4, r3, 1",EXECUTE,11111111111111111111111111111111,1,0,"",,,
117,1,0,8,4,"",WRITEBACK,11111111111111111111111111111111,1,0,"",,,
117,1,0,9,3,"",MEMORY_RETURN,11111111111111111111111111111111,1,0,"",,,
117,1,0,10,3,"",FETCH,11111111111111111111111111111111,0,0,"global memory",,,
117,1,0,11,3,"",FETCH,11111111111111111111111111111111,0,0,"global memory",,,
117,1,0,12,3,"",FETCH,11111111111111111111111111111111,0,0,"global memory",,,
117,1,0,13,3,"",FETCH,11111111111111111111111111111111,0,0,"global memory",,,
117,1,0,14,3,"",FETCH,11111111111111111111111111111111,0,0,"global memory",,,
117,1,0,15,3,"",FETCH,11111111111111111111111111111111,0,0,"global memory",,,
117,1,0,9,3,"ADDI r4, r3, 1",ISSUE,11111111111111111111111111111111,1,1,"",,,
117,1,0,9,3,"ADDI r4, r3, 1",EXECUTE,11111111111111111111111111111111,1,0,"",,,
118,0,0,1,4,"",WRITEBACK,11111111111111111111111111111111,1,0,"",,,
118,0,0,2,3,"",MEMORY_RETURN,11111111111111111111111111111111,1,0,"",,,
118,0,0,3,3,"",FETCH,11111111111111111111111111111111,0,0,"global memory",,,
118,0,0,4,3,"",FETCH,11111111111111111111111111111111,0,0,"global memory",,,
118,0,0,5,3,"",FETCH,11111111111111111111111111111111,0,0,"global memory",,,
118,0,0,6,3,"",FETCH,11111111111111111111111111111111,0,0,"global memory",,,
118,0,0,7,3,"",FETCH,11111111111111111111111111111111,0,0,"global memory",,,
118,0,0,2,3,"ADDI r4, r3, 1",ISSUE,11111111111111111111111111111111,1,1,"",,,
118,0,0,2,3,"ADDI r4, r3, 1",EXECUTE,11111111111111111111111111111111,1,0,"",,,
118,1,0,9,4,"",WRITEBACK,11111111111111111111111111111111,1,0,"",,,
118,1,0,10,3,"",MEMORY_RETURN,11111111111111111111111111111111,1,0,"",,,
118,1,0,11,3,"",FETCH,11111111111111111111111111111111,0,0,"global memory",,,
118,1,0,12,3,"",FETCH,11111111111111111111111111111111,0,0,"global memory",,,
118,1,0,13,3,"",FETCH,11111111111111111111111111111111,0,0,"global memory",,,
118,1,0,14,3,"",FETCH,11111111111111111111111111111111,0,0,"global memory",,,
118,1,0,15,3,"",FETCH,11111111111111111111111111111111,0,0,"global memory",,,
118,1,0,10,3,"ADDI r4, r3, 1",ISSUE,11111111111111111111111111111111,1,1,"",,,
118,1,0,10,3,"ADDI r4, r3, 1",EXECUTE,11111111111111111111111111111111,1,0,"",,,
119,0,0,2,4,"",WRITEBACK,11111111111111111111111111111111,1,0,"",,,
119,0,0,3,3,"",MEMORY_RETURN,11111111111111111111111111111111,1,0,"",,,
119,0,0,4,3,"",FETCH,11111111111111111111111111111111,0,0,"global memory",,,
119,0,0,5,3,"",FETCH,11111111111111111111111111111111,0,0,"global memory",,,
119,0,0,6,3,"",FETCH,11111111111111111111111111111111,0,0,"global memory",,,
119,0,0,7,3,"",FETCH,11111111111111111111111111111111,0,0,"global memory",,,
119,0,0,3,3,"ADDI r4, r3, 1",ISSUE,11111111111111111111111111111111,1,1,"",,,
119,0,0,3,3,"ADDI r4, r3, 1",EXECUTE,11111111111111111111111111111111,1,0,"",,,
119,1,0,10,4,"",WRITEBACK,11111111111111111111111111111111,1,0,"",,,
119,1,0,11,3,"",MEMORY_RETURN,11111111111111111111111111111111,1,0,"",,,
119,1,0,12,3,"",FETCH,11111111111111111111111111111111,0,0,"global memory",,,
119,1,0,13,3,"",FETCH,11111111111111111111111111111111,0,0,"global memory",,,
119,1,0,14,3,"",FETCH,11111111111111111111111111111111,0,0,"global memory",,,
119,1,0,15,3,"",FETCH,11111111111111111111111111111111,0,0,"global memory",,,
119,1,0,11,3,"ADDI r4, r3, 1",ISSUE,11111111111111111111111111111111,1,1,"",,,
119,1,0,11,3,"ADDI r4, r3, 1",EXECUTE,11111111111111111111111111111111,1,0,"",,,
120,0,0,3,4,"",WRITEBACK,11111111111111111111111111111111,1,0,"",,,
120,0,0,4,3,"",MEMORY_RETURN,11111111111111111111111111111111,1,0,"",,,
120,0,0,5,3,"",FETCH,11111111111111111111111111111111,0,0,"global memory",,,
120,0,0,6,3,"",FETCH,11111111111111111111111111111111,0,0,"global memory",,,
120,0,0,7,3,"",FETCH,11111111111111111111111111111111,0,0,"global memory",,,
120,0,0,4,3,"ADDI r4, r3, 1",ISSUE,11111111111111111111111111111111,1,1,"",,,
120,0,0,4,3,"ADDI r4, r3, 1",EXECUTE,11111111111111111111111111111111,1,0,"",,,
120,1,0,11,4,"",WRITEBACK,11111111111111111111111111111111,1,0,"",,,
120,1,0,12,3,"",MEMORY_RETURN,11111111111111111111111111111111,1,0,"",,,
120,1,0,13,3,"",FETCH,11111111111111111111111111111111,0,0,"global memory",,,
120,1,0,14,3,"",FETCH,11111111111111111111111111111111,0,0,"global memory",,,
120,1,0,15,3,"",FETCH,11111111111111111111111111111111,0,0,"global memory",,,
120,1,0,12,3,"ADDI r4, r3, 1",ISSUE,11111111111111111111111111111111,1,1,"",,,
120,1,0,12,3,"ADDI r4, r3, 1",EXECUTE,11111111111111111111111111111111,1,0,"",,,
121,0,0,4,4,"",WRITEBACK,11111111111111111111111111111111,1,0,"",,,
121,0,0,5,3,"",MEMORY_RETURN,11111111111111111111111111111111,1,0,"",,,
121,0,0,6,3,"",FETCH,11111111111111111111111111111111,0,0,"global memory",,,
121,0,0,7,3,"",FETCH,11111111111111111111111111111111,0,0,"global memory",,,
121,0,0,5,3,"ADDI r4, r3, 1",ISSUE,11111111111111111111111111111111,1,1,"",,,
121,0,0,5,3,"ADDI r4, r3, 1",EXECUTE,11111111111111111111111111111111,1,0,"",,,
121,1,0,12,4,"",WRITEBACK,11111111111111111111111111111111,1,0,"",,,
121,1,0,13,3,"",MEMORY_RETURN,11111111111111111111111111111111,1,0,"",,,
121,1,0,14,3,"",FETCH,11111111111111111111111111111111,0,0,"global memory",,,
121,1,0,15,3,"",FETCH,11111111111111111111111111111111,0,0,"global memory",,,
121,1,0,13,3,"ADDI r4, r3, 1",ISSUE,11111111111111111111111111111111,1,1,"",,,
121,1,0,13,3,"ADDI r4, r3, 1",EXECUTE,11111111111111111111111111111111,1,0,"",,,
122,0,0,5,4,"",WRITEBACK,11111111111111111111111111111111,1,0,"",,,
122,0,0,6,3,"",MEMORY_RETURN,11111111111111111111111111111111,1,0,"",,,
122,0,0,7,3,"",FETCH,11111111111111111111111111111111,0,0,"global memory",,,
122,0,0,6,3,"ADDI r4, r3, 1",ISSUE,11111111111111111111111111111111,1,1,"",,,
122,0,0,6,3,"ADDI r4, r3, 1",EXECUTE,11111111111111111111111111111111,1,0,"",,,
122,1,0,13,4,"",WRITEBACK,11111111111111111111111111111111,1,0,"",,,
122,1,0,14,3,"",MEMORY_RETURN,11111111111111111111111111111111,1,0,"",,,
122,1,0,15,3,"",FETCH,11111111111111111111111111111111,0,0,"global memory",,,
122,1,0,14,3,"ADDI r4, r3, 1",ISSUE,11111111111111111111111111111111,1,1,"",,,
122,1,0,14,3,"ADDI r4, r3, 1",EXECUTE,11111111111111111111111111111111,1,0,"",,,
123,0,0,6,4,"",WRITEBACK,11111111111111111111111111111111,1,0,"",,,
123,0,0,7,3,"",MEMORY_RETURN,11111111111111111111111111111111,1,0,"",,,
123,0,0,7,3,"ADDI r4, r3, 1",ISSUE,11111111111111111111111111111111,1,1,"",,,
123,0,0,7,3,"ADDI r4, r3, 1",EXECUTE,11111111111111111111111111111111,1,0,"",,,
123,1,0,14,4,"",WRITEBACK,11111111111111111111111111111111,1,0,"",,,
123,1,0,15,3,"",MEMORY_RETURN,11111111111111111111111111111111,1,0,"",,,
123,1,0,15,3,"ADDI r4, r3, 1",ISSUE,11111111111111111111111111111111,1,1,"",,,
123,1,0,15,3,"ADDI r4, r3, 1",EXECUTE,11111111111111111111111111111111,1,0,"",,,
124,0,0,7,4,"",WRITEBACK,11111111111111111111111111111111,1,0,"",,,
124,0,0,0,4,"ADDI r5, r4, 1",ISSUE,11111111111111111111111111111111,1,1,"",,,
124,0,0,0,4,"ADDI r5, r4, 1",EXECUTE,11111111111111111111111111111111,1,0,"",,,
124,1,0,15,4,"",WRITEBACK,11111111111111111111111111111111,1,0,"",,,
124,1,0,8,4,"ADDI r5, r4, 1",ISSUE,11111111111111111111111111111111,1,1,"",,,
124,1,0,8,4,"ADDI r5, r4, 1",EXECUTE,11111111111111111111111111111111,1,0,"",,,
125,0,0,0,5,"",WRITEBACK,11111111111111111111111111111111,1,0,"",,,
125,0,0,1,4,"ADDI r5, r4, 1",ISSUE,11111111111111111111111111111111,1,1,"",,,
125,0,0,1,4,"ADDI r5, r4, 1",EXECUTE,11111111111111111111111111111111,1,0,"",,,
125,1,0,8,5,"",WRITEBACK,11111111111111111111111111111111,1,0,"",,,
125,1,0,9,4,"ADDI r5, r4, 1",ISSUE,11111111111111111111111111111111,1,1,"",,,
125,1,0,9,4,"ADDI r5, r4, 1",EXECUTE,11111111111111111111111111111111,1,0,"",,,
126,0,0,1,5,"",WRITEBACK,11111111111111111111111111111111,1,0,"",,,
126,0,0,2,4,"ADDI r5, r4, 1",ISSUE,11111111111111111111111111111111,1,1,"",,,
126,0,0,2,4,"ADDI r5, r4, 1",EXECUTE,11111111111111111111111111111111,1,0,"",,,
126,1,0,9,5,"",WRITEBACK,11111111111111111111111111111111,1,0,"",,,
126,1,0,10,4,"ADDI r5, r4, 1",ISSUE,11111111111111111111111111111111,1,1,"",,,
126,1,0,10,4,"ADDI r5, r4, 1",EXECUTE,11111111111111111111111111111111,1,0,"",,,
127,0,0,2,5,"",WRITEBACK,11111111111111111111111111111111,1,0,"",,,
127,0,0,3,4,"ADDI r5, r4, 1",ISSUE,11111111111111111111111111111111,1,1,"",,,
127,0,0,3,4,"ADDI r5, r4, 1",EXECUTE,11111111111111111111111111111111,1,0,"",,,
127,1,0,10,5,"",WRITEBACK,11111111111111111111111111111111,1,0,"",,,
127,1,0,11,4,"ADDI r5, r4, 1",ISSUE,11111111111111111111111111111111,1,1,"",,,
127,1,0,11,4,"ADDI r5, r4, 1",EXECUTE,11111111111111111111111111111111,1,0,"",,,
128,0,0,3,5,"",WRITEBACK,11111111111111111111111111111111,1,0,"",,,
128,0,0,4,4,"ADDI r5, r4, 1",ISSUE,11111111111111111111111111111111,1,1,"",,,
128,0,0,4,4,"ADDI r5, r4, 1",EXECUTE,11111111111111111111111111111111,1,0,"",,,
128,1,0,11,5,"",WRITEBACK,11111111111111111111111111111111,1,0,"",,,
128,1,0,12,4,"ADDI r5, r4, 1",ISSUE,11111111111111111111111111111111,1,1,"",,,
128,1,0,12,4,"ADDI r5, r4, 1",EXECUTE,11111111111111111111111111111111,1,0,"",,,
129,0,0,4,5,"",WRITEBACK,11111111111111111111111111111111,1,0,"",,,
129,0,0,5,4,"ADDI r5, r4, 1",ISSUE,11111111111111111111111111111111,1,1,"",,,
129,0,0,5,4,"ADDI r5, r4, 1",EXECUTE,11111111111111111111111111111111,1,0,"",,,
129,1,0,12,5,"",WRITEBACK,11111111111111111111111111111111,1,0,"",,,
129,1,0,13,4,"ADDI r5, r4, 1",ISSUE,11111111111111111111111111111111,1,1,"",,,
129,1,0,13,4,"ADDI r5, r4, 1",EXECUTE,11111111111111111111111111111111,1,0,"",,,
130,0,0,5,5,"",WRITEBACK,11111111111111111111111111111111,1,0,"",,,
130,0,0,6,4,"ADDI r5, r4, 1",ISSUE,11111111111111111111111111111111,1,1,"",,,
130,0,0,6,4,"ADDI r5, r4, 1",EXECUTE,11111111111111111111111111111111,1,0,"",,,
130,1,0,13,5,"",WRITEBACK,11111111111111111111111111111111,1,0,"",,,
130,1,0,14,4,"ADDI r5, r4, 1",ISSUE,11111111111111111111111111111111,1,1,"",,,
130,1,0,14,4,"ADDI r5, r4, 1",EXECUTE,11111111111111111111111111111111,1,0,"",,,
131,0,0,6,5,"",WRITEBACK,11111111111111111111111111111111,1,0,"",,,
131,0,0,7,4,"ADDI r5, r4, 1",ISSUE,11111111111111111111111111111111,1,1,"",,,
131,0,0,7,4,"ADDI r5, r4, 1",EXECUTE,11111111111111111111111111111111,1,0,"",,,
131,1,0,14,5,"",WRITEBACK,11111111111111111111111111111111,1,0,"",,,
131,1,0,15,4,"ADDI r5, r4, 1",ISSUE,11111111111111111111111111111111,1,1,"",,,
131,1,0,15,4,"ADDI r5, r4, 1",EXECUTE,11111111111111111111111111111111,1,0,"",,,
132,0,0,7,5,"",WRITEBACK,11111111111111111111111111111111,1,0,"",,,
132,0,0,0,5,"ST.GLOBAL [r2 + 131072], r5",ISSUE,11111111111111111111111111111111,1,1,"",,,
132,0,0,0,5,"ST.GLOBAL [r2 + 131072], r5",EXECUTE,11111111111111111111111111111111,1,0,"",,,
132,0,0,0,5,"ST.GLOBAL [r2 + 131072], r5",MEMORY_REQUEST,11111111111111111111111111111111,1,0,"",,,
132,1,0,15,5,"",WRITEBACK,11111111111111111111111111111111,1,0,"",,,
132,1,0,8,5,"ST.GLOBAL [r2 + 131072], r5",ISSUE,11111111111111111111111111111111,1,1,"",,,
132,1,0,8,5,"ST.GLOBAL [r2 + 131072], r5",EXECUTE,11111111111111111111111111111111,1,0,"",,,
132,1,0,8,5,"ST.GLOBAL [r2 + 131072], r5",MEMORY_REQUEST,11111111111111111111111111111111,1,0,"",,,
133,0,0,1,5,"ST.GLOBAL [r2 + 131072], r5",ISSUE,11111111111111111111111111111111,1,1,"",,,
133,0,0,1,5,"ST.GLOBAL [r2 + 131072], r5",EXECUTE,11111111111111111111111111111111,1,0,"",,,
133,0,0,1,5,"ST.GLOBAL [r2 + 131072], r5",MEMORY_REQUEST,11111111111111111111111111111111,1,0,"",,,
133,1,0,9,5,"ST.GLOBAL [r2 + 131072], r5",ISSUE,11111111111111111111111111111111,1,1,"",,,
133,1,0,9,5,"ST.GLOBAL [r2 + 131072], r5",EXECUTE,11111111111111111111111111111111,1,0,"",,,
133,1,0,9,5,"ST.GLOBAL [r2 + 131072], r5",MEMORY_REQUEST,11111111111111111111111111111111,1,0,"",,,
134,0,0,2,5,"ST.GLOBAL [r2 + 131072], r5",ISSUE,11111111111111111111111111111111,1,1,"",,,
134,0,0,2,5,"ST.GLOBAL [r2 + 131072], r5",EXECUTE,11111111111111111111111111111111,1,0,"",,,
134,0,0,2,5,"ST.GLOBAL [r2 + 131072], r5",MEMORY_REQUEST,11111111111111111111111111111111,1,0,"",,,
134,1,0,10,5,"ST.GLOBAL [r2 + 131072], r5",ISSUE,11111111111111111111111111111111,1,1,"",,,
134,1,0,10,5,"ST.GLOBAL [r2 + 131072], r5",EXECUTE,11111111111111111111111111111111,1,0,"",,,
134,1,0,10,5,"ST.GLOBAL [r2 + 131072], r5",MEMORY_REQUEST,11111111111111111111111111111111,1,0,"",,,
135,0,0,3,5,"ST.GLOBAL [r2 + 131072], r5",ISSUE,11111111111111111111111111111111,1,1,"",,,
135,0,0,3,5,"ST.GLOBAL [r2 + 131072], r5",EXECUTE,11111111111111111111111111111111,1,0,"",,,
135,0,0,3,5,"ST.GLOBAL [r2 + 131072], r5",MEMORY_REQUEST,11111111111111111111111111111111,1,0,"",,,
135,1,0,11,5,"ST.GLOBAL [r2 + 131072], r5",ISSUE,11111111111111111111111111111111,1,1,"",,,
135,1,0,11,5,"ST.GLOBAL [r2 + 131072], r5",EXECUTE,11111111111111111111111111111111,1,0,"",,,
135,1,0,11,5,"ST.GLOBAL [r2 + 131072], r5",MEMORY_REQUEST,11111111111111111111111111111111,1,0,"",,,
136,0,0,4,5,"ST.GLOBAL [r2 + 131072], r5",ISSUE,11111111111111111111111111111111,1,1,"",,,
136,0,0,4,5,"ST.GLOBAL [r2 + 131072], r5",EXECUTE,11111111111111111111111111111111,1,0,"",,,
136,0,0,4,5,"ST.GLOBAL [r2 + 131072], r5",MEMORY_REQUEST,11111111111111111111111111111111,1,0,"",,,
136,1,0,12,5,"ST.GLOBAL [r2 + 131072], r5",ISSUE,11111111111111111111111111111111,1,1,"",,,
136,1,0,12,5,"ST.GLOBAL [r2 + 131072], r5",EXECUTE,11111111111111111111111111111111,1,0,"",,,
136,1,0,12,5,"ST.GLOBAL [r2 + 131072], r5",MEMORY_REQUEST,11111111111111111111111111111111,1,0,"",,,
137,0,0,5,5,"ST.GLOBAL [r2 + 131072], r5",ISSUE,11111111111111111111111111111111,1,1,"",,,
137,0,0,5,5,"ST.GLOBAL [r2 + 131072], r5",EXECUTE,11111111111111111111111111111111,1,0,"",,,
137,0,0,5,5,"ST.GLOBAL [r2 + 131072], r5",MEMORY_REQUEST,11111111111111111111111111111111,1,0,"",,,
137,1,0,13,5,"ST.GLOBAL [r2 + 131072], r5",ISSUE,11111111111111111111111111111111,1,1,"",,,
137,1,0,13,5,"ST.GLOBAL [r2 + 131072], r5",EXECUTE,11111111111111111111111111111111,1,0,"",,,
137,1,0,13,5,"ST.GLOBAL [r2 + 131072], r5",MEMORY_REQUEST,11111111111111111111111111111111,1,0,"",,,
138,0,0,6,5,"ST.GLOBAL [r2 + 131072], r5",ISSUE,11111111111111111111111111111111,1,1,"",,,
138,0,0,6,5,"ST.GLOBAL [r2 + 131072], r5",EXECUTE,11111111111111111111111111111111,1,0,"",,,
138,0,0,6,5,"ST.GLOBAL [r2 + 131072], r5",MEMORY_REQUEST,11111111111111111111111111111111,1,0,"",,,
138,1,0,14,5,"ST.GLOBAL [r2 + 131072], r5",ISSUE,11111111111111111111111111111111,1,1,"",,,
138,1,0,14,5,"ST.GLOBAL [r2 + 131072], r5",EXECUTE,11111111111111111111111111111111,1,0,"",,,
138,1,0,14,5,"ST.GLOBAL [r2 + 131072], r5",MEMORY_REQUEST,11111111111111111111111111111111,1,0,"",,,
139,0,0,7,5,"ST.GLOBAL [r2 + 131072], r5",ISSUE,11111111111111111111111111111111,1,1,"",,,
139,0,0,7,5,"ST.GLOBAL [r2 + 131072], r5",EXECUTE,11111111111111111111111111111111,1,0,"",,,
139,0,0,7,5,"ST.GLOBAL [r2 + 131072], r5",MEMORY_REQUEST,11111111111111111111111111111111,1,0,"",,,
139,1,0,15,5,"ST.GLOBAL [r2 + 131072], r5",ISSUE,11111111111111111111111111111111,1,1,"",,,
139,1,0,15,5,"ST.GLOBAL [r2 + 131072], r5",EXECUTE,11111111111111111111111111111111,1,0,"",,,
139,1,0,15,5,"ST.GLOBAL [r2 + 131072], r5",MEMORY_REQUEST,11111111111111111111111111111111,1,0,"",,,
140,0,0,0,6,"HALT",ISSUE,11111111111111111111111111111111,1,1,"",,,
140,0,0,0,6,"HALT",HALT,00000000000000000000000000000000,1,0,"",,,
140,1,0,8,6,"HALT",ISSUE,11111111111111111111111111111111,1,1,"",,,
140,1,0,8,6,"HALT",HALT,00000000000000000000000000000000,1,0,"",,,
141,0,0,1,6,"HALT",ISSUE,11111111111111111111111111111111,1,1,"",,,
141,0,0,1,6,"HALT",HALT,00000000000000000000000000000000,1,0,"",,,
141,1,0,9,6,"HALT",ISSUE,11111111111111111111111111111111,1,1,"",,,
141,1,0,9,6,"HALT",HALT,00000000000000000000000000000000,1,0,"",,,
142,0,0,2,6,"HALT",ISSUE,11111111111111111111111111111111,1,1,"",,,
142,0,0,2,6,"HALT",HALT,00000000000000000000000000000000,1,0,"",,,
142,1,0,10,6,"HALT",ISSUE,11111111111111111111111111111111,1,1,"",,,
142,1,0,10,6,"HALT",HALT,00000000000000000000000000000000,1,0,"",,,
143,0,0,3,6,"HALT",ISSUE,11111111111111111111111111111111,1,1,"",,,
143,0,0,3,6,"HALT",HALT,00000000000000000000000000000000,1,0,"",,,
143,1,0,11,6,"HALT",ISSUE,11111111111111111111111111111111,1,1,"",,,
143,1,0,11,6,"HALT",HALT,00000000000000000000000000000000,1,0,"",,,
144,0,0,4,6,"HALT",ISSUE,11111111111111111111111111111111,1,1,"",,,
144,0,0,4,6,"HALT",HALT,00000000000000000000000000000000,1,0,"",,,
144,1,0,12,6,"HALT",ISSUE,11111111111111111111111111111111,1,1,"",,,
144,1,0,12,6,"HALT",HALT,00000000000000000000000000000000,1,0,"",,,
145,0,0,5,6,"HALT",ISSUE,11111111111111111111111111111111,1,1,"",,,
145,0,0,5,6,"HALT",HALT,00000000000000000000000000000000,1,0,"",,,
145,1,0,13,6,"HALT",ISSUE,11111111111111111111111111111111,1,1,"",,,
145,1,0,13,6,"HALT",HALT,00000000000000000000000000000000,1,0,"",,,
146,0,0,6,6,"HALT",ISSUE,11111111111111111111111111111111,1,1,"",,,
146,0,0,6,6,"HALT",HALT,00000000000000000000000000000000,1,0,"",,,
146,1,0,14,6,"HALT",ISSUE,11111111111111111111111111111111,1,1,"",,,
146,1,0,14,6,"HALT",HALT,00000000000000000000000000000000,1,0,"",,,
147,0,0,7,6,"HALT",ISSUE,11111111111111111111111111111111,1,1,"",,,
147,0,0,7,6,"HALT",HALT,00000000000000000000000000000000,1,0,"",,,
147,1,0,15,6,"HALT",ISSUE,11111111111111111111111111111111,1,1,"",,,
147,1,0,15,6,"HALT",HALT,00000000000000000000000000000000,1,0,"",,,
232,0,0,0,6,"",MEMORY_RETURN,11111111111111111111111111111111,1,0,"",,,
232,1,0,8,6,"",MEMORY_RETURN,11111111111111111111111111111111,1,0,"",,,
233,0,0,1,6,"",MEMORY_RETURN,11111111111111111111111111111111,1,0,"",,,
233,1,0,9,6,"",MEMORY_RETURN,11111111111111111111111111111111,1,0,"",,,
234,0,0,2,6,"",MEMORY_RETURN,11111111111111111111111111111111,1,0,"",,,
234,1,0,10,6,"",MEMORY_RETURN,11111111111111111111111111111111,1,0,"",,,
235,0,0,3,6,"",MEMORY_RETURN,11111111111111111111111111111111,1,0,"",,,
235,1,0,11,6,"",MEMORY_RETURN,11111111111111111111111111111111,1,0,"",,,
236,0,0,4,6,"",MEMORY_RETURN,11111111111111111111111111111111,1,0,"",,,
236,1,0,12,6,"",MEMORY_RETURN,11111111111111111111111111111111,1,0,"",,,
237,0,0,5,6,"",MEMORY_RETURN,11111111111111111111111111111111,1,0,"",,,
237,1,0,13,6,"",MEMORY_RETURN,11111111111111111111111111111111,1,0,"",,,
238,0,0,6,6,"",MEMORY_RETURN,11111111111111111111111111111111,1,0,"",,,
238,1,0,14,6,"",MEMORY_RETURN,11111111111111111111111111111111,1,0,"",,,
239,0,0,7,6,"",MEMORY_RETURN,11111111111111111111111111111111,1,0,"",,,
239,1,0,15,6,"",MEMORY_RETURN,11111111111111111111111111111111,1,0,"",,,
