cycle,sm,cta,warp,pc,instruction,event,active_mask,eligible,selected,stall_reason,memory_transaction_count,cache_result,divergence_depth
0,0,0,0,0,"MOV.GTID r1",ISSUE,11111111111111111111111111111111,1,1,"",,,
0,0,0,0,0,"MOV.GTID r1",EXECUTE,11111111111111111111111111111111,1,0,"",,,
0,1,0,8,0,"MOV.GTID r1",ISSUE,11111111111111111111111111111111,1,1,"",,,
0,1,0,8,0,"MOV.GTID r1",EXECUTE,11111111111111111111111111111111,1,0,"",,,
1,0,0,0,1,"",WRITEBACK,11111111111111111111111111111111,1,0,"",,,
1,0,0,1,0,"MOV.GTID r1",ISSUE,11111111111111111111111111111111,1,1,"",,,
1,0,0,1,0,"MOV.GTID r1",EXECUTE,11111111111111111111111111111111,1,0,"",,,
1,1,0,8,1,"",WRITEBACK,11111111111111111111111111111111,1,0,"",,,
1,1,0,9,0,"MOV.GTID r1",ISSUE,11111111111111111111111111111111,1,1,"",,,
1,1,0,9,0,"MOV.GTID r1",EXECUTE,11111111111111111111111111111111,1,0,"",,,
2,0,0,1,1,"",WRITEBACK,11111111111111111111111111111111,1,0,"",,,
2,0,0,2,0,"MOV.GTID r1",ISSUE,11111111111111111111111111111111,1,1,"",,,
2,0,0,2,0,"MOV.GTID r1",EXECUTE,11111111111111111111111111111111,1,0,"",,,
2,1,0,9,1,"",WRITEBACK,11111111111111111111111111111111,1,0,"",,,
2,1,0,10,0,"MOV.GTID r1",ISSUE,11111111111111111111111111111111,1,1,"",,,
2,1,0,10,0,"MOV.GTID r1",EXECUTE,11111111111111111111111111111111,1,0,"",,,
3,0,0,2,1,"",WRITEBACK,11111111111111111111111111111111,1,0,"",,,
3,0,0,3,0,"MOV.GTID r1",ISSUE,11111111111111111111111111111111,1,1,"",,,
3,0,0,3,0,"MOV.GTID r1",EXECUTE,11111111111111111111111111111111,1,0,"",,,
3,1,0,10,1,"",WRITEBACK,11111111111111111111111111111111,1,0,"",,,
3,1,0,11,0,"MOV.GTID r1",ISSUE,11111111111111111111111111111111,1,1,"",,,
3,1,0,11,0,"MOV.GTID r1",EXECUTE,11111111111111111111111111111111,1,0,"",,,
4,0,0,3,1,"",WRITEBACK,11111111111111111111111111111111,1,0,"",,,
4,0,0,4,0,"MOV.GTID r1",ISSUE,11111111111111111111111111111111,1,1,"",,,
4,0,0,4,0,"MOV.GTID r1",EXECUTE,11111111111111111111111111111111,1,0,"",,,
4,1,0,11,1,"",WRITEBACK,11111111111111111111111111111111,1,0,"",,,
4,1,0,12,0,"MOV.GTID r1",ISSUE,11111111111111111111111111111111,1,1,"",,,
4,1,0,12,0,"MOV.GTID r1",EXECUTE,11111111111111111111111111111111,1,0,"",,,
5,0,0,4,1,"",WRITEBACK,11111111111111111111111111111111,1,0,"",,,
5,0,0,5,0,"MOV.GTID r1",ISSUE,11111111111111111111111111111111,1,1,"",,,
5,0,0,5,0,"MOV.GTID r1",EXECUTE,11111111111111111111111111111111,1,0,"",,,
5,1,0,12,1,"",WRITEBACK,11111111111111111111111111111111,1,0,"",,,
5,1,0,13,0,"MOV.GTID r1",ISSUE,11111111111111111111111111111111,1,1,"",,,
5,1,0,13,0,"MOV.GTID r1",EXECUTE,11111111111111111111111111111111,1,0,"",,,
6,0,0,5,1,"",WRITEBACK,11111111111111111111111111111111,1,0,"",,,
6,0,0,6,0,"MOV.GTID r1",ISSUE,11111111111111111111111111111111,1,1,"",,,
6,0,0,6,0,"MOV.GTID r1",EXECUTE,11111111111111111111111111111111,1,0,"",,,
6,1,0,13,1,"",WRITEBACK,11111111111111111111111111111111,1,0,"",,,
6,1,0,14,0,"MOV.GTID r1",ISSUE,11111111111111111111111111111111,1,1,"",,,
6,1,0,14,0,"MOV.GTID r1",EXECUTE,11111111111111111111111111111111,1,0,"",,,
7,0,0,6,1,"",WRITEBACK,11111111111111111111111111111111,1,0,"",,,
7,0,0,7,0,"MOV.GTID r1",ISSUE,11111111111111111111111111111111,1,1,"",,,
7,0,0,7,0,"MOV.GTID r1",EXECUTE,11111111111111111111111111111111,1,0,"",,,
7,1,0,14,1,"",WRITEBACK,11111111111111111111111111111111,1,0,"",,,
7,1,0,15,0,"MOV.GTID r1",ISSUE,11111111111111111111111111111111,1,1,"",,,
7,1,0,15,0,"MOV.GTID r1",EXECUTE,11111111111111111111111111111111,1,0,"",,,
8,0,0,7,1,"",WRITEBACK,11111111111111111111111111111111,1,0,"",,,
8,0,0,0,1,"SHL r2, r1, 2",ISSUE,11111111111111111111111111111111,1,1,"",,,
8,0,0,0,1,"SHL r2, r1, 2",EXECUTE,11111111111111111111111111111111,1,0,"",,,
8,1,0,15,1,"",WRITEBACK,11111111111111111111111111111111,1,0,"",,,
8,1,0,8,1,"SHL r2, r1, 2",ISSUE,11111111111111111111111111111111,1,1,"",,,
8,1,0,8,1,"SHL r2, r1, 2",EXECUTE,11111111111111111111111111111111,1,0,"",,,
9,0,0,0,2,"",WRITEBACK,11111111111111111111111111111111,1,0,"",,,
9,0,0,1,1,"SHL r2, r1, 2",ISSUE,11111111111111111111111111111111,1,1,"",,,
9,0,0,1,1,"SHL r2, r1, 2",EXECUTE,11111111111111111111111111111111,1,0,"",,,
9,1,0,8,2,"",WRITEBACK,11111111111111111111111111111111,1,0,"",,,
9,1,0,9,1,"SHL r2, r1, 2",ISSUE,11111111111111111111111111111111,1,1,"",,,
9,1,0,9,1,"SHL r2, r1, 2",EXECUTE,11111111111111111111111111111111,1,0,"",,,
10,0,0,1,2,"",WRITEBACK,11111111111111111111111111111111,1,0,"",,,
10,0,0,2,1,"SHL r2, r1, 2",ISSUE,11111111111111111111111111111111,1,1,"",,,
10,0,0,2,1,"SHL r2, r1, 2",EXECUTE,11111111111111111111111111111111,1,0,"",,,
10,1,0,9,2,"",WRITEBACK,11111111111111111111111111111111,1,0,"",,,
10,1,0,10,1,"SHL r2, r1, 2",ISSUE,11111111111111111111111111111111,1,1,"",,,
10,1,0,10,1,"SHL r2, r1, 2",EXECUTE,11111111111111111111111111111111,1,0,"",,,
11,0,0,2,2,"",WRITEBACK,11111111111111111111111111111111,1,0,"",,,
11,0,0,3,1,"SHL r2, r1, 2",ISSUE,11111111111111111111111111111111,1,1,"",,,
11,0,0,3,1,"SHL r2, r1, 2",EXECUTE,11111111111111111111111111111111,1,0,"",,,
11,1,0,10,2,"",WRITEBACK,11111111111111111111111111111111,1,0,"",,,
11,1,0,11,1,"SHL r2, r1, 2",ISSUE,11111111111111111111111111111111,1,1,"",,,
11,1,0,11,1,"SHL r2, r1, 2",EXECUTE,11111111111111111111111111111111,1,0,"",,,
12,0,0,3,2,"",WRITEBACK,11111111111111111111111111111111,1,0,"",,,
12,0,0,4,1,"SHL r2, r1, 2",ISSUE,11111111111111111111111111111111,1,1,"",,,
12,0,0,4,1,"SHL r2, r1, 2",EXECUTE,11111111111111111111111111111111,1,0,"",,,
12,1,0,11,2,"",WRITEBACK,11111111111111111111111111111111,1,0,"",,,
12,1,0,12,1,"SHL r2, r1, 2",ISSUE,11111111111111111111111111111111,1,1,"",,,
12,1,0,12,1,"SHL r2, r1, 2",EXECUTE,11111111111111111111111111111111,1,0,"",,,
13,0,0,4,2,"",WRITEBACK,11111111111111111111111111111111,1,0,"",,,
13,0,0,5,1,"SHL r2, r1, 2",ISSUE,11111111111111111111111111111111,1,1,"",,,
13,0,0,5,1,"SHL r2, r1, 2",EXECUTE,11111111111111111111111111111111,1,0,"",,,
13,1,0,12,2,"",WRITEBACK,11111111111111111111111111111111,1,0,"",,,
13,1,0,13,1,"SHL r2, r1, 2",ISSUE,11111111111111111111111111111111,1,1,"",,,
13,1,0,13,1,"SHL r2, r1, 2",EXECUTE,11111111111111111111111111111111,1,0,"",,,
14,0,0,5,2,"",WRITEBACK,11111111111111111111111111111111,1,0,"",,,
14,0,0,6,1,"SHL r2, r1, 2",ISSUE,11111111111111111111111111111111,1,1,"",,,
14,0,0,6,1,"SHL r2, r1, 2",EXECUTE,11111111111111111111111111111111,1,0,"",,,
14,1,0,13,2,"",WRITEBACK,11111111111111111111111111111111,1,0,"",,,
14,1,0,14,1,"SHL r2, r1, 2",ISSUE,11111111111111111111111111111111,1,1,"",,,
14,1,0,14,1,"SHL r2, r1, 2",EXECUTE,11111111111111111111111111111111,1,0,"",,,
15,0,0,6,2,"",WRITEBACK,11111111111111111111111111111111,1,0,"",,,
15,0,0,7,1,"SHL r2, r1, 2",ISSUE,11111111111111111111111111111111,1,1,"",,,
15,0,0,7,1,"SHL r2, r1, 2",EXECUTE,11111111111111111111111111111111,1,0,"",,,
15,1,0,14,2,"",WRITEBACK,11111111111111111111111111111111,1,0,"",,,
15,1,0,15,1,"SHL r2, r1, 2",ISSUE,11111111111111111111111111111111,1,1,"",,,
15,1,0,15,1,"SHL r2, r1, 2",EXECUTE,11111111111111111111111111111111,1,0,"",,,
16,0,0,7,2,"",WRITEBACK,11111111111111111111111111111111,1,0,"",,,
16,0,0,0,2,"LD.GLOBAL r3, [r2 + 0]",ISSUE,11111111111111111111111111111111,1,1,"",,,
16,0,0,0,2,"LD.GLOBAL r3, [r2 + 0]",EXECUTE,11111111111111111111111111111111,1,0,"",,,
16,0,0,0,2,"LD.GLOBAL r3, [r2 + 0]",MEMORY_REQUEST,11111111111111111111111111111111,1,0,"",,,
16,1,0,15,2,"",WRITEBACK,11111111111111111111111111111111,1,0,"",,,
16,1,0,8,2,"LD.GLOBAL r3, [r2 + 0]",ISSUE,11111111111111111111111111111111,1,1,"",,,
16,1,0,8,2,"LD.GLOBAL r3, [r2 + 0]",EXECUTE,11111111111111111111111111111111,1,0,"",,,
16,1,0,8,2,"LD.GLOBAL r3, [r2 + 0]",MEMORY_REQUEST,11111111111111111111111111111111,1,0,"",,,
17,0,0,0,3,"",FETCH,11111111111111111111111111111111,0,0,"global memory",,,
17,0,0,1,2,"LD.GLOBAL r3, [r2 + 0]",ISSUE,11111111111111111111111111111111,1,1,"",,,
17,0,0,1,2,"LD.GLOBAL r3, [r2 + 0]",EXECUTE,11111111111111111111111111111111,1,0,"",,,
17,0,0,1,2,"LD.GLOBAL r3, [r2 + 0]",MEMORY_REQUEST,11111111111111111111111111111111,1,0,"",,,
17,1,0,8,3,"",FETCH,11111111111111111111111111111111,0,0,"global memory",,,
17,1,0,9,2,"LD.GLOBAL r3, [r2 + 0]",ISSUE,11111111111111111111111111111111,1,1,"",,,
17,1,0,9,2,"LD.GLOBAL r3, [r2 + 0]",EXECUTE,11111111111111111111111111111111,1,0,"",,,
17,1,0,9,2,"LD.GLOBAL r3, [r2 + 0]",MEMORY_REQUEST,11111111111111111111111111111111,1,0,"",,,
18,0,0,0,3,"",FETCH,11111111111111111111111111111111,0,0,"global memory",,,
18,0,0,1,3,"",FETCH,11111111111111111111111111111111,0,0,"global memory",,,
18,0,0,2,2,"LD.GLOBAL r3, [r2 + 0]",ISSUE,11111111111111111111111111111111,1,1,"",,,
18,0,0,2,2,"LD.GLOBAL r3, [r2 + 0]",EXECUTE,11111111111111111111111111111111,1,0,"",,,
18,0,0,2,2,"LD.GLOBAL r3, [r2 + 0]",MEMORY_REQUEST,11111111111111111111111111111111,1,0,"",,,
18,1,0,8,3,"",FETCH,11111111111111111111111111111111,0,0,"global memory",,,
18,1,0,9,3,"",FETCH,11111111111111111111111111111111,0,0,"global memory",,,
18,1,0,10,2,"LD.GLOBAL r3, [r2 + 0]",ISSUE,11111111111111111111111111111111,1,1,"",,,
18,1,0,10,2,"LD.GLOBAL r3, [r2 + 0]",EXECUTE,11111111111111111111111111111111,1,0,"",,,
18,1,0,10,2,"LD.GLOBAL r3, [r2 + 0]",MEMORY_REQUEST,11111111111111111111111111111111,1,0,"",,,
19,0,0,0,3,"",FETCH,11111111111111111111111111111111,0,0,"global memory",,,
19,0,0,1,3,"",FETCH,11111111111111111111111111111111,0,0,"global memory",,,
19,0,0,2,3,"",FETCH,11111111111111111111111111111111,0,0,"global memory",,,
19,0,0,3,2,"LD.GLOBAL r3, [r2 + 0]",ISSUE,11111111111111111111111111111111,1,1,"",,,
19,0,0,3,2,"LD.GLOBAL r3, [r2 + 0]",EXECUTE,11111111111111111111111111111111,1,0,"",,,
19,0,0,3,2,"LD.GLOBAL r3, [r2 + 0]",MEMORY_REQUEST,11111111111111111111111111111111,1,0,"",,,
19,1,0,8,3,"",FETCH,11111111111111111111111111111111,0,0,"global memory",,,
19,1,0,9,3,"",FETCH,11111111111111111111111111111111,0,0,"global memory",,,
19,1,0,10,3,"",FETCH,11111111111111111111111111111111,0,0,"global memory",,,
19,1,0,11,2,"LD.GLOBAL r3, [r2 + 0]",ISSUE,11111111111111111111111111111111,1,1,"",,,
19,1,0,11,2,"LD.GLOBAL r3, [r2 + 0]",EXECUTE,11111111111111111111111111111111,1,0,"",,,
19,1,0,11,2,"LD.GLOBAL r3, [r2 + 0]",MEMORY_REQUEST,11111111111111111111111111111111,1,0,"",,,
20,0,0,0,3,"",FETCH,11111111111111111111111111111111,0,0,"global memory",,,
20,0,0,1,3,"",FETCH,11111111111111111111111111111111,0,0,"global memory",,,
20,0,0,2,3,"",FETCH,11111111111111111111111111111111,0,0,"global memory",,,
20,0,0,3,3,"",FETCH,11111111111111111111111111111111,0,0,"global memory",,,
20,0,0,4,2,"LD.GLOBAL r3, [r2 + 0]",ISSUE,11111111111111111111111111111111,1,1,"",,,
20,0,0,4,2,"LD.GLOBAL r3, [r2 + 0]",EXECUTE,11111111111111111111111111111111,1,0,"",,,
20,0,0,4,2,"LD.GLOBAL r3, [r2 + 0]",MEMORY_REQUEST,11111111111111111111111111111111,1,0,"",,,
20,1,0,8,3,"",FETCH,11111111111111111111111111111111,0,0,"global memory",,,
20,1,0,9,3,"",FETCH,11111111111111111111111111111111,0,0,"global memory",,,
20,1,0,10,3,"",FETCH,11111111111111111111111111111111,0,0,"global memory",,,
20,1,0,11,3,"",FETCH,11111111111111111111111111111111,0,0,"global memory",,,
20,1,0,12,2,"LD.GLOBAL r3, [r2 + 0]",ISSUE,11111111111111111111111111111111,1,1,"",,,
20,1,0,12,2,"LD.GLOBAL r3, [r2 + 0]",EXECUTE,11111111111111111111111111111111,1,0,"",,,
20,1,0,12,2,"LD.GLOBAL r3, [r2 + 0]",MEMORY_REQUEST,11111111111111111111111111111111,1,0,"",,,
21,0,0,0,3,"",FETCH,11111111111111111111111111111111,0,0,"global memory",,,
21,0,0,1,3,"",FETCH,11111111111111111111111111111111,0,0,"global memory",,,
21,0,0,2,3,"",FETCH,11111111111111111111111111111111,0,0,"global memory",,,
21,0,0,3,3,"",FETCH,11111111111111111111111111111111,0,0,"global memory",,,
21,0,0,4,3,"",FETCH,11111111111111111111111111111111,0,0,"global memory",,,
21,0,0,5,2,"LD.GLOBAL r3, [r2 + 0]",ISSUE,11111111111111111111111111111111,1,1,"",,,
21,0,0,5,2,"LD.GLOBAL r3, [r2 + 0]",EXECUTE,11111111111111111111111111111111,1,0,"",,,
21,0,0,5,2,"LD.GLOBAL r3, [r2 + 0]",MEMORY_REQUEST,11111111111111111111111111111111,1,0,"",,,
21,1,0,8,3,"",FETCH,11111111111111111111111111111111,0,0,"global memory",,,
21,1,0,9,3,"",FETCH,11111111111111111111111111111111,0,0,"global memory",,,
21,1,0,10,3,"",FETCH,11111111111111111111111111111111,0,0,"global memory",,,
21,1,0,11,3,"",FETCH,11111111111111111111111111111111,0,0,"global memory",,,
21,1,0,12,3,"",FETCH,11111111111111111111111111111111,0,0,"global memory",,,
21,1,0,13,2,"LD.GLOBAL r3, [r2 + 0]",ISSUE,11111111111111111111111111111111,1,1,"",,,
21,1,0,13,2,"LD.GLOBAL r3, [r2 + 0]",EXECUTE,11111111111111111111111111111111,1,0,"",,,
21,1,0,13,2,"LD.GLOBAL r3, [r2 + 0]",MEMORY_REQUEST,11111111111111111111111111111111,1,0,"",,,
22,0,0,0,3,"",FETCH,11111111111111111111111111111111,0,0,"global memory",,,
22,0,0,1,3,"",FETCH,11111111111111111111111111111111,0,0,"global memory",,,
22,0,0,2,3,"",FETCH,11111111111111111111111111111111,0,0,"global memory",,,
22,0,0,3,3,"",FETCH,11111111111111111111111111111111,0,0,"global memory",,,
22,0,0,4,3,"",FETCH,11111111111111111111111111111111,0,0,"global memory",,,
22,0,0,5,3,"",FETCH,11111111111111111111111111111111,0,0,"global memory",,,
22,0,0,6,2,"LD.GLOBAL r3, [r2 + 0]",ISSUE,11111111111111111111111111111111,1,1,"",,,
22,0,0,6,2,"LD.GLOBAL r3, [r2 + 0]",EXECUTE,11111111111111111111111111111111,1,0,"",,,
22,0,0,6,2,"LD.GLOBAL r3, [r2 + 0]",MEMORY_REQUEST,11111111111111111111111111111111,1,0,"",,,
22,1,0,8,3,"",FETCH,11111111111111111111111111111111,0,0,"global memory",,,
22,1,0,9,3,"",FETCH,11111111111111111111111111111111,0,0,"global memory",,,
22,1,0,10,3,"",FETCH,11111111111111111111111111111111,0,0,"global memory",,,
22,1,0,11,3,"",FETCH,11111111111111111111111111111111,0,0,"global memory",,,
22,1,0,12,3,"",FETCH,11111111111111111111111111111111,0,0,"global memory",,,
22,1,0,13,3,"",FETCH,11111111111111111111111111111111,0,0,"global memory",,,
22,1,0,14,2,"LD.GLOBAL r3, [r2 + 0]",ISSUE,11111111111111111111111111111111,1,1,"",,,
22,1,0,14,2,"LD.GLOBAL r3, [r2 + 0]",EXECUTE,11111111111111111111111111111111,1,0,"",,,
22,1,0,14,2,"LD.GLOBAL r3, [r2 + 0]",MEMORY_REQUEST,11111111111111111111111111111111,1,0,"",,,
23,0,0,0,3,"",FETCH,11111111111111111111111111111111,0,0,"global memory",,,
23,0,0,1,3,"",FETCH,11111111111111111111111111111111,0,0,"global memory",,,
23,0,0,2,3,"",FETCH,11111111111111111111111111111111,0,0,"global memory",,,
23,0,0,3,3,"",FETCH,11111111111111111111111111111111,0,0,"global memory",,,
23,0,0,4,3,"",FETCH,11111111111111111111111111111111,0,0,"global memory",,,
23,0,0,5,3,"",FETCH,11111111111111111111111111111111,0,0,"global memory",,,
23,0,0,6,3,"",FETCH,11111111111111111111111111111111,0,0,"global memory",,,
23,0,0,7,2,"LD.GLOBAL r3, [r2 + 0]",ISSUE,11111111111111111111111111111111,1,1,"",,,
23,0,0,7,2,"LD.GLOBAL r3, [r2 + 0]",EXECUTE,11111111111111111111111111111111,1,0,"",,,
23,0,0,7,2,"LD.GLOBAL r3, [r2 + 0]",MEMORY_REQUEST,11111111111111111111111111111111,1,0,"",,,
23,1,0,8,3,"",FETCH,11111111111111111111111111111111,0,0,"global memory",,,
23,1,0,9,3,"",FETCH,11111111111111111111111111111111,0,0,"global memory",,,
23,1,0,10,3,"",FETCH,11111111111111111111111111111111,0,0,"global memory",,,
23,1,0,11,3,"",FETCH,11111111111111111111111111111111,0,0,"global memory",,,
23,1,0,12,3,"",FETCH,11111111111111111111111111111111,0,0,"global memory",,,
23,1,0,13,3,"",FETCH,11111111111111111111111111111111,0,0,"global memory",,,
23,1,0,14,3,"",FETCH,11111111111111111111111111111111,0,0,"global memory",,,
23,1,0,15,2,"LD.GLOBAL r3, [r2 + 0]",ISSUE,11111111111111111111111111111111,1,1,"",,,
23,1,0,15,2,"LD.GLOBAL r3, [r2 + 0]",EXECUTE,11111111111111111111111111111111,1,0,"",,,
23,1,0,15,2,"LD.GLOBAL r3, [r2 + 0]",MEMORY_REQUEST,11111111111111111111111111111111,1,0,"",,,
24,0,0,0,3,"",FETCH,11111111111111111111111111111111,0,0,"global memory",,,
24,0,0,1,3,"",FETCH,11111111111111111111111111111111,0,0,"global memory",,,
24,0,0,2,3,"",FETCH,11111111111111111111111111111111,0,0,"global memory",,,
24,0,0,3,3,"",FETCH,11111111111111111111111111111111,0,0,"global memory",,,
24,0,0,4,3,"",FETCH,11111111111111111111111111111111,0,0,"global memory",,,
24,0,0,5,3,"",FETCH,11111111111111111111111111111111,0,0,"global memory",,,
24,0,0,6,3,"",FETCH,11111111111111111111111111111111,0,0,"global memory",,,
24,0,0,7,3,"",FETCH,11111111111111111111111111111111,0,0,"global memory",,,
24,1,0,8,3,"",FETCH,11111111111111111111111111111111,0,0,"global memory",,,
24,1,0,9,3,"",FETCH,11111111111111111111111111111111,0,0,"global memory",,,
24,1,0,10,3,"",FETCH,11111111111111111111111111111111,0,0,"global memory",,,
24,1,0,11,3,"",FETCH,11111111111111111111111111111111,0,0,"global memory",,,
24,1,0,12,3,"",FETCH,11111111111111111111111111111111,0,0,"global memory",,,
24,1,0,13,3,"",FETCH,11111111111111111111111111111111,0,0,"global memory",,,
24,1,0,14,3,"",FETCH,11111111111111111111111111111111,0,0,"global memory",,,
24,1,0,15,3,"",FETCH,11111111111111111111111111111111,0,0,"global memory",,,
25,0,0,0,3,"",FETCH,11111111111111111111111111111111,0,0,"global memory",,,
25,0,0,1,3,"",FETCH,11111111111111111111111111111111,0,0,"global memory",,,
25,0,0,2,3,"",FETCH,11111111111111111111111111111111,0,0,"global memory",,,
25,0,0,3,3,"",FETCH,11111111111111111111111111111111,0,0,"global memory",,,
25,0,0,4,3,"",FETCH,11111111111111111111111111111111,0,0,"global memory",,,
25,0,0,5,3,"",FETCH,11111111111111111111111111111111,0,0,"global memory",,,
25,0,0,6,3,"",FETCH,11111111111111111111111111111111,0,0,"global memory",,,
25,0,0,7,3,"",FETCH,11111111111111111111111111111111,0,0,"global memory",,,
25,1,0,8,3,"",FETCH,11111111111111111111111111111111,0,0,"global memory",,,
25,1,0,9,3,"",FETCH,11111111111111111111111111111111,0,0,"global memory",,,
25,1,0,10,3,"",FETCH,11111111111111111111111111111111,0,0,"global memory",,,
25,1,0,11,3,"",FETCH,11111111111111111111111111111111,0,0,"global memory",,,
25,1,0,12,3,"",FETCH,11111111111111111111111111111111,0,0,"global memory",,,
25,1,0,13,3,"",FETCH,11111111111111111111111111111111,0,0,"global memory",,,
25,1,0,14,3,"",FETCH,11111111111111111111111111111111,0,0,"global memory",,,
25,1,0,15,3,"",FETCH,11111111111111111111111111111111,0,0,"global memory",,,
26,0,0,0,3,"",FETCH,11111111111111111111111111111111,0,0,"global memory",,,
26,0,0,1,3,"",FETCH,11111111111111111111111111111111,0,0,"global memory",,,
26,0,0,2,3,"",FETCH,11111111111111111111111111111111,0,0,"global memory",,,
26,0,0,3,3,"",FETCH,11111111111111111111111111111111,0,0,"global memory",,,
26,0,0,4,3,"",FETCH,11111111111111111111111111111111,0,0,"global memory",,,
26,0,0,5,3,"",FETCH,11111111111111111111111111111111,0,0,"global memory",,,
26,0,0,6,3,"",FETCH,11111111111111111111111111111111,0,0,"global memory",,,
26,0,0,7,3,"",FETCH,11111111111111111111111111111111,0,0,"global memory",,,
26,1,0,8,3,"",FETCH,11111111111111111111111111111111,0,0,"global memory",,,
26,1,0,9,3,"",FETCH,11111111111111111111111111111111,0,0,"global memory",,,
26,1,0,10,3,"",FETCH,11111111111111111111111111111111,0,0,"global memory",,,
26,1,0,11,3,"",FETCH,11111111111111111111111111111111,0,0,"global memory",,,
26,1,0,12,3,"",FETCH,11111111111111111111111111111111,0,0,"global memory",,,
26,1,0,13,3,"",FETCH,11111111111111111111111111111111,0,0,"global memory",,,
26,1,0,14,3,"",FETCH,11111111111111111111111111111111,0,0,"global memory",,,
26,1,0,15,3,"",FETCH,11111111111111111111111111111111,0,0,"global memory",,,
27,0,0,0,3,"",FETCH,11111111111111111111111111111111,0,0,"global memory",,,
27,0,0,1,3,"",FETCH,11111111111111111111111111111111,0,0,"global memory",,,
27,0,0,2,3,"",FETCH,11111111111111111111111111111111,0,0,"global memory",,,
27,0,0,3,3,"",FETCH,11111111111111111111111111111111,0,0,"global memory",,,
27,0,0,4,3,"",FETCH,11111111111111111111111111111111,0,0,"global memory",,,
27,0,0,5,3,"",FETCH,11111111111111111111111111111111,0,0,"global memory",,,
27,0,0,6,3,"",FETCH,11111111111111111111111111111111,0,0,"global memory",,,
27,0,0,7,3,"",FETCH,11111111111111111111111111111111,0,0,"global memory",,,
27,1,0,8,3,"",FETCH,11111111111111111111111111111111,0,0,"global memory",,,
27,1,0,9,3,"",FETCH,11111111111111111111111111111111,0,0,"global memory",,,
27,1,0,10,3,"",FETCH,11111111111111111111111111111111,0,0,"global memory",,,
27,1,0,11,3,"",FETCH,11111111111111111111111111111111,0,0,"global memory",,,
27,1,0,12,3,"",FETCH,11111111111111111111111111111111,0,0,"global memory",,,
27,1,0,13,3,"",FETCH,11111111111111111111111111111111,0,0,"global memory",,,
27,1,0,14,3,"",FETCH,11111111111111111111111111111111,0,0,"global memory",,,
27,1,0,15,3,"",FETCH,11111111111111111111111111111111,0,0,"global memory",,,
28,0,0,0,3,"",FETCH,11111111111111111111111111111111,0,0,"global memory",,,
28,0,0,1,3,"",FETCH,11111111111111111111111111111111,0,0,"global memory",,,
28,0,0,2,3,"",FETCH,11111111111111111111111111111111,0,0,"global memory",,,
28,0,0,3,3,"",FETCH,11111111111111111111111111111111,0,0,"global memory",,,
28,0,0,4,3,"",FETCH,11111111111111111111111111111111,0,0,"global memory",,,
28,0,0,5,3,"",FETCH,11111111111111111111111111111111,0,0,"global memory",,,
28,0,0,6,3,"",FETCH,11111111111111111111111111111111,0,0,"global memory",,,
28,0,0,7,3,"",FETCH,11111111111111111111111111111111,0,0,"global memory",,,
28,1,0,8,3,"",FETCH,11111111111111111111111111111111,0,0,"global memory",,,
28,1,0,9,3,"",FETCH,11111111111111111111111111111111,0,0,"global memory",,,
28,1,0,10,3,"",FETCH,11111111111111111111111111111111,0,0,"global memory",,,
28,1,0,11,3,"",FETCH,11111111111111111111111111111111,0,0,"global memory",,,
28,1,0,12,3,"",FETCH,11111111111111111111111111111111,0,0,"global memory",,,
28,1,0,13,3,"",FETCH,11111111111111111111111111111111,0,0,"global memory",,,
28,1,0,14,3,"",FETCH,11111111111111111111111111111111,0,0,"global memory",,,
28,1,0,15,3,"",FETCH,11111111111111111111111111111111,0,0,"global memory",,,
29,0,0,0,3,"",FETCH,11111111111111111111111111111111,0,0,"global memory",,,
29,0,0,1,3,"",FETCH,11111111111111111111111111111111,0,0,"global memory",,,
29,0,0,2,3,"",FETCH,11111111111111111111111111111111,0,0,"global memory",,,
29,0,0,3,3,"",FETCH,11111111111111111111111111111111,0,0,"global memory",,,
29,0,0,4,3,"",FETCH,11111111111111111111111111111111,0,0,"global memory",,,
29,0,0,5,3,"",FETCH,11111111111111111111111111111111,0,0,"global memory",,,
29,0,0,6,3,"",FETCH,11111111111111111111111111111111,0,0,"global memory",,,
29,0,0,7,3,"",FETCH,11111111111111111111111111111111,0,0,"global memory",,,
29,1,0,8,3,"",FETCH,11111111111111111111111111111111,0,0,"global memory",,,
29,1,0,9,3,"",FETCH,11111111111111111111111111111111,0,0,"global memory",,,
29,1,0,10,3,"",FETCH,11111111111111111111111111111111,0,0,"global memory",,,
29,1,0,11,3,"",FETCH,11111111111111111111111111111111,0,0,"global memory",,,
29,1,0,12,3,"",FETCH,11111111111111111111111111111111,0,0,"global memory",,,
29,1,0,13,3,"",FETCH,11111111111111111111111111111111,0,0,"global memory",,,
29,1,0,14,3,"",FETCH,11111111111111111111111111111111,0,0,"global memory",,,
29,1,0,15,3,"",FETCH,11111111111111111111111111111111,0,0,"global memory",,,
30,0,0,0,3,"",FETCH,11111111111111111111111111111111,0,0,"global memory",,,
30,0,0,1,3,"",FETCH,11111111111111111111111111111111,0,0,"global memory",,,
30,0,0,2,3,"",FETCH,11111111111111111111111111111111,0,0,"global memory",,,
30,0,0,3,3,"",FETCH,11111111111111111111111111111111,0,0,"global memory",,,
30,0,0,4,3,"",FETCH,11111111111111111111111111111111,0,0,"global memory",,,
30,0,0,5,3,"",FETCH,11111111111111111111111111111111,0,0,"global memory",,,
30,0,0,6,3,"",FETCH,11111111111111111111111111111111,0,0,"global memory",,,
30,0,0,7,3,"",FETCH,11111111111111111111111111111111,0,0,"global memory",,,
30,1,0,8,3,"",FETCH,11111111111111111111111111111111,0,0,"global memory",,,
30,1,0,9,3,"",FETCH,11111111111111111111111111111111,0,0,"global memory",,,
30,1,0,10,3,"",FETCH,11111111111111111111111111111111,0,0,"global memory",,,
30,1,0,11,3,"",FETCH,11111111111111111111111111111111,0,0,"global memory",,,
30,1,0,12,3,"",FETCH,11111111111111111111111111111111,0,0,"global memory",,,
30,1,0,13,3,"",FETCH,11111111111111111111111111111111,0,0,"global memory",,,
30,1,0,14,3,"",FETCH,11111111111111111111111111111111,0,0,"global memory",,,
30,1,0,15,3,"",FETCH,11111111111111111111111111111111,0,0,"global memory",,,
31,0,0,0,3,"",FETCH,11111111111111111111111111111111,0,0,"global memory",,,
31,0,0,1,3,"",FETCH,11111111111111111111111111111111,0,0,"global memory",,,
31,0,0,2,3,"",FETCH,11111111111111111111111111111111,0,0,"global memory",,,
31,0,0,3,3,"",FETCH,11111111111111111111111111111111,0,0,"global memory",,,
31,0,0,4,3,"",FETCH,11111111111111111111111111111111,0,0,"global memory",,,
31,0,0,5,3,"",FETCH,11111111111111111111111111111111,0,0,"global memory",,,
31,0,0,6,3,"",FETCH,11111111111111111111111111111111,0,0,"global memory",,,
31,0,0,7,3,"",FETCH,11111111111111111111111111111111,0,0,"global memory",,,
31,1,0,8,3,"",FETCH,11111111111111111111111111111111,0,0,"global memory",,,
31,1,0,9,3,"",FETCH,11111111111111111111111111111111,0,0,"global memory",,,
31,1,0,10,3,"",FETCH,11111111111111111111111111111111,0,0,"global memory",,,
31,1,0,11,3,"",FETCH,11111111111111111111111111111111,0,0,"global memory",,,
31,1,0,12,3,"",FETCH,11111111111111111111111111111111,0,0,"global memory",,,
31,1,0,13,3,"",FETCH,11111111111111111111111111111111,0,0,"global memory",,,
31,1,0,14,3,"",FETCH,11111111111111111111111111111111,0,0,"global memory",,,
31,1,0,15,3,"",FETCH,11111111111111111111111111111111,0,0,"global memory",,,
32,0,0,0,3,"",FETCH,11111111111111111111111111111111,0,0,"global memory",,,
32,0,0,1,3,"",FETCH,11111111111111111111111111111111,0,0,"global memory",,,
32,0,0,2,3,"",FETCH,11111111111111111111111111111111,0,0,"global memory",,,
32,0,0,3,3,"",FETCH,11111111111111111111111111111111,0,0,"global memory",,,
32,0,0,4,3,"",FETCH,11111111111111111111111111111111,0,0,"global memory",,,
32,0,0,5,3,"",FETCH,11111111111111111111111111111111,0,0,"global memory",,,
32,0,0,6,3,"",FETCH,11111111111111111111111111111111,0,0,"global memory",,,
32,0,0,7,3,"",FETCH,11111111111111111111111111111111,0,0,"global memory",,,
32,1,0,8,3,"",FETCH,11111111111111111111111111111111,0,0,"global memory",,,
32,1,0,9,3,"",FETCH,11111111111111111111111111111111,0,0,"global memory",,,
32,1,0,10,3,"",FETCH,11111111111111111111111111111111,0,0,"global memory",,,
32,1,0,11,3,"",FETCH,11111111111111111111111111111111,0,0,"global memory",,,
32,1,0,12,3,"",FETCH,11111111111111111111111111111111,0,0,"global memory",,,
32,1,0,13,3,"",FETCH,11111111111111111111111111111111,0,0,"global memory",,,
32,1,0,14,3,"",FETCH,11111111111111111111111111111111,0,0,"global memory",,,
32,1,0,15,3,"",FETCH,11111111111111111111111111111111,0,0,"global memory",,,
33,0,0,0,3,"",FETCH,11111111111111111111111111111111,0,0,"global memory",,,
33,0,0,1,3,"",FETCH,11111111111111111111111111111111,0,0,"global memory",,,
33,0,0,2,3,"",FETCH,11111111111111111111111111111111,0,0,"global memory",,,
33,0,0,3,3,"",FETCH,11111111111111111111111111111111,0,0,"global memory",,,
33,0,0,4,3,"",FETCH,11111111111111111111111111111111,0,0,"global memory",,,
33,0,0,5,3,"",FETCH,11111111111111111111111111111111,0,0,"global memory",,,
33,0,0,6,3,"",FETCH,11111111111111111111111111111111,0,0,"global memory",,,
33,0,0,7,3,"",FETCH,11111111111111111111111111111111,0,0,"global memory",,,
33,1,0,8,3,"",FETCH,11111111111111111111111111111111,0,0,"global memory",,,
33,1,0,9,3,"",FETCH,11111111111111111111111111111111,0,0,"global memory",,,
33,1,0,10,3,"",FETCH,11111111111111111111111111111111,0,0,"global memory",,,
33,1,0,11,3,"",FETCH,11111111111111111111111111111111,0,0,"global memory",,,
33,1,0,12,3,"",FETCH,11111111111111111111111111111111,0,0,"global memory",,,
33,1,0,13,3,"",FETCH,11111111111111111111111111111111,0,0,"global memory",,,
33,1,0,14,3,"",FETCH,11111111111111111111111111111111,0,0,"global memory",,,
33,1,0,15,3,"",FETCH,11111111111111111111111111111111,0,0,"global memory",,,
34,0,0,0,3,"",FETCH,11111111111111111111111111111111,0,0,"global memory",,,
34,0,0,1,3,"",FETCH,11111111111111111111111111111111,0,0,"global memory",,,
34,0,0,2,3,"",FETCH,11111111111111111111111111111111,0,0,"global memory",,,
34,0,0,3,3,"",FETCH,11111111111111111111111111111111,0,0,"global memory",,,
34,0,0,4,3,"",FETCH,11111111111111111111111111111111,0,0,"global memory",,,
34,0,0,5,3,"",FETCH,11111111111111111111111111111111,0,0,"global memory",,,
34,0,0,6,3,"",FETCH,11111111111111111111111111111111,0,0,"global memory",,,
34,0,0,7,3,"",FETCH,11111111111111111111111111111111,0,0,"global memory",,,
34,1,0,8,3,"",FETCH,11111111111111111111111111111111,0,0,"global memory",,,
34,1,0,9,3,"",FETCH,11111111111111111111111111111111,0,0,"global memory",,,
34,1,0,10,3,"",FETCH,11111111111111111111111111111111,0,0,"global memory",,,
34,1,0,11,3,"",FETCH,11111111111111111111111111111111,0,0,"global memory",,,
34,1,0,12,3,"",FETCH,11111111111111111111111111111111,0,0,"global memory",,,
34,1,0,13,3,"",FETCH,11111111111111111111111111111111,0,0,"global memory",,,
34,1,0,14,3,"",FETCH,11111111111111111111111111111111,0,0,"global memory",,,
34,1,0,15,3,"",FETCH,11111111111111111111111111111111,0,0,"global memory",,,
35,0,0,0,3,"",FETCH,11111111111111111111111111111111,0,0,"global memory",,,
35,0,0,1,3,"",FETCH,11111111111111111111111111111111,0,0,"global memory",,,
35,0,0,2,3,"",FETCH,11111111111111111111111111111111,0,0,"global memory",,,
35,0,0,3,3,"",FETCH,11111111111111111111111111111111,0,0,"global memory",,,
35,0,0,4,3,"",FETCH,11111111111111111111111111111111,0,0,"global memory",,,
35,0,0,5,3,"",FETCH,11111111111111111111111111111111,0,0,"global memory",,,
35,0,0,6,3,"",FETCH,11111111111111111111111111111111,0,0,"global memory",,,
35,0,0,7,3,"",FETCH,11111111111111111111111111111111,0,0,"global memory",,,
35,1,0,8,3,"",FETCH,11111111111111111111111111111111,0,0,"global memory",,,
35,1,0,9,3,"",FETCH,11111111111111111111111111111111,0,0,"global memory",,,
35,1,0,10,3,"",FETCH,11111111111111111111111111111111,0,0,"global memory",,,
35,1,0,11,3,"",FETCH,11111111111111111111111111111111,0,0,"global memory",,,
35,1,0,12,3,"",FETCH,11111111111111111111111111111111,0,0,"global memory",,,
35,1,0,13,3,"",FETCH,11111111111111111111111111111111,0,0,"global memory",,,
35,1,0,14,3,"",FETCH,11111111111111111111111111111111,0,0,"global memory",,,
35,1,0,15,3,"",FETCH,11111111111111111111111111111111,0,0,"global memory",,,
36,0,0,0,3,"",FETCH,11111111111111111111111111111111,0,0,"global memory",,,
36,0,0,1,3,"",FETCH,11111111111111111111111111111111,0,0,"global memory",,,
36,0,0,2,3,"",FETCH,11111111111111111111111111111111,0,0,"global memory",,,
36,0,0,3,3,"",FETCH,11111111111111111111111111111111,0,0,"global memory",,,
36,0,0,4,3,"",FETCH,11111111111111111111111111111111,0,0,"global memory",,,
36,0,0,5,3,"",FETCH,11111111111111111111111111111111,0,0,"global memory",,,
36,0,0,6,3,"",FETCH,11111111111111111111111111111111,0,0,"global memory",,,
36,0,0,7,3,"",FETCH,11111111111111111111111111111111,0,0,"global memory",,,
36,1,0,8,3,"",FETCH,11111111111111111111111111111111,0,0,"global memory",,,
36,1,0,9,3,"",FETCH,11111111111111111111111111111111,0,0,"global memory",,,
36,1,0,10,3,"",FETCH,11111111111111111111111111111111,0,0,"global memory",,,
36,1,0,11,3,"",FETCH,11111111111111111111111111111111,0,0,"global memory",,,
36,1,0,12,3,"",FETCH,11111111111111111111111111111111,0,0,"global memory",,,
36,1,0,13,3,"",FETCH,11111111111111111111111111111111,0,0,"global memory",,,
36,1,0,14,3,"",FETCH,11111111111111111111111111111111,0,0,"global memory",,,
36,1,0,15,3,"",FETCH,11111111111111111111111111111111,0,0,"global memory",,,
37,0,0,0,3,"",FETCH,11111111111111111111111111111111,0,0,"global memory",,,
37,0,0,1,3,"",FETCH,11111111111111111111111111111111,0,0,"global memory",,,
37,0,0,2,3,"",FETCH,11111111111111111111111111111111,0,0,"global memory",,,
37,0,0,3,3,"",FETCH,11111111111111111111111111111111,0,0,"global memory",,,
37,0,0,4,3,"",FETCH,11111111111111111111111111111111,0,0,"global memory",,,
37,0,0,5,3,"",FETCH,11111111111111111111111111111111,0,0,"global memory",,,
37,0,0,6,3,"",FETCH,11111111111111111111111111111111,0,0,"global memory",,,
37,0,0,7,3,"",FETCH,11111111111111111111111111111111,0,0,"global memory",,,
37,1,0,8,3,"",FETCH,11111111111111111111111111111111,0,0,"global memory",,,
37,1,0,9,3,"",FETCH,11111111111111111111111111111111,0,0,"global memory",,,
37,1,0,10,3,"",FETCH,11111111111111111111111111111111,0,0,"global memory",,,
37,1,0,11,3,"",FETCH,11111111111111111111111111111111,0,0,"global memory",,,
37,1,0,12,3,"",FETCH,11111111111111111111111111111111,0,0,"global memory",,,
37,1,0,13,3,"",FETCH,11111111111111111111111111111111,0,0,"global memory",,,
37,1,0,14,3,"",FETCH,11111111111111111111111111111111,0,0,"global memory",,,
37,1,0,15,3,"",FETCH,11111111111111111111111111111111,0,0,"global memory",,,
38,0,0,0,3,"",FETCH,11111111111111111111111111111111,0,0,"global memory",,,
38,0,0,1,3,"",FETCH,11111111111111111111111111111111,0,0,"global memory",,,
38,0,0,2,3,"",FETCH,11111111111111111111111111111111,0,0,"global memory",,,
38,0,0,3,3,"",FETCH,11111111111111111111111111111111,0,0,"global memory",,,
38,0,0,4,3,"",FETCH,11111111111111111111111111111111,0,0,"global memory",,,
38,0,0,5,3,"",FETCH,11111111111111111111111111111111,0,0,"global memory",,,
38,0,0,6,3,"",FETCH,11111111111111111111111111111111,0,0,"global memory",,,
38,0,0,7,3,"",FETCH,11111111111111111111111111111111,0,0,"global memory",,,
38,1,0,8,3,"",FETCH,11111111111111111111111111111111,0,0,"global memory",,,
38,1,0,9,3,"",FETCH,11111111111111111111111111111111,0,0,"global memory",,,
38,1,0,10,3,"",FETCH,11111111111111111111111111111111,0,0,"global memory",,,
38,1,0,11,3,"",FETCH,11111111111111111111111111111111,0,0,"global memory",,,
38,1,0,12,3,"",FETCH,11111111111111111111111111111111,0,0,"global memory",,,
38,1,0,13,3,"",FETCH,11111111111111111111111111111111,0,0,"global memory",,,
38,1,0,14,3,"",FETCH,11111111111111111111111111111111,0,0,"global memory",,,
38,1,0,15,3,"",FETCH,11111111111111111111111111111111,0,0,"global memory",,,
39,0,0,0,3,"",FETCH,11111111111111111111111111111111,0,0,"global memory",,,
39,0,0,1,3,"",FETCH,11111111111111111111111111111111,0,0,"global memory",,,
39,0,0,2,3,"",FETCH,11111111111111111111111111111111,0,0,"global memory",,,
39,0,0,3,3,"",FETCH,11111111111111111111111111111111,0,0,"global memory",,,
39,0,0,4,3,"",FETCH,11111111111111111111111111111111,0,0,"global memory",,,
39,0,0,5,3,"",FETCH,11111111111111111111111111111111,0,0,"global memory",,,
39,0,0,6,3,"",FETCH,11111111111111111111111111111111,0,0,"global memory",,,
39,0,0,7,3,"",FETCH,11111111111111111111111111111111,0,0,"global memory",,,
39,1,0,8,3,"",FETCH,11111111111111111111111111111111,0,0,"global memory",,,
39,1,0,9,3,"",FETCH,11111111111111111111111111111111,0,0,"global memory",,,
39,1,0,10,3,"",FETCH,11111111111111111111111111111111,0,0,"global memory",,,
39,1,0,11,3,"",FETCH,11111111111111111111111111111111,0,0,"global memory",,,
39,1,0,12,3,"",FETCH,11111111111111111111111111111111,0,0,"global memory",,,
39,1,0,13,3,"",FETCH,11111111111111111111111111111111,0,0,"global memory",,,
39,1,0,14,3,"",FETCH,11111111111111111111111111111111,0,0,"global memory",,,
39,1,0,15,3,"",FETCH,11111111111111111111111111111111,0,0,"global memory",,,
40,0,0,0,3,"",FETCH,11111111111111111111111111111111,0,0,"global memory",,,
40,0,0,1,3,"",FETCH,11111111111111111111111111111111,0,0,"global memory",,,
40,0,0,2,3,"",FETCH,11111111111111111111111111111111,0,0,"global memory",,,
40,0,0,3,3,"",FETCH,11111111111111111111111111111111,0,0,"global memory",,,
40,0,0,4,3,"",FETCH,11111111111111111111111111111111,0,0,"global memory",,,
40,0,0,5,3,"",FETCH,11111111111111111111111111111111,0,0,"global memory",,,
40,0,0,6,3,"",FETCH,11111111111111111111111111111111,0,0,"global memory",,,
40,0,0,7,3,"",FETCH,11111111111111111111111111111111,0,0,"global memory",,,
40,1,0,8,3,"",FETCH,11111111111111111111111111111111,0,0,"global memory",,,
40,1,0,9,3,"",FETCH,11111111111111111111111111111111,0,0,"global memory",,,
40,1,0,10,3,"",FETCH,11111111111111111111111111111111,0,0,"global memory",,,
40,1,0,11,3,"",FETCH,11111111111111111111111111111111,0,0,"global memory",,,
40,1,0,12,3,"",FETCH,11111111111111111111111111111111,0,0,"global memory",,,
40,1,0,13,3,"",FETCH,11111111111111111111111111111111,0,0,"global memory",,,
40,1,0,14,3,"",FETCH,11111111111111111111111111111111,0,0,"global memory",,,
40,1,0,15,3,"",FETCH,11111111111111111111111111111111,0,0,"global memory",,,
41,0,0,0,3,"",FETCH,11111111111111111111111111111111,0,0,"global memory",,,
41,0,0,1,3,"",FETCH,11111111111111111111111111111111,0,0,"global memory",,,
41,0,0,2,3,"",FETCH,11111111111111111111111111111111,0,0,"global memory",,,
41,0,0,3,3,"",FETCH,11111111111111111111111111111111,0,0,"global memory",,,
41,0,0,4,3,"",FETCH,11111111111111111111111111111111,0,0,"global memory",,,
41,0,0,5,3,"",FETCH,11111111111111111111111111111111,0,0,"global memory",,,
41,0,0,6,3,"",FETCH,11111111111111111111111111111111,0,0,"global memory",,,
41,0,0,7,3,"",FETCH,11111111111111111111111111111111,0,0,"global memory",,,
41,1,0,8,3,"",FETCH,11111111111111111111111111111111,0,0,"global memory",,,
41,1,0,9,3,"",FETCH,11111111111111111111111111111111,0,0,"global memory",,,
41,1,0,10,3,"",FETCH,11111111111111111111111111111111,0,0,"global memory",,,
41,1,0,11,3,"",FETCH,11111111111111111111111111111111,0,0,"global memory",,,
41,1,0,12,3,"",FETCH,11111111111111111111111111111111,0,0,"global memory",,,
41,1,0,13,3,"",FETCH,11111111111111111111111111111111,0,0,"global memory",,,
41,1,0,14,3,"",FETCH,11111111111111111111111111111111,0,0,"global memory",,,
41,1,0,15,3,"",FETCH,11111111111111111111111111111111,0,0,"global memory",,,
42,0,0,0,3,"",FETCH,11111111111111111111111111111111,0,0,"global memory",,,
42,0,0,1,3,"",FETCH,11111111111111111111111111111111,0,0,"global memory",,,
42,0,0,2,3,"",FETCH,11111111111111111111111111111111,0,0,"global memory",,,
42,0,0,3,3,"",FETCH,11111111111111111111111111111111,0,0,"global memory",,,
42,0,0,4,3,"",FETCH,11111111111111111111111111111111,0,0,"global memory",,,
42,0,0,5,3,"",FETCH,11111111111111111111111111111111,0,0,"global memory",,,
42,0,0,6,3,"",FETCH,11111111111111111111111111111111,0,0,"global memory",,,
42,0,0,7,3,"",FETCH,11111111111111111111111111111111,0,0,"global memory",,,
42,1,0,8,3,"",FETCH,11111111111111111111111111111111,0,0,"global memory",,,
42,1,0,9,3,"",FETCH,11111111111111111111111111111111,0,0,"global memory",,,
42,1,0,10,3,"",FETCH,11111111111111111111111111111111,0,0,"global memory",,,
42,1,0,11,3,"",FETCH,11111111111111111111111111111111,0,0,"global memory",,,
42,1,0,12,3,"",FETCH,11111111111111111111111111111111,0,0,"global memory",,,
42,1,0,13,3,"",FETCH,11111111111111111111111111111111,0,0,"global memory",,,
42,1,0,14,3,"",FETCH,11111111111111111111111111111111,0,0,"global memory",,,
42,1,0,15,3,"",FETCH,11111111111111111111111111111111,0,0,"global memory",,,
43,0,0,0,3,"",FETCH,11111111111111111111111111111111,0,0,"global memory",,,
43,0,0,1,3,"",FETCH,11111111111111111111111111111111,0,0,"global memory",,,
43,0,0,2,3,"",FETCH,11111111111111111111111111111111,0,0,"global memory",,,
43,0,0,3,3,"",FETCH,11111111111111111111111111111111,0,0,"global memory",,,
43,0,0,4,3,"",FETCH,11111111111111111111111111111111,0,0,"global memory",,,
43,0,0,5,3,"",FETCH,11111111111111111111111111111111,0,0,"global memory",,,
43,0,0,6,3,"",FETCH,11111111111111111111111111111111,0,0,"global memory",,,
43,0,0,7,3,"",FETCH,11111111111111111111111111111111,0,0,"global memory",,,
43,1,0,8,3,"",FETCH,11111111111111111111111111111111,0,0,"global memory",,,
43,1,0,9,3,"",FETCH,11111111111111111111111111111111,0,0,"global memory",,,
43,1,0,10,3,"",FETCH,11111111111111111111111111111111,0,0,"global memory",,,
43,1,0,11,3,"",FETCH,11111111111111111111111111111111,0,0,"global memory",,,
43,1,0,12,3,"",FETCH,11111111111111111111111111111111,0,0,"global memory",,,
43,1,0,13,3,"",FETCH,11111111111111111111111111111111,0,0,"global memory",,,
43,1,0,14,3,"",FETCH,11111111111111111111111111111111,0,0,"global memory",,,
43,1,0,15,3,"",FETCH,11111111111111111111111111111111,0,0,"global memory",,,
44,0,0,0,3,"",FETCH,11111111111111111111111111111111,0,0,"global memory",,,
44,0,0,1,3,"",FETCH,11111111111111111111111111111111,0,0,"global memory",,,
44,0,0,2,3,"",FETCH,11111111111111111111111111111111,0,0,"global memory",,,
44,0,0,3,3,"",FETCH,11111111111111111111111111111111,0,0,"global memory",,,
44,0,0,4,3,"",FETCH,11111111111111111111111111111111,0,0,"global memory",,,
44,0,0,5,3,"",FETCH,11111111111111111111111111111111,0,0,"global memory",,,
44,0,0,6,3,"",FETCH,11111111111111111111111111111111,0,0,"global memory",,,
44,0,0,7,3,"",FETCH,11111111111111111111111111111111,0,0,"global memory",,,
44,1,0,8,3,"",FETCH,11111111111111111111111111111111,0,0,"global memory",,,
44,1,0,9,3,"",FETCH,11111111111111111111111111111111,0,0,"global memory",,,
44,1,0,10,3,"",FETCH,11111111111111111111111111111111,0,0,"global memory",,,
44,1,0,11,3,"",FETCH,11111111111111111111111111111111,0,0,"global memory",,,
44,1,0,12,3,"",FETCH,11111111111111111111111111111111,0,0,"global memory",,,
44,1,0,13,3,"",FETCH,11111111111111111111111111111111,0,0,"global memory",,,
44,1,0,14,3,"",FETCH,11111111111111111111111111111111,0,0,"global memory",,,
44,1,0,15,3,"",FETCH,11111111111111111111111111111111,0,0,"global memory",,,
45,0,0,0,3,"",FETCH,11111111111111111111111111111111,0,0,"global memory",,,
45,0,0,1,3,"",FETCH,11111111111111111111111111111111,0,0,"global memory",,,
45,0,0,2,3,"",FETCH,11111111111111111111111111111111,0,0,"global memory",,,
45,0,0,3,3,"",FETCH,11111111111111111111111111111111,0,0,"global memory",,,
45,0,0,4,3,"",FETCH,11111111111111111111111111111111,0,0,"global memory",,,
45,0,0,5,3,"",FETCH,11111111111111111111111111111111,0,0,"global memory",,,
45,0,0,6,3,"",FETCH,11111111111111111111111111111111,0,0,"global memory",,,
45,0,0,7,3,"",FETCH,11111111111111111111111111111111,0,0,"global memory",,,
45,1,0,8,3,"",FETCH,11111111111111111111111111111111,0,0,"global memory",,,
45,1,0,9,3,"",FETCH,11111111111111111111111111111111,0,0,"global memory",,,
45,1,0,10,3,"",FETCH,11111111111111111111111111111111,0,0,"global memory",,,
45,1,0,11,3,"",FETCH,11111111111111111111111111111111,0,0,"global memory",,,
45,1,0,12,3,"",FETCH,11111111111111111111111111111111,0,0,"global memory",,,
45,1,0,13,3,"",FETCH,11111111111111111111111111111111,0,0,"global memory",,,
45,1,0,14,3,"",FETCH,11111111111111111111111111111111,0,0,"global memory",,,
45,1,0,15,3,"",FETCH,11111111111111111111111111111111,0,0,"global memory",,,
46,0,0,0,3,"",FETCH,11111111111111111111111111111111,0,0,"global memory",,,
46,0,0,1,3,"",FETCH,11111111111111111111111111111111,0,0,"global memory",,,
46,0,0,2,3,"",FETCH,11111111111111111111111111111111,0,0,"global memory",,,
46,0,0,3,3,"",FETCH,11111111111111111111111111111111,0,0,"global memory",,,
46,0,0,4,3,"",FETCH,11111111111111111111111111111111,0,0,"global memory",,,
46,0,0,5,3,"",FETCH,11111111111111111111111111111111,0,0,"global memory",,,
46,0,0,6,3,"",FETCH,11111111111111111111111111111111,0,0,"global memory",,,
46,0,0,7,3,"",FETCH,11111111111111111111111111111111,0,0,"global memory",,,
46,1,0,8,3,"",FETCH,11111111111111111111111111111111,0,0,"global memory",,,
46,1,0,9,3,"",FETCH,11111111111111111111111111111111,0,0,"global memory",,,
46,1,0,10,3,"",FETCH,11111111111111111111111111111111,0,0,"global memory",,,
46,1,0,11,3,"",FETCH,11111111111111111111111111111111,0,0,"global memory",,,
46,1,0,12,3,"",FETCH,11111111111111111111111111111111,0,0,"global memory",,,
46,1,0,13,3,"",FETCH,11111111111111111111111111111111,0,0,"global memory",,,
46,1,0,14,3,"",FETCH,11111111111111111111111111111111,0,0,"global memory",,,
46,1,0,15,3,"",FETCH,11111111111111111111111111111111,0,0,"global memory",,,
47,0,0,0,3,"",FETCH,11111111111111111111111111111111,0,0,"global memory",,,
47,0,0,1,3,"",FETCH,11111111111111111111111111111111,0,0,"global memory",,,
47,0,0,2,3,"",FETCH,11111111111111111111111111111111,0,0,"global memory",,,
47,0,0,3,3,"",FETCH,11111111111111111111111111111111,0,0,"global memory",,,
47,0,0,4,3,"",FETCH,11111111111111111111111111111111,0,0,"global memory",,,
47,0,0,5,3,"",FETCH,11111111111111111111111111111111,0,0,"global memory",,,
47,0,0,6,3,"",FETCH,11111111111111111111111111111111,0,0,"global memory",,,
47,0,0,7,3,"",FETCH,11111111111111111111111111111111,0,0,"global memory",,,
47,1,0,8,3,"",FETCH,11111111111111111111111111111111,0,0,"global memory",,,
47,1,0,9,3,"",FETCH,11111111111111111111111111111111,0,0,"global memory",,,
47,1,0,10,3,"",FETCH,11111111111111111111111111111111,0,0,"global memory",,,
47,1,0,11,3,"",FETCH,11111111111111111111111111111111,0,0,"global memory",,,
47,1,0,12,3,"",FETCH,11111111111111111111111111111111,0,0,"global memory",,,
47,1,0,13,3,"",FETCH,11111111111111111111111111111111,0,0,"global memory",,,
47,1,0,14,3,"",FETCH,11111111111111111111111111111111,0,0,"global memory",,,
47,1,0,15,3,"",FETCH,11111111111111111111111111111111,0,0,"global memory",,,
48,0,0,0,3,"",FETCH,11111111111111111111111111111111,0,0,"global memory",,,
48,0,0,1,3,"",FETCH,11111111111111111111111111111111,0,0,"global memory",,,
48,0,0,2,3,"",FETCH,11111111111111111111111111111111,0,0,"global memory",,,
48,0,0,3,3,"",FETCH,11111111111111111111111111111111,0,0,"global memory",,,
48,0,0,4,3,"",FETCH,11111111111111111111111111111111,0,0,"global memory",,,
48,0,0,5,3,"",FETCH,11111111111111111111111111111111,0,0,"global memory",,,
48,0,0,6,3,"",FETCH,11111111111111111111111111111111,0,0,"global memory",,,
48,0,0,7,3,"",FETCH,11111111111111111111111111111111,0,0,"global memory",,,
48,1,0,8,3,"",FETCH,11111111111111111111111111111111,0,0,"global memory",,,
48,1,0,9,3,"",FETCH,11111111111111111111111111111111,0,0,"global memory",,,
48,1,0,10,3,"",FETCH,11111111111111111111111111111111,0,0,"global memory",,,
48,1,0,11,3,"",FETCH,11111111111111111111111111111111,0,0,"global memory",,,
48,1,0,12,3,"",FETCH,11111111111111111111111111111111,0,0,"global memory",,,
48,1,0,13,3,"",FETCH,11111111111111111111111111111111,0,0,"global memory",,,
48,1,0,14,3,"",FETCH,11111111111111111111111111111111,0,0,"global memory",,,
48,1,0,15,3,"",FETCH,11111111111111111111111111111111,0,0,"global memory",,,
49,0,0,0,3,"",FETCH,11111111111111111111111111111111,0,0,"global memory",,,
49,0,0,1,3,"",FETCH,11111111111111111111111111111111,0,0,"global memory",,,
49,0,0,2,3,"",FETCH,11111111111111111111111111111111,0,0,"global memory",,,
49,0,0,3,3,"",FETCH,11111111111111111111111111111111,0,0,"global memory",,,
49,0,0,4,3,"",FETCH,11111111111111111111111111111111,0,0,"global memory",,,
49,0,0,5,3,"",FETCH,11111111111111111111111111111111,0,0,"global memory",,,
49,0,0,6,3,"",FETCH,11111111111111111111111111111111,0,0,"global memory",,,
49,0,0,7,3,"",FETCH,11111111111111111111111111111111,0,0,"global memory",,,
49,1,0,8,3,"",FETCH,11111111111111111111111111111111,0,0,"global memory",,,
49,1,0,9,3,"",FETCH,11111111111111111111111111111111,0,0,"global memory",,,
49,1,0,10,3,"",FETCH,11111111111111111111111111111111,0,0,"global memory",,,
49,1,0,11,3,"",FETCH,11111111111111111111111111111111,0,0,"global memory",,,
49,1,0,12,3,"",FETCH,11111111111111111111111111111111,0,0,"global memory",,,
49,1,0,13,3,"",FETCH,11111111111111111111111111111111,0,0,"global memory",,,
49,1,0,14,3,"",FETCH,11111111111111111111111111111111,0,0,"global memory",,,
49,1,0,15,3,"",FETCH,11111111111111111111111111111111,0,0,"global memory",,,
50,0,0,0,3,"",FETCH,11111111111111111111111111111111,0,0,"global memory",,,
50,0,0,1,3,"",FETCH,11111111111111111111111111111111,0,0,"global memory",,,
50,0,0,2,3,"",FETCH,11111111111111111111111111111111,0,0,"global memory",,,
50,0,0,3,3,"",FETCH,11111111111111111111111111111111,0,0,"global memory",,,
50,0,0,4,3,"",FETCH,11111111111111111111111111111111,0,0,"global memory",,,
50,0,0,5,3,"",FETCH,11111111111111111111111111111111,0,0,"global memory",,,
50,0,0,6,3,"",FETCH,11111111111111111111111111111111,0,0,"global memory",,,
50,0,0,7,3,"",FETCH,11111111111111111111111111111111,0,0,"global memory",,,
50,1,0,8,3,"",FETCH,11111111111111111111111111111111,0,0,"global memory",,,
50,1,0,9,3,"",FETCH,11111111111111111111111111111111,0,0,"global memory",,,
50,1,0,10,3,"",FETCH,11111111111111111111111111111111,0,0,"global memory",,,
50,1,0,11,3,"",FETCH,11111111111111111111111111111111,0,0,"global memory",,,
50,1,0,12,3,"",FETCH,11111111111111111111111111111111,0,0,"global memory",,,
50,1,0,13,3,"",FETCH,11111111111111111111111111111111,0,0,"global memory",,,
50,1,0,14,3,"",FETCH,11111111111111111111111111111111,0,0,"global memory",,,
50,1,0,15,3,"",FETCH,11111111111111111111111111111111,0,0,"global memory",,,
51,0,0,0,3,"",FETCH,11111111111111111111111111111111,0,0,"global memory",,,
51,0,0,1,3,"",FETCH,11111111111111111111111111111111,0,0,"global memory",,,
51,0,0,2,3,"",FETCH,11111111111111111111111111111111,0,0,"global memory",,,
51,0,0,3,3,"",FETCH,11111111111111111111111111111111,0,0,"global memory",,,
51,0,0,4,3,"",FETCH,11111111111111111111111111111111,0,0,"global memory",,,
51,0,0,5,3,"",FETCH,11111111111111111111111111111111,0,0,"global memory",,,
51,0,0,6,3,"",FETCH,11111111111111111111111111111111,0,0,"global memory",,,
51,0,0,7,3,"",FETCH,11111111111111111111111111111111,0,0,"global memory",,,
51,1,0,8,3,"",FETCH,11111111111111111111111111111111,0,0,"global memory",,,
51,1,0,9,3,"",FETCH,11111111111111111111111111111111,0,0,"global memory",,,
51,1,0,10,3,"",FETCH,11111111111111111111111111111111,0,0,"global memory",,,
51,1,0,11,3,"",FETCH,11111111111111111111111111111111,0,0,"global memory",,,
51,1,0,12,3,"",FETCH,11111111111111111111111111111111,0,0,"global memory",,,
51,1,0,13,3,"",FETCH,11111111111111111111111111111111,0,0,"global memory",,,
51,1,0,14,3,"",FETCH,11111111111111111111111111111111,0,0,"global memory",,,
51,1,0,15,3,"",FETCH,11111111111111111111111111111111,0,0,"global memory",,,
52,0,0,0,3,"",FETCH,11111111111111111111111111111111,0,0,"global memory",,,
52,0,0,1,3,"",FETCH,11111111111111111111111111111111,0,0,"global memory",,,
52,0,0,2,3,"",FETCH,11111111111111111111111111111111,0,0,"global memory",,,
52,0,0,3,3,"",FETCH,11111111111111111111111111111111,0,0,"global memory",,,
52,0,0,4,3,"",FETCH,11111111111111111111111111111111,0,0,"global memory",,,
52,0,0,5,3,"",FETCH,11111111111111111111111111111111,0,0,"global memory",,,
52,0,0,6,3,"",FETCH,11111111111111111111111111111111,0,0,"global memory",,,
52,0,0,7,3,"",FETCH,11111111111111111111111111111111,0,0,"global memory",,,
52,1,0,8,3,"",FETCH,11111111111111111111111111111111,0,0,"global memory",,,
52,1,0,9,3,"",FETCH,11111111111111111111111111111111,0,0,"global memory",,,
52,1,0,10,3,"",FETCH,11111111111111111111111111111111,0,0,"global memory",,,
52,1,0,11,3,"",FETCH,11111111111111111111111111111111,0,0,"global memory",,,
52,1,0,12,3,"",FETCH,11111111111111111111111111111111,0,0,"global memory",,,
52,1,0,13,3,"",FETCH,11111111111111111111111111111111,0,0,"global memory",,,
52,1,0,14,3,"",FETCH,11111111111111111111111111111111,0,0,"global memory",,,
52,1,0,15,3,"",FETCH,11111111111111111111111111111111,0,0,"global memory",,,
53,0,0,0,3,"",FETCH,11111111111111111111111111111111,0,0,"global memory",,,
53,0,0,1,3,"",FETCH,11111111111111111111111111111111,0,0,"global memory",,,
53,0,0,2,3,"",FETCH,11111111111111111111111111111111,0,0,"global memory",,,
53,0,0,3,3,"",FETCH,11111111111111111111111111111111,0,0,"global memory",,,
53,0,0,4,3,"",FETCH,11111111111111111111111111111111,0,0,"global memory",,,
53,0,0,5,3,"",FETCH,11111111111111111111111111111111,0,0,"global memory",,,
53,0,0,6,3,"",FETCH,11111111111111111111111111111111,0,0,"global memory",,,
53,0,0,7,3,"",FETCH,11111111111111111111111111111111,0,0,"global memory",,,
53,1,0,8,3,"",FETCH,11111111111111111111111111111111,0,0,"global memory",,,
53,1,0,9,3,"",FETCH,11111111111111111111111111111111,0,0,"global memory",,,
53,1,0,10,3,"",FETCH,11111111111111111111111111111111,0,0,"global memory",,,
53,1,0,11,3,"",FETCH,11111111111111111111111111111111,0,0,"global memory",,,
53,1,0,12,3,"",FETCH,11111111111111111111111111111111,0,0,"global memory",,,
53,1,0,13,3,"",FETCH,11111111111111111111111111111111,0,0,"global memory",,,
53,1,0,14,3,"",FETCH,11111111111111111111111111111111,0,0,"global memory",,,
53,1,0,15,3,"",FETCH,11111111111111111111111111111111,0,0,"global memory",,,
54,0,0,0,3,"",FETCH,11111111111111111111111111111111,0,0,"global memory",,,
54,0,0,1,3,"",FETCH,11111111111111111111111111111111,0,0,"global memory",,,
54,0,0,2,3,"",FETCH,11111111111111111111111111111111,0,0,"global memory",,,
54,0,0,3,3,"",FETCH,11111111111111111111111111111111,0,0,"global memory",,,
54,0,0,4,3,"",FETCH,11111111111111111111111111111111,0,0,"global memory",,,
54,0,0,5,3,"",FETCH,11111111111111111111111111111111,0,0,"global memory",,,
54,0,0,6,3,"",FETCH,11111111111111111111111111111111,0,0,"global memory",,,
54,0,0,7,3,"",FETCH,11111111111111111111111111111111,0,0,"global memory",,,
54,1,0,8,3,"",FETCH,11111111111111111111111111111111,0,0,"global memory",,,
54,1,0,9,3,"",FETCH,11111111111111111111111111111111,0,0,"global memory",,,
54,1,0,10,3,"",FETCH,11111111111111111111111111111111,0,0,"global memory",,,
54,1,0,11,3,"",FETCH,11111111111111111111111111111111,0,0,"global memory",,,
54,1,0,12,3,"",FETCH,11111111111111111111111111111111,0,0,"global memory",,,
54,1,0,13,3,"",FETCH,11111111111111111111111111111111,0,0,"global memory",,,
54,1,0,14,3,"",FETCH,11111111111111111111111111111111,0,0,"global memory",,,
54,1,0,15,3,"",FETCH,11111111111111111111111111111111,0,0,"global memory",,,
55,0,0,0,3,"",FETCH,11111111111111111111111111111111,0,0,"global memory",,,
55,0,0,1,3,"",FETCH,11111111111111111111111111111111,0,0,"global memory",,,
55,0,0,2,3,"",FETCH,11111111111111111111111111111111,0,0,"global memory",,,
55,0,0,3,3,"",FETCH,11111111111111111111111111111111,0,0,"global memory",,,
55,0,0,4,3,"",FETCH,11111111111111111111111111111111,0,0,"global memory",,,
55,0,0,5,3,"",FETCH,11111111111111111111111111111111,0,0,"global memory",,,
55,0,0,6,3,"",FETCH,11111111111111111111111111111111,0,0,"global memory",,,
55,0,0,7,3,"",FETCH,11111111111111111111111111111111,0,0,"global memory",,,
55,1,0,8,3,"",FETCH,11111111111111111111111111111111,0,0,"global memory",,,
55,1,0,9,3,"",FETCH,11111111111111111111111111111111,0,0,"global memory",,,
55,1,0,10,3,"",FETCH,11111111111111111111111111111111,0,0,"global memory",,,
55,1,0,11,3,"",FETCH,11111111111111111111111111111111,0,0,"global memory",,,
55,1,0,12,3,"",FETCH,11111111111111111111111111111111,0,0,"global memory",,,
55,1,0,13,3,"",FETCH,11111111111111111111111111111111,0,0,"global memory",,,
55,1,0,14,3,"",FETCH,11111111111111111111111111111111,0,0,"global memory",,,
55,1,0,15,3,"",FETCH,11111111111111111111111111111111,0,0,"global memory",,,
56,0,0,0,3,"",FETCH,11111111111111111111111111111111,0,0,"global memory",,,
56,0,0,1,3,"",FETCH,11111111111111111111111111111111,0,0,"global memory",,,
56,0,0,2,3,"",FETCH,11111111111111111111111111111111,0,0,"global memory",,,
56,0,0,3,3,"",FETCH,11111111111111111111111111111111,0,0,"global memory",,,
56,0,0,4,3,"",FETCH,11111111111111111111111111111111,0,0,"global memory",,,
56,0,0,5,3,"",FETCH,11111111111111111111111111111111,0,0,"global memory",,,
56,0,0,6,3,"",FETCH,11111111111111111111111111111111,0,0,"global memory",,,
56,0,0,7,3,"",FETCH,11111111111111111111111111111111,0,0,"global memory",,,
56,1,0,8,3,"",FETCH,11111111111111111111111111111111,0,0,"global memory",,,
56,1,0,9,3,"",FETCH,11111111111111111111111111111111,0,0,"global memory",,,
56,1,0,10,3,"",FETCH,11111111111111111111111111111111,0,0,"global memory",,,
56,1,0,11,3,"",FETCH,11111111111111111111111111111111,0,0,"global memory",,,
56,1,0,12,3,"",FETCH,11111111111111111111111111111111,0,0,"global memory",,,
56,1,0,13,3,"",FETCH,11111111111111111111111111111111,0,0,"global memory",,,
56,1,0,14,3,"",FETCH,11111111111111111111111111111111,0,0,"global memory",,,
56,1,0,15,3,"",FETCH,11111111111111111111111111111111,0,0,"global memory",,,
57,0,0,0,3,"",FETCH,11111111111111111111111111111111,0,0,"global memory",,,
57,0,0,1,3,"",FETCH,11111111111111111111111111111111,0,0,"global memory",,,
57,0,0,2,3,"",FETCH,11111111111111111111111111111111,0,0,"global memory",,,
57,0,0,3,3,"",FETCH,11111111111111111111111111111111,0,0,"global memory",,,
57,0,0,4,3,"",FETCH,11111111111111111111111111111111,0,0,"global memory",,,
57,0,0,5,3,"",FETCH,11111111111111111111111111111111,0,0,"global memory",,,
57,0,0,6,3,"",FETCH,11111111111111111111111111111111,0,0,"global memory",,,
57,0,0,7,3,"",FETCH,11111111111111111111111111111111,0,0,"global memory",,,
57,1,0,8,3,"",FETCH,11111111111111111111111111111111,0,0,"global memory",,,
57,1,0,9,3,"",FETCH,11111111111111111111111111111111,0,0,"global memory",,,
57,1,0,10,3,"",FETCH,11111111111111111111111111111111,0,0,"global memory",,,
57,1,0,11,3,"",FETCH,11111111111111111111111111111111,0,0,"global memory",,,
57,1,0,12,3,"",FETCH,11111111111111111111111111111111,0,0,"global memory",,,
57,1,0,13,3,"",FETCH,11111111111111111111111111111111,0,0,"global memory",,,
57,1,0,14,3,"",FETCH,11111111111111111111111111111111,0,0,"global memory",,,
57,1,0,15,3,"",FETCH,11111111111111111111111111111111,0,0,"global memory",,,
58,0,0,0,3,"",FETCH,11111111111111111111111111111111,0,0,"global memory",,,
58,0,0,1,3,"",FETCH,11111111111111111111111111111111,0,0,"global memory",,,
58,0,0,2,3,"",FETCH,11111111111111111111111111111111,0,0,"global memory",,,
58,0,0,3,3,"",FETCH,11111111111111111111111111111111,0,0,"global memory",,,
58,0,0,4,3,"",FETCH,11111111111111111111111111111111,0,0,"global memory",,,
58,0,0,5,3,"",FETCH,11111111111111111111111111111111,0,0,"global memory",,,
58,0,0,6,3,"",FETCH,11111111111111111111111111111111,0,0,"global memory",,,
58,0,0,7,3,"",FETCH,11111111111111111111111111111111,0,0,"global memory",,,
58,1,0,8,3,"",FETCH,11111111111111111111111111111111,0,0,"global memory",,,
58,1,0,9,3,"",FETCH,11111111111111111111111111111111,0,0,"global memory",,,
58,1,0,10,3,"",FETCH,11111111111111111111111111111111,0,0,"global memory",,,
58,1,0,11,3,"",FETCH,11111111111111111111111111111111,0,0,"global memory",,,
58,1,0,12,3,"",FETCH,11111111111111111111111111111111,0,0,"global memory",,,
58,1,0,13,3,"",FETCH,11111111111111111111111111111111,0,0,"global memory",,,
58,1,0,14,3,"",FETCH,11111111111111111111111111111111,0,0,"global memory",,,
58,1,0,15,3,"",FETCH,11111111111111111111111111111111,0,0,"global memory",,,
59,0,0,0,3,"",FETCH,11111111111111111111111111111111,0,0,"global memory",,,
59,0,0,1,3,"",FETCH,11111111111111111111111111111111,0,0,"global memory",,,
59,0,0,2,3,"",FETCH,11111111111111111111111111111111,0,0,"global memory",,,
59,0,0,3,3,"",FETCH,11111111111111111111111111111111,0,0,"global memory",,,
59,0,0,4,3,"",FETCH,11111111111111111111111111111111,0,0,"global memory",,,
59,0,0,5,3,"",FETCH,11111111111111111111111111111111,0,0,"global memory",,,
59,0,0,6,3,"",FETCH,11111111111111111111111111111111,0,0,"global memory",,,
59,0,0,7,3,"",FETCH,11111111111111111111111111111111,0,0,"global memory",,,
59,1,0,8,3,"",FETCH,11111111111111111111111111111111,0,0,"global memory",,,
59,1,0,9,3,"",FETCH,11111111111111111111111111111111,0,0,"global memory",,,
59,1,0,10,3,"",FETCH,11111111111111111111111111111111,0,0,"global memory",,,
59,1,0,11,3,"",FETCH,11111111111111111111111111111111,0,0,"global memory",,,
59,1,0,12,3,"",FETCH,11111111111111111111111111111111,0,0,"global memory",,,
59,1,0,13,3,"",FETCH,11111111111111111111111111111111,0,0,"global memory",,,
59,1,0,14,3,"",FETCH,11111111111111111111111111111111,0,0,"global memory",,,
59,1,0,15,3,"",FETCH,11111111111111111111111111111111,0,0,"global memory",,,
60,0,0,0,3,"",FETCH,11111111111111111111111111111111,0,0,"global memory",,,
60,0,0,1,3,"",FETCH,11111111111111111111111111111111,0,0,"global memory",,,
60,0,0,2,3,"",FETCH,11111111111111111111111111111111,0,0,"global memory",,,
60,0,0,3,3,"",FETCH,11111111111111111111111111111111,0,0,"global memory",,,
60,0,0,4,3,"",FETCH,11111111111111111111111111111111,0,0,"global memory",,,
60,0,0,5,3,"",FETCH,11111111111111111111111111111111,0,0,"global memory",,,
60,0,0,6,3,"",FETCH,11111111111111111111111111111111,0,0,"global memory",,,
60,0,0,7,3,"",FETCH,11111111111111111111111111111111,0,0,"global memory",,,
60,1,0,8,3,"",FETCH,11111111111111111111111111111111,0,0,"global memory",,,
60,1,0,9,3,"",FETCH,11111111111111111111111111111111,0,0,"global memory",,,
60,1,0,10,3,"",FETCH,11111111111111111111111111111111,0,0,"global memory",,,
60,1,0,11,3,"",FETCH,11111111111111111111111111111111,0,0,"global memory",,,
60,1,0,12,3,"",FETCH,11111111111111111111111111111111,0,0,"global memory",,,
60,1,0,13,3,"",FETCH,11111111111111111111111111111111,0,0,"global memory",,,
60,1,0,14,3,"",FETCH,11111111111111111111111111111111,0,0,"global memory",,,
60,1,0,15,3,"",FETCH,11111111111111111111111111111111,0,0,"global memory",,,
61,0,0,0,3,"",FETCH,11111111111111111111111111111111,0,0,"global memory",,,
61,0,0,1,3,"",FETCH,11111111111111111111111111111111,0,0,"global memory",,,
61,0,0,2,3,"",FETCH,11111111111111111111111111111111,0,0,"global memory",,,
61,0,0,3,3,"",FETCH,11111111111111111111111111111111,0,0,"global memory",,,
61,0,0,4,3,"",FETCH,11111111111111111111111111111111,0,0,"global memory",,,
61,0,0,5,3,"",FETCH,11111111111111111111111111111111,0,0,"global memory",,,
61,0,0,6,3,"",FETCH,11111111111111111111111111111111,0,0,"global memory",,,
61,0,0,7,3,"",FETCH,11111111111111111111111111111111,0,0,"global memory",,,
61,1,0,8,3,"",FETCH,11111111111111111111111111111111,0,0,"global memory",,,
61,1,0,9,3,"",FETCH,11111111111111111111111111111111,0,0,"global memory",,,
61,1,0,10,3,"",FETCH,11111111111111111111111111111111,0,0,"global memory",,,
61,1,0,11,3,"",FETCH,11111111111111111111111111111111,0,0,"global memory",,,
61,1,0,12,3,"",FETCH,11111111111111111111111111111111,0,0,"global memory",,,
61,1,0,13,3,"",FETCH,11111111111111111111111111111111,0,0,"global memory",,,
61,1,0,14,3,"",FETCH,11111111111111111111111111111111,0,0,"global memory",,,
61,1,0,15,3,"",FETCH,11111111111111111111111111111111,0,0,"global memory",,,
62,0,0,0,3,"",FETCH,11111111111111111111111111111111,0,0,"global memory",,,
62,0,0,1,3,"",FETCH,11111111111111111111111111111111,0,0,"global memory",,,
62,0,0,2,3,"",FETCH,11111111111111111111111111111111,0,0,"global memory",,,
62,0,0,3,3,"",FETCH,11111111111111111111111111111111,0,0,"global memory",,,
62,0,0,4,3,"",FETCH,11111111111111111111111111111111,0,0,"global memory",,,
62,0,0,5,3,"",FETCH,11111111111111111111111111111111,0,0,"global memory",,,
62,0,0,6,3,"",FETCH,11111111111111111111111111111111,0,0,"global memory",,,
62,0,0,7,3,"",FETCH,11111111111111111111111111111111,0,0,"global memory",,,
62,1,0,8,3,"",FETCH,11111111111111111111111111111111,0,0,"global memory",,,
62,1,0,9,3,"",FETCH,11111111111111111111111111111111,0,0,"global memory",,,
62,1,0,10,3,"",FETCH,11111111111111111111111111111111,0,0,"global memory",,,
62,1,0,11,3,"",FETCH,11111111111111111111111111111111,0,0,"global memory",,,
62,1,0,12,3,"",FETCH,11111111111111111111111111111111,0,0,"global memory",,,
62,1,0,13,3,"",FETCH,11111111111111111111111111111111,0,0,"global memory",,,
62,1,0,14,3,"",FETCH,11111111111111111111111111111111,0,0,"global memory",,,
62,1,0,15,3,"",FETCH,11111111111111111111111111111111,0,0,"global memory",,,
63,0,0,0,3,"",FETCH,11111111111111111111111111111111,0,0,"global memory",,,
63,0,0,1,3,"",FETCH,11111111111111111111111111111111,0,0,"global memory",,,
63,0,0,2,3,"",FETCH,11111111111111111111111111111111,0,0,"global memory",,,
63,0,0,3,3,"",FETCH,11111111111111111111111111111111,0,0,"global memory",,,
63,0,0,4,3,"",FETCH,11111111111111111111111111111111,0,0,"global memory",,,
63,0,0,5,3,"",FETCH,11111111111111111111111111111111,0,0,"global memory",,,
63,0,0,6,3,"",FETCH,11111111111111111111111111111111,0,0,"global memory",,,
63,0,0,7,3,"",FETCH,11111111111111111111111111111111,0,0,"global memory",,,
63,1,0,8,3,"",FETCH,11111111111111111111111111111111,0,0,"global memory",,,
63,1,0,9,3,"",FETCH,11111111111111111111111111111111,0,0,"global memory",,,
63,1,0,10,3,"",FETCH,11111111111111111111111111111111,0,0,"global memory",,,
63,1,0,11,3,"",FETCH,11111111111111111111111111111111,0,0,"global memory",,,
63,1,0,12,3,"",FETCH,11111111111111111111111111111111,0,0,"global memory",,,
63,1,0,13,3,"",FETCH,11111111111111111111111111111111,0,0,"global memory",,,
63,1,0,14,3,"",FETCH,11111111111111111111111111111111,0,0,"global memory",,,
63,1,0,15,3,"",FETCH,11111111111111111111111111111111,0,0,"global memory",,,
64,0,0,0,3,"",FETCH,11111111111111111111111111111111,0,0,"global memory",,,
64,0,0,1,3,"",FETCH,11111111111111111111111111111111,0,0,"global memory",,,
64,0,0,2,3,"",FETCH,11111111111111111111111111111111,0,0,"global memory",,,
64,0,0,3,3,"",FETCH,11111111111111111111111111111111,0,0,"global memory",,,
64,0,0,4,3,"",FETCH,11111111111111111111111111111111,0,0,"global memory",,,
64,0,0,5,3,"",FETCH,11111111111111111111111111111111,0,0,"global memory",,,
64,0,0,6,3,"",FETCH,11111111111111111111111111111111,0,0,"global memory",,,
64,0,0,7,3,"",FETCH,11111111111111111111111111111111,0,0,"global memory",,,
64,1,0,8,3,"",FETCH,11111111111111111111111111111111,0,0,"global memory",,,
64,1,0,9,3,"",FETCH,11111111111111111111111111111111,0,0,"global memory",,,
64,1,0,10,3,"",FETCH,11111111111111111111111111111111,0,0,"global memory",,,
64,1,0,11,3,"",FETCH,11111111111111111111111111111111,0,0,"global memory",,,
64,1,0,12,3,"",FETCH,11111111111111111111111111111111,0,0,"global memory",,,
64,1,0,13,3,"",FETCH,11111111111111111111111111111111,0,0,"global memory",,,
64,1,0,14,3,"",FETCH,11111111111111111111111111111111,0,0,"global memory",,,
64,1,0,15,3,"",FETCH,11111111111111111111111111111111,0,0,"global memory",,,
65,0,0,0,3,"",FETCH,11111111111111111111111111111111,0,0,"global memory",,,
65,0,0,1,3,"",FETCH,11111111111111111111111111111111,0,0,"global memory",,,
65,0,0,2,3,"",FETCH,11111111111111111111111111111111,0,0,"global memory",,,
65,0,0,3,3,"",FETCH,11111111111111111111111111111111,0,0,"global memory",,,
65,0,0,4,3,"",FETCH,11111111111111111111111111111111,0,0,"global memory",,,
65,0,0,5,3,"",FETCH,11111111111111111111111111111111,0,0,"global memory",,,
65,0,0,6,3,"",FETCH,11111111111111111111111111111111,0,0,"global memory",,,
65,0,0,7,3,"",FETCH,11111111111111111111111111111111,0,0,"global memory",,,
65,1,0,8,3,"",FETCH,11111111111111111111111111111111,0,0,"global memory",,,
65,1,0,9,3,"",FETCH,11111111111111111111111111111111,0,0,"global memory",,,
65,1,0,10,3,"",FETCH,11111111111111111111111111111111,0,0,"global memory",,,
65,1,0,11,3,"",FETCH,11111111111111111111111111111111,0,0,"global memory",,,
65,1,0,12,3,"",FETCH,11111111111111111111111111111111,0,0,"global memory",,,
65,1,0,13,3,"",FETCH,11111111111111111111111111111111,0,0,"global memory",,,
65,1,0,14,3,"",FETCH,11111111111111111111111111111111,0,0,"global memory",,,
65,1,0,15,3,"",FETCH,11111111111111111111111111111111,0,0,"global memory",,,
66,0,0,0,3,"",FETCH,11111111111111111111111111111111,0,0,"global memory",,,
66,0,0,1,3,"",FETCH,11111111111111111111111111111111,0,0,"global memory",,,
66,0,0,2,3,"",FETCH,11111111111111111111111111111111,0,0,"global memory",,,
66,0,0,3,3,"",FETCH,11111111111111111111111111111111,0,0,"global memory",,,
66,0,0,4,3,"",FETCH,11111111111111111111111111111111,0,0,"global memory",,,
66,0,0,5,3,"",FETCH,11111111111111111111111111111111,0,0,"global memory",,,
66,0,0,6,3,"",FETCH,11111111111111111111111111111111,0,0,"global memory",,,
66,0,0,7,3,"",FETCH,11111111111111111111111111111111,0,0,"global memory",,,
66,1,0,8,3,"",FETCH,11111111111111111111111111111111,0,0,"global memory",,,
66,1,0,9,3,"",FETCH,11111111111111111111111111111111,0,0,"global memory",,,
66,1,0,10,3,"",FETCH,11111111111111111111111111111111,0,0,"global memory",,,
66,1,0,11,3,"",FETCH,11111111111111111111111111111111,0,0,"global memory",,,
66,1,0,12,3,"",FETCH,11111111111111111111111111111111,0,0,"global memory",,,
66,1,0,13,3,"",FETCH,11111111111111111111111111111111,0,0,"global memory",,,
66,1,0,14,3,"",FETCH,11111111111111111111111111111111,0,0,"global memory",,,
66,1,0,15,3,"",FETCH,11111111111111111111111111111111,0,0,"global memory",,,
67,0,0,0,3,"",FETCH,11111111111111111111111111111111,0,0,"global memory",,,
67,0,0,1,3,"",FETCH,11111111111111111111111111111111,0,0,"global memory",,,
67,0,0,2,3,"",FETCH,11111111111111111111111111111111,0,0,"global memory",,,
67,0,0,3,3,"",FETCH,11111111111111111111111111111111,0,0,"global memory",,,
67,0,0,4,3,"",FETCH,11111111111111111111111111111111,0,0,"global memory",,,
67,0,0,5,3,"",FETCH,11111111111111111111111111111111,0,0,"global memory",,,
67,0,0,6,3,"",FETCH,11111111111111111111111111111111,0,0,"global memory",,,
67,0,0,7,3,"",FETCH,11111111111111111111111111111111,0,0,"global memory",,,
67,1,0,8,3,"",FETCH,11111111111111111111111111111111,0,0,"global memory",,,
67,1,0,9,3,"",FETCH,11111111111111111111111111111111,0,0,"global memory",,,
67,1,0,10,3,"",FETCH,11111111111111111111111111111111,0,0,"global memory",,,
67,1,0,11,3,"",FETCH,11111111111111111111111111111111,0,0,"global memory",,,
67,1,0,12,3,"",FETCH,11111111111111111111111111111111,0,0,"global memory",,,
67,1,0,13,3,"",FETCH,11111111111111111111111111111111,0,0,"global memory",,,
67,1,0,14,3,"",FETCH,11111111111111111111111111111111,0,0,"global memory",,,
67,1,0,15,3,"",FETCH,11111111111111111111111111111111,0,0,"global memory",,,
68,0,0,0,3,"",FETCH,11111111111111111111111111111111,0,0,"global memory",,,
68,0,0,1,3,"",FETCH,11111111111111111111111111111111,0,0,"global memory",,,
68,0,0,2,3,"",FETCH,11111111111111111111111111111111,0,0,"global memory",,,
68,0,0,3,3,"",FETCH,11111111111111111111111111111111,0,0,"global memory",,,
68,0,0,4,3,"",FETCH,11111111111111111111111111111111,0,0,"global memory",,,
68,0,0,5,3,"",FETCH,11111111111111111111111111111111,0,0,"global memory",,,
68,0,0,6,3,"",FETCH,11111111111111111111111111111111,0,0,"global memory",,,
68,0,0,7,3,"",FETCH,11111111111111111111111111111111,0,0,"global memory",,,
68,1,0,8,3,"",FETCH,11111111111111111111111111111111,0,0,"global memory",,,
68,1,0,9,3,"",FETCH,11111111111111111111111111111111,0,0,"global memory",,,
68,1,0,10,3,"",FETCH,11111111111111111111111111111111,0,0,"global memory",,,
68,1,0,11,3,"",FETCH,11111111111111111111111111111111,0,0,"global memory",,,
68,1,0,12,3,"",FETCH,11111111111111111111111111111111,0,0,"global memory",,,
68,1,0,13,3,"",FETCH,11111111111111111111111111111111,0,0,"global memory",,,
68,1,0,14,3,"",FETCH,11111111111111111111111111111111,0,0,"global memory",,,
68,1,0,15,3,"",FETCH,11111111111111111111111111111111,0,0,"global memory",,,
69,0,0,0,3,"",FETCH,11111111111111111111111111111111,0,0,"global memory",,,
69,0,0,1,3,"",FETCH,11111111111111111111111111111111,0,0,"global memory",,,
69,0,0,2,3,"",FETCH,11111111111111111111111111111111,0,0,"global memory",,,
69,0,0,3,3,"",FETCH,11111111111111111111111111111111,0,0,"global memory",,,
69,0,0,4,3,"",FETCH,11111111111111111111111111111111,0,0,"global memory",,,
69,0,0,5,3,"",FETCH,11111111111111111111111111111111,0,0,"global memory",,,
69,0,0,6,3,"",FETCH,11111111111111111111111111111111,0,0,"global memory",,,
69,0,0,7,3,"",FETCH,11111111111111111111111111111111,0,0,"global memory",,,
69,1,0,8,3,"",FETCH,11111111111111111111111111111111,0,0,"global memory",,,
69,1,0,9,3,"",FETCH,11111111111111111111111111111111,0,0,"global memory",,,
69,1,0,10,3,"",FETCH,11111111111111111111111111111111,0,0,"global memory",,,
69,1,0,11,3,"",FETCH,11111111111111111111111111111111,0,0,"global memory",,,
69,1,0,12,3,"",FETCH,11111111111111111111111111111111,0,0,"global memory",,,
69,1,0,13,3,"",FETCH,11111111111111111111111111111111,0,0,"global memory",,,
69,1,0,14,3,"",FETCH,11111111111111111111111111111111,0,0,"global memory",,,
69,1,0,15,3,"",FETCH,11111111111111111111111111111111,0,0,"global memory",,,
70,0,0,0,3,"",FETCH,11111111111111111111111111111111,0,0,"global memory",,,
70,0,0,1,3,"",FETCH,11111111111111111111111111111111,0,0,"global memory",,,
70,0,0,2,3,"",FETCH,11111111111111111111111111111111,0,0,"global memory",,,
70,0,0,3,3,"",FETCH,11111111111111111111111111111111,0,0,"global memory",,,
70,0,0,4,3,"",FETCH,11111111111111111111111111111111,0,0,"global memory",,,
70,0,0,5,3,"",FETCH,11111111111111111111111111111111,0,0,"global memory",,,
70,0,0,6,3,"",FETCH,11111111111111111111111111111111,0,0,"global memory",,,
70,0,0,7,3,"",FETCH,11111111111111111111111111111111,0,0,"global memory",,,
70,1,0,8,3,"",FETCH,11111111111111111111111111111111,0,0,"global memory",,,
70,1,0,9,3,"",FETCH,11111111111111111111111111111111,0,0,"global memory",,,
70,1,0,10,3,"",FETCH,11111111111111111111111111111111,0,0,"global memory",,,
70,1,0,11,3,"",FETCH,11111111111111111111111111111111,0,0,"global memory",,,
70,1,0,12,3,"",FETCH,11111111111111111111111111111111,0,0,"global memory",,,
70,1,0,13,3,"",FETCH,11111111111111111111111111111111,0,0,"global memory",,,
70,1,0,14,3,"",FETCH,11111111111111111111111111111111,0,0,"global memory",,,
70,1,0,15,3,"",FETCH,11111111111111111111111111111111,0,0,"global memory",,,
71,0,0,0,3,"",FETCH,11111111111111111111111111111111,0,0,"global memory",,,
71,0,0,1,3,"",FETCH,11111111111111111111111111111111,0,0,"global memory",,,
71,0,0,2,3,"",FETCH,11111111111111111111111111111111,0,0,"global memory",,,
71,0,0,3,3,"",FETCH,11111111111111111111111111111111,0,0,"global memory",,,
71,0,0,4,3,"",FETCH,11111111111111111111111111111111,0,0,"global memory",,,
71,0,0,5,3,"",FETCH,11111111111111111111111111111111,0,0,"global memory",,,
71,0,0,6,3,"",FETCH,11111111111111111111111111111111,0,0,"global memory",,,
71,0,0,7,3,"",FETCH,11111111111111111111111111111111,0,0,"global memory",,,
71,1,0,8,3,"",FETCH,11111111111111111111111111111111,0,0,"global memory",,,
71,1,0,9,3,"",FETCH,11111111111111111111111111111111,0,0,"global memory",,,
71,1,0,10,3,"",FETCH,11111111111111111111111111111111,0,0,"global memory",,,
71,1,0,11,3,"",FETCH,11111111111111111111111111111111,0,0,"global memory",,,
71,1,0,12,3,"",FETCH,11111111111111111111111111111111,0,0,"global memory",,,
71,1,0,13,3,"",FETCH,11111111111111111111111111111111,0,0,"global memory",,,
71,1,0,14,3,"",FETCH,11111111111111111111111111111111,0,0,"global memory",,,
71,1,0,15,3,"",FETCH,11111111111111111111111111111111,0,0,"global memory",,,
72,0,0,0,3,"",FETCH,11111111111111111111111111111111,0,0,"global memory",,,
72,0,0,1,3,"",FETCH,11111111111111111111111111111111,0,0,"global memory",,,
72,0,0,2,3,"",FETCH,11111111111111111111111111111111,0,0,"global memory",,,
72,0,0,3,3,"",FETCH,11111111111111111111111111111111,0,0,"global memory",,,
72,0,0,4,3,"",FETCH,11111111111111111111111111111111,0,0,"global memory",,,
72,0,0,5,3,"",FETCH,11111111111111111111111111111111,0,0,"global memory",,,
72,0,0,6,3,"",FETCH,11111111111111111111111111111111,0,0,"global memory",,,
72,0,0,7,3,"",FETCH,11111111111111111111111111111111,0,0,"global memory",,,
72,1,0,8,3,"",FETCH,11111111111111111111111111111111,0,0,"global memory",,,
72,1,0,9,3,"",FETCH,11111111111111111111111111111111,0,0,"global memory",,,
72,1,0,10,3,"",FETCH,11111111111111111111111111111111,0,0,"global memory",,,
72,1,0,11,3,"",FETCH,11111111111111111111111111111111,0,0,"global memory",,,
72,1,0,12,3,"",FETCH,11111111111111111111111111111111,0,0,"global memory",,,
72,1,0,13,3,"",FETCH,11111111111111111111111111111111,0,0,"global memory",,,
72,1,0,14,3,"",FETCH,11111111111111111111111111111111,0,0,"global memory",,,
72,1,0,15,3,"",FETCH,11111111111111111111111111111111,0,0,"global memory",,,
73,0,0,0,3,"",FETCH,11111111111111111111111111111111,0,0,"global memory",,,
73,0,0,1,3,"",FETCH,11111111111111111111111111111111,0,0,"global memory",,,
73,0,0,2,3,"",FETCH,11111111111111111111111111111111,0,0,"global memory",,,
73,0,0,3,3,"",FETCH,11111111111111111111111111111111,0,0,"global memory",,,
73,0,0,4,3,"",FETCH,11111111111111111111111111111111,0,0,"global memory",,,
73,0,0,5,3,"",FETCH,11111111111111111111111111111111,0,0,"global memory",,,
73,0,0,6,3,"",FETCH,11111111111111111111111111111111,0,0,"global memory",,,
73,0,0,7,3,"",FETCH,11111111111111111111111111111111,0,0,"global memory",,,
73,1,0,8,3,"",FETCH,11111111111111111111111111111111,0,0,"global memory",,,
73,1,0,9,3,"",FETCH,11111111111111111111111111111111,0,0,"global memory",,,
73,1,0,10,3,"",FETCH,11111111111111111111111111111111,0,0,"global memory",,,
73,1,0,11,3,"",FETCH,11111111111111111111111111111111,0,0,"global memory",,,
73,1,0,12,3,"",FETCH,11111111111111111111111111111111,0,0,"global memory",,,
73,1,0,13,3,"",FETCH,11111111111111111111111111111111,0,0,"global memory",,,
73,1,0,14,3,"",FETCH,11111111111111111111111111111111,0,0,"global memory",,,
73,1,0,15,3,"",FETCH,11111111111111111111111111111111,0,0,"global memory",,,
74,0,0,0,3,"",FETCH,11111111111111111111111111111111,0,0,"global memory",,,
74,0,0,1,3,"",FETCH,11111111111111111111111111111111,0,0,"global memory",,,
74,0,0,2,3,"",FETCH,11111111111111111111111111111111,0,0,"global memory",,,
74,0,0,3,3,"",FETCH,11111111111111111111111111111111,0,0,"global memory",,,
74,0,0,4,3,"",FETCH,11111111111111111111111111111111,0,0,"global memory",,,
74,0,0,5,3,"",FETCH,11111111111111111111111111111111,0,0,"global memory",,,
74,0,0,6,3,"",FETCH,11111111111111111111111111111111,0,0,"global memory",,,
74,0,0,7,3,"",FETCH,11111111111111111111111111111111,0,0,"global memory",,,
74,1,0,8,3,"",FETCH,11111111111111111111111111111111,0,0,"global memory",,,
74,1,0,9,3,"",FETCH,11111111111111111111111111111111,0,0,"global memory",,,
74,1,0,10,3,"",FETCH,11111111111111111111111111111111,0,0,"global memory",,,
74,1,0,11,3,"",FETCH,11111111111111111111111111111111,0,0,"global memory",,,
74,1,0,12,3,"",FETCH,11111111111111111111111111111111,0,0,"global memory",,,
74,1,0,13,3,"",FETCH,11111111111111111111111111111111,0,0,"global memory",,,
74,1,0,14,3,"",FETCH,11111111111111111111111111111111,0,0,"global memory",,,
74,1,0,15,3,"",FETCH,11111111111111111111111111111111,0,0,"global memory",,,
75,0,0,0,3,"",FETCH,11111111111111111111111111111111,0,0,"global memory",,,
75,0,0,1,3,"",FETCH,11111111111111111111111111111111,0,0,"global memory",,,
75,0,0,2,3,"",FETCH,11111111111111111111111111111111,0,0,"global memory",,,
75,0,0,3,3,"",FETCH,11111111111111111111111111111111,0,0,"global memory",,,
75,0,0,4,3,"",FETCH,11111111111111111111111111111111,0,0,"global memory",,,
75,0,0,5,3,"",FETCH,11111111111111111111111111111111,0,0,"global memory",,,
75,0,0,6,3,"",FETCH,11111111111111111111111111111111,0,0,"global memory",,,
75,0,0,7,3,"",FETCH,11111111111111111111111111111111,0,0,"global memory",,,
75,1,0,8,3,"",FETCH,11111111111111111111111111111111,0,0,"global memory",,,
75,1,0,9,3,"",FETCH,11111111111111111111111111111111,0,0,"global memory",,,
75,1,0,10,3,"",FETCH,11111111111111111111111111111111,0,0,"global memory",,,
75,1,0,11,3,"",FETCH,11111111111111111111111111111111,0,0,"global memory",,,
75,1,0,12,3,"",FETCH,11111111111111111111111111111111,0,0,"global memory",,,
75,1,0,13,3,"",FETCH,11111111111111111111111111111111,0,0,"global memory",,,
75,1,0,14,3,"",FETCH,11111111111111111111111111111111,0,0,"global memory",,,
75,1,0,15,3,"",FETCH,11111111111111111111111111111111,0,0,"global memory",,,
76,0,0,0,3,"",FETCH,11111111111111111111111111111111,0,0,"global memory",,,
76,0,0,1,3,"",FETCH,11111111111111111111111111111111,0,0,"global memory",,,
76,0,0,2,3,"",FETCH,11111111111111111111111111111111,0,0,"global memory",,,
76,0,0,3,3,"",FETCH,11111111111111111111111111111111,0,0,"global memory",,,
76,0,0,4,3,"",FETCH,11111111111111111111111111111111,0,0,"global memory",,,
76,0,0,5,3,"",FETCH,11111111111111111111111111111111,0,0,"global memory",,,
76,0,0,6,3,"",FETCH,11111111111111111111111111111111,0,0,"global memory",,,
76,0,0,7,3,"",FETCH,11111111111111111111111111111111,0,0,"global memory",,,
76,1,0,8,3,"",FETCH,11111111111111111111111111111111,0,0,"global memory",,,
76,1,0,9,3,"",FETCH,11111111111111111111111111111111,0,0,"global memory",,,
76,1,0,10,3,"",FETCH,11111111111111111111111111111111,0,0,"global memory",,,
76,1,0,11,3,"",FETCH,11111111111111111111111111111111,0,0,"global memory",,,
76,1,0,12,3,"",FETCH,11111111111111111111111111111111,0,0,"global memory",,,
76,1,0,13,3,"",FETCH,11111111111111111111111111111111,0,0,"global memory",,,
76,1,0,14,3,"",FETCH,11111111111111111111111111111111,0,0,"global memory",,,
76,1,0,15,3,"",FETCH,11111111111111111111111111111111,0,0,"global memory",,,
77,0,0,0,3,"",FETCH,11111111111111111111111111111111,0,0,"global memory",,,
77,0,0,1,3,"",FETCH,11111111111111111111111111111111,0,0,"global memory",,,
77,0,0,2,3,"",FETCH,11111111111111111111111111111111,0,0,"global memory",,,
77,0,0,3,3,"",FETCH,11111111111111111111111111111111,0,0,"global memory",,,
77,0,0,4,3,"",FETCH,11111111111111111111111111111111,0,0,"global memory",,,
77,0,0,5,3,"",FETCH,11111111111111111111111111111111,0,0,"global memory",,,
77,0,0,6,3,"",FETCH,11111111111111111111111111111111,0,0,"global memory",,,
77,0,0,7,3,"",FETCH,11111111111111111111111111111111,0,0,"global memory",,,
77,1,0,8,3,"",FETCH,11111111111111111111111111111111,0,0,"global memory",,,
77,1,0,9,3,"",FETCH,11111111111111111111111111111111,0,0,"global memory",,,
77,1,0,10,3,"",FETCH,11111111111111111111111111111111,0,0,"global memory",,,
77,1,0,11,3,"",FETCH,11111111111111111111111111111111,0,0,"global memory",,,
77,1,0,12,3,"",FETCH,11111111111111111111111111111111,0,0,"global memory",,,
77,1,0,13,3,"",FETCH,11111111111111111111111111111111,0,0,"global memory",,,
77,1,0,14,3,"",FETCH,11111111111111111111111111111111,0,0,"global memory",,,
77,1,0,15,3,"",FETCH,11111111111111111111111111111111,0,0,"global memory",,,
78,0,0,0,3,"",FETCH,11111111111111111111111111111111,0,0,"global memory",,,
78,0,0,1,3,"",FETCH,11111111111111111111111111111111,0,0,"global memory",,,
78,0,0,2,3,"",FETCH,11111111111111111111111111111111,0,0,"global memory",,,
78,0,0,3,3,"",FETCH,11111111111111111111111111111111,0,0,"global memory",,,
78,0,0,4,3,"",FETCH,11111111111111111111111111111111,0,0,"global memory",,,
78,0,0,5,3,"",FETCH,11111111111111111111111111111111,0,0,"global memory",,,
78,0,0,6,3,"",FETCH,11111111111111111111111111111111,0,0,"global memory",,,
78,0,0,7,3,"",FETCH,11111111111111111111111111111111,0,0,"global memory",,,
78,1,0,8,3,"",FETCH,11111111111111111111111111111111,0,0,"global memory",,,
78,1,0,9,3,"",FETCH,11111111111111111111111111111111,0,0,"global memory",,,
78,1,0,10,3,"",FETCH,11111111111111111111111111111111,0,0,"global memory",,,
78,1,0,11,3,"",FETCH,11111111111111111111111111111111,0,0,"global memory",,,
78,1,0,12,3,"",FETCH,11111111111111111111111111111111,0,0,"global memory",,,
78,1,0,13,3,"",FETCH,11111111111111111111111111111111,0,0,"global memory",,,
78,1,0,14,3,"",FETCH,11111111111111111111111111111111,0,0,"global memory",,,
78,1,0,15,3,"",FETCH,11111111111111111111111111111111,0,0,"global memory",,,
79,0,0,0,3,"",FETCH,11111111111111111111111111111111,0,0,"global memory",,,
79,0,0,1,3,"",FETCH,11111111111111111111111111111111,0,0,"global memory",,,
79,0,0,2,3,"",FETCH,11111111111111111111111111111111,0,0,"global memory",,,
79,0,0,3,3,"",FETCH,11111111111111111111111111111111,0,0,"global memory",,,
79,0,0,4,3,"",FETCH,11111111111111111111111111111111,0,0,"global memory",,,
79,0,0,5,3,"",FETCH,11111111111111111111111111111111,0,0,"global memory",,,
79,0,0,6,3,"",FETCH,11111111111111111111111111111111,0,0,"global memory",,,
79,0,0,7,3,"",FETCH,11111111111111111111111111111111,0,0,"global memory",,,
79,1,0,8,3,"",FETCH,11111111111111111111111111111111,0,0,"global memory",,,
79,1,0,9,3,"",FETCH,11111111111111111111111111111111,0,0,"global memory",,,
79,1,0,10,3,"",FETCH,11111111111111111111111111111111,0,0,"global memory",,,
79,1,0,11,3,"",FETCH,11111111111111111111111111111111,0,0,"global memory",,,
79,1,0,12,3,"",FETCH,11111111111111111111111111111111,0,0,"global memory",,,
79,1,0,13,3,"",FETCH,11111111111111111111111111111111,0,0,"global memory",,,
79,1,0,14,3,"",FETCH,11111111111111111111111111111111,0,0,"global memory",,,
79,1,0,15,3,"",FETCH,11111111111111111111111111111111,0,0,"global memory",,,
80,0,0,0,3,"",FETCH,11111111111111111111111111111111,0,0,"global memory",,,
80,0,0,1,3,"",FETCH,11111111111111111111111111111111,0,0,"global memory",,,
80,0,0,2,3,"",FETCH,11111111111111111111111111111111,0,0,"global memory",,,
80,0,0,3,3,"",FETCH,11111111111111111111111111111111,0,0,"global memory",,,
80,0,0,4,3,"",FETCH,11111111111111111111111111111111,0,0,"global memory",,,
80,0,0,5,3,"",FETCH,11111111111111111111111111111111,0,0,"global memory",,,
80,0,0,6,3,"",FETCH,11111111111111111111111111111111,0,0,"global memory",,,
80,0,0,7,3,"",FETCH,11111111111111111111111111111111,0,0,"global memory",,,
80,1,0,8,3,"",FETCH,11111111111111111111111111111111,0,0,"global memory",,,
80,1,0,9,3,"",FETCH,11111111111111111111111111111111,0,0,"global memory",,,
80,1,0,10,3,"",FETCH,11111111111111111111111111111111,0,0,"global memory",,,
80,1,0,11,3,"",FETCH,11111111111111111111111111111111,0,0,"global memory",,,
80,1,0,12,3,"",FETCH,11111111111111111111111111111111,0,0,"global memory",,,
80,1,0,13,3,"",FETCH,11111111111111111111111111111111,0,0,"global memory",,,
80,1,0,14,3,"",FETCH,11111111111111111111111111111111,0,0,"global memory",,,
80,1,0,15,3,"",FETCH,11111111111111111111111111111111,0,0,"global memory",,,
81,0,0,0,3,"",FETCH,11111111111111111111111111111111,0,0,"global memory",,,
81,0,0,1,3,"",FETCH,11111111111111111111111111111111,0,0,"global memory",,,
81,0,0,2,3,"",FETCH,11111111111111111111111111111111,0,0,"global memory",,,
81,0,0,3,3,"",FETCH,11111111111111111111111111111111,0,0,"global memory",,,
81,0,0,4,3,"",FETCH,11111111111111111111111111111111,0,0,"global memory",,,
81,0,0,5,3,"",FETCH,11111111111111111111111111111111,0,0,"global memory",,,
81,0,0,6,3,"",FETCH,11111111111111111111111111111111,0,0,"global memory",,,
81,0,0,7,3,"",FETCH,11111111111111111111111111111111,0,0,"global memory",,,
81,1,0,8,3,"",FETCH,11111111111111111111111111111111,0,0,"global memory",,,
81,1,0,9,3,"",FETCH,11111111111111111111111111111111,0,0,"global memory",,,
81,1,0,10,3,"",FETCH,11111111111111111111111111111111,0,0,"global memory",,,
81,1,0,11,3,"",FETCH,11111111111111111111111111111111,0,0,"global memory",,,
81,1,0,12,3,"",FETCH,11111111111111111111111111111111,0,0,"global memory",,,
81,1,0,13,3,"",FETCH,11111111111111111111111111111111,0,0,"global memory",,,
81,1,0,14,3,"",FETCH,11111111111111111111111111111111,0,0,"global memory",,,
81,1,0,15,3,"",FETCH,11111111111111111111111111111111,0,0,"global memory",,,
82,0,0,0,3,"",FETCH,11111111111111111111111111111111,0,0,"global memory",,,
82,0,0,1,3,"",FETCH,11111111111111111111111111111111,0,0,"global memory",,,
82,0,0,2,3,"",FETCH,11111111111111111111111111111111,0,0,"global memory",,,
82,0,0,3,3,"",FETCH,11111111111111111111111111111111,0,0,"global memory",,,
82,0,0,4,3,"",FETCH,11111111111111111111111111111111,0,0,"global memory",,,
82,0,0,5,3,"",FETCH,11111111111111111111111111111111,0,0,"global memory",,,
82,0,0,6,3,"",FETCH,11111111111111111111111111111111,0,0,"global memory",,,
82,0,0,7,3,"",FETCH,11111111111111111111111111111111,0,0,"global memory",,,
82,1,0,8,3,"",FETCH,11111111111111111111111111111111,0,0,"global memory",,,
82,1,0,9,3,"",FETCH,11111111111111111111111111111111,0,0,"global memory",,,
82,1,0,10,3,"",FETCH,11111111111111111111111111111111,0,0,"global memory",,,
82,1,0,11,3,"",FETCH,11111111111111111111111111111111,0,0,"global memory",,,
82,1,0,12,3,"",FETCH,11111111111111111111111111111111,0,0,"global memory",,,
82,1,0,13,3,"",FETCH,11111111111111111111111111111111,0,0,"global memory",,,
82,1,0,14,3,"",FETCH,11111111111111111111111111111111,0,0,"global memory",,,
82,1,0,15,3,"",FETCH,11111111111111111111111111111111,0,0,"global memory",,,
83,0,0,0,3,"",FETCH,11111111111111111111111111111111,0,0,"global memory",,,
83,0,0,1,3,"",FETCH,11111111111111111111111111111111,0,0,"global memory",,,
83,0,0,2,3,"",FETCH,11111111111111111111111111111111,0,0,"global memory",,,
83,0,0,3,3,"",FETCH,11111111111111111111111111111111,0,0,"global memory",,,
83,0,0,4,3,"",FETCH,11111111111111111111111111111111,0,0,"global memory",,,
83,0,0,5,3,"",FETCH,11111111111111111111111111111111,0,0,"global memory",,,
83,0,0,6,3,"",FETCH,11111111111111111111111111111111,0,0,"global memory",,,
83,0,0,7,3,"",FETCH,11111111111111111111111111111111,0,0,"global memory",,,
83,1,0,8,3,"",FETCH,11111111111111111111111111111111,0,0,"global memory",,,
83,1,0,9,3,"",FETCH,11111111111111111111111111111111,0,0,"global memory",,,
83,1,0,10,3,"",FETCH,11111111111111111111111111111111,0,0,"global memory",,,
83,1,0,11,3,"",FETCH,11111111111111111111111111111111,0,0,"global memory",,,
83,1,0,12,3,"",FETCH,11111111111111111111111111111111,0,0,"global memory",,,
83,1,0,13,3,"",FETCH,11111111111111111111111111111111,0,0,"global memory",,,
83,1,0,14,3,"",FETCH,11111111111111111111111111111111,0,0,"global memory",,,
83,1,0,15,3,"",FETCH,11111111111111111111111111111111,0,0,"global memory",,,
84,0,0,0,3,"",FETCH,11111111111111111111111111111111,0,0,"global memory",,,
84,0,0,1,3,"",FETCH,11111111111111111111111111111111,0,0,"global memory",,,
84,0,0,2,3,"",FETCH,11111111111111111111111111111111,0,0,"global memory",,,
84,0,0,3,3,"",FETCH,11111111111111111111111111111111,0,0,"global memory",,,
84,0,0,4,3,"",FETCH,11111111111111111111111111111111,0,0,"global memory",,,
84,0,0,5,3,"",FETCH,11111111111111111111111111111111,0,0,"global memory",,,
84,0,0,6,3,"",FETCH,11111111111111111111111111111111,0,0,"global memory",,,
84,0,0,7,3,"",FETCH,11111111111111111111111111111111,0,0,"global memory",,,
84,1,0,8,3,"",FETCH,11111111111111111111111111111111,0,0,"global memory",,,
84,1,0,9,3,"",FETCH,11111111111111111111111111111111,0,0,"global memory",,,
84,1,0,10,3,"",FETCH,11111111111111111111111111111111,0,0,"global memory",,,
84,1,0,11,3,"",FETCH,11111111111111111111111111111111,0,0,"global memory",,,
84,1,0,12,3,"",FETCH,11111111111111111111111111111111,0,0,"global memory",,,
84,1,0,13,3,"",FETCH,11111111111111111111111111111111,0,0,"global memory",,,
84,1,0,14,3,"",FETCH,11111111111111111111111111111111,0,0,"global memory",,,
84,1,0,15,3,"",FETCH,11111111111111111111111111111111,0,0,"global memory",,,
85,0,0,0,3,"",FETCH,11111111111111111111111111111111,0,0,"global memory",,,
85,0,0,1,3,"",FETCH,11111111111111111111111111111111,0,0,"global memory",,,
85,0,0,2,3,"",FETCH,11111111111111111111111111111111,0,0,"global memory",,,
85,0,0,3,3,"",FETCH,11111111111111111111111111111111,0,0,"global memory",,,
85,0,0,4,3,"",FETCH,11111111111111111111111111111111,0,0,"global memory",,,
85,0,0,5,3,"",FETCH,11111111111111111111111111111111,0,0,"global memory",,,
85,0,0,6,3,"",FETCH,11111111111111111111111111111111,0,0,"global memory",,,
85,0,0,7,3,"",FETCH,11111111111111111111111111111111,0,0,"global memory",,,
85,1,0,8,3,"",FETCH,11111111111111111111111111111111,0,0,"global memory",,,
85,1,0,9,3,"",FETCH,11111111111111111111111111111111,0,0,"global memory",,,
85,1,0,10,3,"",FETCH,11111111111111111111111111111111,0,0,"global memory",,,
85,1,0,11,3,"",FETCH,11111111111111111111111111111111,0,0,"global memory",,,
85,1,0,12,3,"",FETCH,11111111111111111111111111111111,0,0,"global memory",,,
85,1,0,13,3,"",FETCH,11111111111111111111111111111111,0,0,"global memory",,,
85,1,0,14,3,"",FETCH,11111111111111111111111111111111,0,0,"global memory",,,
85,1,0,15,3,"",FETCH,11111111111111111111111111111111,0,0,"global memory",,,
86,0,0,0,3,"",FETCH,11111111111111111111111111111111,0,0,"global memory",,,
86,0,0,1,3,"",FETCH,11111111111111111111111111111111,0,0,"global memory",,,
86,0,0,2,3,"",FETCH,11111111111111111111111111111111,0,0,"global memory",,,
86,0,0,3,3,"",FETCH,11111111111111111111111111111111,0,0,"global memory",,,
86,0,0,4,3,"",FETCH,11111111111111111111111111111111,0,0,"global memory",,,
86,0,0,5,3,"",FETCH,11111111111111111111111111111111,0,0,"global memory",,,
86,0,0,6,3,"",FETCH,11111111111111111111111111111111,0,0,"global memory",,,
86,0,0,7,3,"",FETCH,11111111111111111111111111111111,0,0,"global memory",,,
86,1,0,8,3,"",FETCH,11111111111111111111111111111111,0,0,"global memory",,,
86,1,0,9,3,"",FETCH,11111111111111111111111111111111,0,0,"global memory",,,
86,1,0,10,3,"",FETCH,11111111111111111111111111111111,0,0,"global memory",,,
86,1,0,11,3,"",FETCH,11111111111111111111111111111111,0,0,"global memory",,,
86,1,0,12,3,"",FETCH,11111111111111111111111111111111,0,0,"global memory",,,
86,1,0,13,3,"",FETCH,11111111111111111111111111111111,0,0,"global memory",,,
86,1,0,14,3,"",FETCH,11111111111111111111111111111111,0,0,"global memory",,,
86,1,0,15,3,"",FETCH,11111111111111111111111111111111,0,0,"global memory",,,
87,0,0,0,3,"",FETCH,11111111111111111111111111111111,0,0,"global memory",,,
87,0,0,1,3,"",FETCH,11111111111111111111111111111111,0,0,"global memory",,,
87,0,0,2,3,"",FETCH,11111111111111111111111111111111,0,0,"global memory",,,
87,0,0,3,3,"",FETCH,11111111111111111111111111111111,0,0,"global memory",,,
87,0,0,4,3,"",FETCH,11111111111111111111111111111111,0,0,"global memory",,,
87,0,0,5,3,"",FETCH,11111111111111111111111111111111,0,0,"global memory",,,
87,0,0,6,3,"",FETCH,11111111111111111111111111111111,0,0,"global memory",,,
87,0,0,7,3,"",FETCH,11111111111111111111111111111111,0,0,"global memory",,,
87,1,0,8,3,"",FETCH,11111111111111111111111111111111,0,0,"global memory",,,
87,1,0,9,3,"",FETCH,11111111111111111111111111111111,0,0,"global memory",,,
87,1,0,10,3,"",FETCH,11111111111111111111111111111111,0,0,"global memory",,,
87,1,0,11,3,"",FETCH,11111111111111111111111111111111,0,0,"global memory",,,
87,1,0,12,3,"",FETCH,11111111111111111111111111111111,0,0,"global memory",,,
87,1,0,13,3,"",FETCH,11111111111111111111111111111111,0,0,"global memory",,,
87,1,0,14,3,"",FETCH,11111111111111111111111111111111,0,0,"global memory",,,
87,1,0,15,3,"",FETCH,11111111111111111111111111111111,0,0,"global memory",,,
88,0,0,0,3,"",FETCH,11111111111111111111111111111111,0,0,"global memory",,,
88,0,0,1,3,"",FETCH,11111111111111111111111111111111,0,0,"global memory",,,
88,0,0,2,3,"",FETCH,11111111111111111111111111111111,0,0,"global memory",,,
88,0,0,3,3,"",FETCH,11111111111111111111111111111111,0,0,"global memory",,,
88,0,0,4,3,"",FETCH,11111111111111111111111111111111,0,0,"global memory",,,
88,0,0,5,3,"",FETCH,11111111111111111111111111111111,0,0,"global memory",,,
88,0,0,6,3,"",FETCH,11111111111111111111111111111111,0,0,"global memory",,,
88,0,0,7,3,"",FETCH,11111111111111111111111111111111,0,0,"global memory",,,
88,1,0,8,3,"",FETCH,11111111111111111111111111111111,0,0,"global memory",,,
88,1,0,9,3,"",FETCH,11111111111111111111111111111111,0,0,"global memory",,,
88,1,0,10,3,"",FETCH,11111111111111111111111111111111,0,0,"global memory",,,
88,1,0,11,3,"",FETCH,11111111111111111111111111111111,0,0,"global memory",,,
88,1,0,12,3,"",FETCH,11111111111111111111111111111111,0,0,"global memory",,,
88,1,0,13,3,"",FETCH,11111111111111111111111111111111,0,0,"global memory",,,
88,1,0,14,3,"",FETCH,11111111111111111111111111111111,0,0,"global memory",,,
88,1,0,15,3,"",FETCH,11111111111111111111111111111111,0,0,"global memory",,,
89,0,0,0,3,"",FETCH,11111111111111111111111111111111,0,0,"global memory",,,
89,0,0,1,3,"",FETCH,11111111111111111111111111111111,0,0,"global memory",,,
89,0,0,2,3,"",FETCH,11111111111111111111111111111111,0,0,"global memory",,,
89,0,0,3,3,"",FETCH,11111111111111111111111111111111,0,0,"global memory",,,
89,0,0,4,3,"",FETCH,11111111111111111111111111111111,0,0,"global memory",,,
89,0,0,5,3,"",FETCH,11111111111111111111111111111111,0,0,"global memory",,,
89,0,0,6,3,"",FETCH,11111111111111111111111111111111,0,0,"global memory",,,
89,0,0,7,3,"",FETCH,11111111111111111111111111111111,0,0,"global memory",,,
89,1,0,8,3,"",FETCH,11111111111111111111111111111111,0,0,"global memory",,,
89,1,0,9,3,"",FETCH,11111111111111111111111111111111,0,0,"global memory",,,
89,1,0,10,3,"",FETCH,11111111111111111111111111111111,0,0,"global memory",,,
89,1,0,11,3,"",FETCH,11111111111111111111111111111111,0,0,"global memory",,,
89,1,0,12,3,"",FETCH,11111111111111111111111111111111,0,0,"global memory",,,
89,1,0,13,3,"",FETCH,11111111111111111111111111111111,0,0,"global memory",,,
89,1,0,14,3,"",FETCH,11111111111111111111111111111111,0,0,"global memory",,,
89,1,0,15,3,"",FETCH,11111111111111111111111111111111,0,0,"global memory",,,
90,0,0,0,3,"",FETCH,11111111111111111111111111111111,0,0,"global memory",,,
90,0,0,1,3,"",FETCH,11111111111111111111111111111111,0,0,"global memory",,,
90,0,0,2,3,"",FETCH,11111111111111111111111111111111,0,0,"global memory",,,
90,0,0,3,3,"",FETCH,11111111111111111111111111111111,0,0,"global memory",,,
90,0,0,4,3,"",FETCH,11111111111111111111111111111111,0,0,"global memory",,,
90,0,0,5,3,"",FETCH,11111111111111111111111111111111,0,0,"global memory",,,
90,0,0,6,3,"",FETCH,11111111111111111111111111111111,0,0,"global memory",,,
90,0,0,7,3,"",FETCH,11111111111111111111111111111111,0,0,"global memory",,,
90,1,0,8,3,"",FETCH,11111111111111111111111111111111,0,0,"global memory",,,
90,1,0,9,3,"",FETCH,11111111111111111111111111111111,0,0,"global memory",,,
90,1,0,10,3,"",FETCH,11111111111111111111111111111111,0,0,"global memory",,,
90,1,0,11,3,"",FETCH,11111111111111111111111111111111,0,0,"global memory",,,
90,1,0,12,3,"",FETCH,11111111111111111111111111111111,0,0,"global memory",,,
90,1,0,13,3,"",FETCH,11111111111111111111111111111111,0,0,"global memory",,,
90,1,0,14,3,"",FETCH,11111111111111111111111111111111,0,0,"global memory",,,
90,1,0,15,3,"",FETCH,11111111111111111111111111111111,0,0,"global memory",,,
91,0,0,0,3,"",FETCH,11111111111111111111111111111111,0,0,"global memory",,,
91,0,0,1,3,"",FETCH,11111111111111111111111111111111,0,0,"global memory",,,
91,0,0,2,3,"",FETCH,11111111111111111111111111111111,0,0,"global memory",,,
91,0,0,3,3,"",FETCH,11111111111111111111111111111111,0,0,"global memory",,,
91,0,0,4,3,"",FETCH,11111111111111111111111111111111,0,0,"global memory",,,
91,0,0,5,3,"",FETCH,11111111111111111111111111111111,0,0,"global memory",,,
91,0,0,6,3,"",FETCH,11111111111111111111111111111111,0,0,"global memory",,,
91,0,0,7,3,"",FETCH,11111111111111111111111111111111,0,0,"global memory",,,
91,1,0,8,3,"",FETCH,11111111111111111111111111111111,0,0,"global memory",,,
91,1,0,9,3,"",FETCH,11111111111111111111111111111111,0,0,"global memory",,,
91,1,0,10,3,"",FETCH,11111111111111111111111111111111,0,0,"global memory",,,
91,1,0,11,3,"",FETCH,11111111111111111111111111111111,0,0,"global memory",,,
91,1,0,12,3,"",FETCH,11111111111111111111111111111111,0,0,"global memory",,,
91,1,0,13,3,"",FETCH,11111111111111111111111111111111,0,0,"global memory",,,
91,1,0,14,3,"",FETCH,11111111111111111111111111111111,0,0,"global memory",,,
91,1,0,15,3,"",FETCH,11111111111111111111111111111111,0,0,"global memory",,,
92,0,0,0,3,"",FETCH,11111111111111111111111111111111,0,0,"global memory",,,
92,0,0,1,3,"",FETCH,11111111111111111111111111111111,0,0,"global memory",,,
92,0,0,2,3,"",FETCH,11111111111111111111111111111111,0,0,"global memory",,,
92,0,0,3,3,"",FETCH,11111111111111111111111111111111,0,0,"global memory",,,
92,0,0,4,3,"",FETCH,11111111111111111111111111111111,0,0,"global memory",,,
92,0,0,5,3,"",FETCH,11111111111111111111111111111111,0,0,"global memory",,,
92,0,0,6,3,"",FETCH,11111111111111111111111111111111,0,0,"global memory",,,
92,0,0,7,3,"",FETCH,11111111111111111111111111111111,0,0,"global memory",,,
92,1,0,8,3,"",FETCH,11111111111111111111111111111111,0,0,"global memory",,,
92,1,0,9,3,"",FETCH,11111111111111111111111111111111,0,0,"global memory",,,
92,1,0,10,3,"",FETCH,11111111111111111111111111111111,0,0,"global memory",,,
92,1,0,11,3,"",FETCH,11111111111111111111111111111111,0,0,"global memory",,,
92,1,0,12,3,"",FETCH,11111111111111111111111111111111,0,0,"global memory",,,
92,1,0,13,3,"",FETCH,11111111111111111111111111111111,0,0,"global memory",,,
92,1,0,14,3,"",FETCH,11111111111111111111111111111111,0,0,"global memory",,,
92,1,0,15,3,"",FETCH,11111111111111111111111111111111,0,0,"global memory",,,
93,0,0,0,3,"",FETCH,11111111111111111111111111111111,0,0,"global memory",,,
93,0,0,1,3,"",FETCH,11111111111111111111111111111111,0,0,"global memory",,,
93,0,0,2,3,"",FETCH,11111111111111111111111111111111,0,0,"global memory",,,
93,0,0,3,3,"",FETCH,11111111111111111111111111111111,0,0,"global memory",,,
93,0,0,4,3,"",FETCH,11111111111111111111111111111111,0,0,"global memory",,,
93,0,0,5,3,"",FETCH,11111111111111111111111111111111,0,0,"global memory",,,
93,0,0,6,3,"",FETCH,11111111111111111111111111111111,0,0,"global memory",,,
93,0,0,7,3,"",FETCH,11111111111111111111111111111111,0,0,"global memory",,,
93,1,0,8,3,"",FETCH,11111111111111111111111111111111,0,0,"global memory",,,
93,1,0,9,3,"",FETCH,11111111111111111111111111111111,0,0,"global memory",,,
93,1,0,10,3,"",FETCH,11111111111111111111111111111111,0,0,"global memory",,,
93,1,0,11,3,"",FETCH,11111111111111111111111111111111,0,0,"global memory",,,
93,1,0,12,3,"",FETCH,11111111111111111111111111111111,0,0,"global memory",,,
93,1,0,13,3,"",FETCH,11111111111111111111111111111111,0,0,"global memory",,,
93,1,0,14,3,"",FETCH,11111111111111111111111111111111,0,0,"global memory",,,
93,1,0,15,3,"",FETCH,11111111111111111111111111111111,0,0,"global memory",,,
94,0,0,0,3,"",FETCH,11111111111111111111111111111111,0,0,"global memory",,,
94,0,0,1,3,"",FETCH,11111111111111111111111111111111,0,0,"global memory",,,
94,0,0,2,3,"",FETCH,11111111111111111111111111111111,0,0,"global memory",,,
94,0,0,3,3,"",FETCH,11111111111111111111111111111111,0,0,"global memory",,,
94,0,0,4,3,"",FETCH,11111111111111111111111111111111,0,0,"global memory",,,
94,0,0,5,3,"",FETCH,11111111111111111111111111111111,0,0,"global memory",,,
94,0,0,6,3,"",FETCH,11111111111111111111111111111111,0,0,"global memory",,,
94,0,0,7,3,"",FETCH,11111111111111111111111111111111,0,0,"global memory",,,
94,1,0,8,3,"",FETCH,11111111111111111111111111111111,0,0,"global memory",,,
94,1,0,9,3,"",FETCH,11111111111111111111111111111111,0,0,"global memory",,,
94,1,0,10,3,"",FETCH,11111111111111111111111111111111,0,0,"global memory",,,
94,1,0,11,3,"",FETCH,11111111111111111111111111111111,0,0,"global memory",,,
94,1,0,12,3,"",FETCH,11111111111111111111111111111111,0,0,"global memory",,,
94,1,0,13,3,"",FETCH,11111111111111111111111111111111,0,0,"global memory",,,
94,1,0,14,3,"",FETCH,11111111111111111111111111111111,0,0,"global memory",,,
94,1,0,15,3,"",FETCH,11111111111111111111111111111111,0,0,"global memory",,,
95,0,0,0,3,"",FETCH,11111111111111111111111111111111,0,0,"global memory",,,
95,0,0,1,3,"",FETCH,11111111111111111111111111111111,0,0,"global memory",,,
95,0,0,2,3,"",FETCH,11111111111111111111111111111111,0,0,"global memory",,,
95,0,0,3,3,"",FETCH,11111111111111111111111111111111,0,0,"global memory",,,
95,0,0,4,3,"",FETCH,11111111111111111111111111111111,0,0,"global memory",,,
95,0,0,5,3,"",FETCH,11111111111111111111111111111111,0,0,"global memory",,,
95,0,0,6,3,"",FETCH,11111111111111111111111111111111,0,0,"global memory",,,
95,0,0,7,3,"",FETCH,11111111111111111111111111111111,0,0,"global memory",,,
95,1,0,8,3,"",FETCH,11111111111111111111111111111111,0,0,"global memory",,,
95,1,0,9,3,"",FETCH,11111111111111111111111111111111,0,0,"global memory",,,
95,1,0,10,3,"",FETCH,11111111111111111111111111111111,0,0,"global memory",,,
95,1,0,11,3,"",FETCH,11111111111111111111111111111111,0,0,"global memory",,,
95,1,0,12,3,"",FETCH,11111111111111111111111111111111,0,0,"global memory",,,
95,1,0,13,3,"",FETCH,11111111111111111111111111111111,0,0,"global memory",,,
95,1,0,14,3,"",FETCH,11111111111111111111111111111111,0,0,"global memory",,,
95,1,0,15,3,"",FETCH,11111111111111111111111111111111,0,0,"global memory",,,
96,0,0,0,3,"",FETCH,11111111111111111111111111111111,0,0,"global memory",,,
96,0,0,1,3,"",FETCH,11111111111111111111111111111111,0,0,"global memory",,,
96,0,0,2,3,"",FETCH,11111111111111111111111111111111,0,0,"global memory",,,
96,0,0,3,3,"",FETCH,11111111111111111111111111111111,0,0,"global memory",,,
96,0,0,4,3,"",FETCH,11111111111111111111111111111111,0,0,"global memory",,,
96,0,0,5,3,"",FETCH,11111111111111111111111111111111,0,0,"global memory",,,
96,0,0,6,3,"",FETCH,11111111111111111111111111111111,0,0,"global memory",,,
96,0,0,7,3,"",FETCH,11111111111111111111111111111111,0,0,"global memory",,,
96,1,0,8,3,"",FETCH,11111111111111111111111111111111,0,0,"global memory",,,
96,1,0,9,3,"",FETCH,11111111111111111111111111111111,0,0,"global memory",,,
96,1,0,10,3,"",FETCH,11111111111111111111111111111111,0,0,"global memory",,,
96,1,0,11,3,"",FETCH,11111111111111111111111111111111,0,0,"global memory",,,
96,1,0,12,3,"",FETCH,11111111111111111111111111111111,0,0,"global memory",,,
96,1,0,13,3,"",FETCH,11111111111111111111111111111111,0,0,"global memory",,,
96,1,0,14,3,"",FETCH,11111111111111111111111111111111,0,0,"global memory",,,
96,1,0,15,3,"",FETCH,11111111111111111111111111111111,0,0,"global memory",,,
97,0,0,0,3,"",FETCH,11111111111111111111111111111111,0,0,"global memory",,,
97,0,0,1,3,"",FETCH,11111111111111111111111111111111,0,0,"global memory",,,
97,0,0,2,3,"",FETCH,11111111111111111111111111111111,0,0,"global memory",,,
97,0,0,3,3,"",FETCH,11111111111111111111111111111111,0,0,"global memory",,,
97,0,0,4,3,"",FETCH,11111111111111111111111111111111,0,0,"global memory",,,
97,0,0,5,3,"",FETCH,11111111111111111111111111111111,0,0,"global memory",,,
97,0,0,6,3,"",FETCH,11111111111111111111111111111111,0,0,"global memory",,,
97,0,0,7,3,"",FETCH,11111111111111111111111111111111,0,0,"global memory",,,
97,1,0,8,3,"",FETCH,11111111111111111111111111111111,0,0,"global memory",,,
97,1,0,9,3,"",FETCH,11111111111111111111111111111111,0,0,"global memory",,,
97,1,0,10,3,"",FETCH,11111111111111111111111111111111,0,0,"global memory",,,
97,1,0,11,3,"",FETCH,11111111111111111111111111111111,0,0,"global memory",,,
97,1,0,12,3,"",FETCH,11111111111111111111111111111111,0,0,"global memory",,,
97,1,0,13,3,"",FETCH,11111111111111111111111111111111,0,0,"global memory",,,
97,1,0,14,3,"",FETCH,11111111111111111111111111111111,0,0,"global memory",,,
97,1,0,15,3,"",FETCH,11111111111111111111111111111111,0,0,"global memory",,,
98,0,0,0,3,"",FETCH,11111111111111111111111111111111,0,0,"global memory",,,
98,0,0,1,3,"",FETCH,11111111111111111111111111111111,0,0,"global memory",,,
98,0,0,2,3,"",FETCH,11111111111111111111111111111111,0,0,"global memory",,,
98,0,0,3,3,"",FETCH,11111111111111111111111111111111,0,0,"global memory",,,
98,0,0,4,3,"",FETCH,11111111111111111111111111111111,0,0,"global memory",,,
98,0,0,5,3,"",FETCH,11111111111111111111111111111111,0,0,"global memory",,,
98,0,0,6,3,"",FETCH,11111111111111111111111111111111,0,0,"global memory",,,
98,0,0,7,3,"",FETCH,11111111111111111111111111111111,0,0,"global memory",,,
98,1,0,8,3,"",FETCH,11111111111111111111111111111111,0,0,"global memory",,,
98,1,0,9,3,"",FETCH,11111111111111111111111111111111,0,0,"global memory",,,
98,1,0,10,3,"",FETCH,11111111111111111111111111111111,0,0,"global memory",,,
98,1,0,11,3,"",FETCH,11111111111111111111111111111111,0,0,"global memory",,,
98,1,0,12,3,"",FETCH,11111111111111111111111111111111,0,0,"global memory",,,
98,1,0,13,3,"",FETCH,11111111111111111111111111111111,0,0,"global memory",,,
98,1,0,14,3,"",FETCH,11111111111111111111111111111111,0,0,"global memory",,,
98,1,0,15,3,"",FETCH,11111111111111111111111111111111,0,0,"global memory",,,
99,0,0,0,3,"",FETCH,11111111111111111111111111111111,0,0,"global memory",,,
99,0,0,1,3,"",FETCH,11111111111111111111111111111111,0,0,"global memory",,,
99,0,0,2,3,"",FETCH,11111111111111111111111111111111,0,0,"global memory",,,
99,0,0,3,3,"",FETCH,11111111111111111111111111111111,0,0,"global memory",,,
99,0,0,4,3,"",FETCH,11111111111111111111111111111111,0,0,"global memory",,,
99,0,0,5,3,"",FETCH,11111111111111111111111111111111,0,0,"global memory",,,
99,0,0,6,3,"",FETCH,11111111111111111111111111111111,0,0,"global memory",,,
99,0,0,7,3,"",FETCH,11111111111111111111111111111111,0,0,"global memory",,,
99,1,0,8,3,"",FETCH,11111111111111111111111111111111,0,0,"global memory",,,
99,1,0,9,3,"",FETCH,11111111111111111111111111111111,0,0,"global memory",,,
99,1,0,10,3,"",FETCH,11111111111111111111111111111111,0,0,"global memory",,,
99,1,0,11,3,"",FETCH,11111111111111111111111111111111,0,0,"global memory",,,
99,1,0,12,3,"",FETCH,11111111111111111111111111111111,0,0,"global memory",,,
99,1,0,13,3,"",FETCH,11111111111111111111111111111111,0,0,"global memory",,,
99,1,0,14,3,"",FETCH,11111111111111111111111111111111,0,0,"global memory",,,
99,1,0,15,3,"",FETCH,11111111111111111111111111111111,0,0,"global memory",,,
100,0,0,0,3,"",FETCH,11111111111111111111111111111111,0,0,"global memory",,,
100,0,0,1,3,"",FETCH,11111111111111111111111111111111,0,0,"global memory",,,
100,0,0,2,3,"",FETCH,11111111111111111111111111111111,0,0,"global memory",,,
100,0,0,3,3,"",FETCH,11111111111111111111111111111111,0,0,"global memory",,,
100,0,0,4,3,"",FETCH,11111111111111111111111111111111,0,0,"global memory",,,
100,0,0,5,3,"",FETCH,11111111111111111111111111111111,0,0,"global memory",,,
100,0,0,6,3,"",FETCH,11111111111111111111111111111111,0,0,"global memory",,,
100,0,0,7,3,"",FETCH,11111111111111111111111111111111,0,0,"global memory",,,
100,1,0,8,3,"",FETCH,11111111111111111111111111111111,0,0,"global memory",,,
100,1,0,9,3,"",FETCH,11111111111111111111111111111111,0,0,"global memory",,,
100,1,0,10,3,"",FETCH,11111111111111111111111111111111,0,0,"global memory",,,
100,1,0,11,3,"",FETCH,11111111111111111111111111111111,0,0,"global memory",,,
100,1,0,12,3,"",FETCH,11111111111111111111111111111111,0,0,"global memory",,,
100,1,0,13,3,"",FETCH,11111111111111111111111111111111,0,0,"global memory",,,
100,1,0,14,3,"",FETCH,11111111111111111111111111111111,0,0,"global memory",,,
100,1,0,15,3,"",FETCH,11111111111111111111111111111111,0,0,"global memory",,,
101,0,0,0,3,"",FETCH,11111111111111111111111111111111,0,0,"global memory",,,
101,0,0,1,3,"",FETCH,11111111111111111111111111111111,0,0,"global memory",,,
101,0,0,2,3,"",FETCH,11111111111111111111111111111111,0,0,"global memory",,,
101,0,0,3,3,"",FETCH,11111111111111111111111111111111,0,0,"global memory",,,
101,0,0,4,3,"",FETCH,11111111111111111111111111111111,0,0,"global memory",,,
101,0,0,5,3,"",FETCH,11111111111111111111111111111111,0,0,"global memory",,,
101,0,0,6,3,"",FETCH,11111111111111111111111111111111,0,0,"global memory",,,
101,0,0,7,3,"",FETCH,11111111111111111111111111111111,0,0,"global memory",,,
101,1,0,8,3,"",FETCH,11111111111111111111111111111111,0,0,"global memory",,,
101,1,0,9,3,"",FETCH,11111111111111111111111111111111,0,0,"global memory",,,
101,1,0,10,3,"",FETCH,11111111111111111111111111111111,0,0,"global memory",,,
101,1,0,11,3,"",FETCH,11111111111111111111111111111111,0,0,"global memory",,,
101,1,0,12,3,"",FETCH,11111111111111111111111111111111,0,0,"global memory",,,
101,1,0,13,3,"",FETCH,11111111111111111111111111111111,0,0,"global memory",,,
101,1,0,14,3,"",FETCH,11111111111111111111111111111111,0,0,"global memory",,,
101,1,0,15,3,"",FETCH,11111111111111111111111111111111,0,0,"global memory",,,
102,0,0,0,3,"",FETCH,11111111111111111111111111111111,0,0,"global memory",,,
102,0,0,1,3,"",FETCH,11111111111111111111111111111111,0,0,"global memory",,,
102,0,0,2,3,"",FETCH,11111111111111111111111111111111,0,0,"global memory",,,
102,0,0,3,3,"",FETCH,11111111111111111111111111111111,0,0,"global memory",,,
102,0,0,4,3,"",FETCH,11111111111111111111111111111111,0,0,"global memory",,,
102,0,0,5,3,"",FETCH,11111111111111111111111111111111,0,0,"global memory",,,
102,0,0,6,3,"",FETCH,11111111111111111111111111111111,0,0,"global memory",,,
102,0,0,7,3,"",FETCH,11111111111111111111111111111111,0,0,"global memory",,,
102,1,0,8,3,"",FETCH,11111111111111111111111111111111,0,0,"global memory",,,
102,1,0,9,3,"",FETCH,11111111111111111111111111111111,0,0,"global memory",,,
102,1,0,10,3,"",FETCH,11111111111111111111111111111111,0,0,"global memory",,,
102,1,0,11,3,"",FETCH,11111111111111111111111111111111,0,0,"global memory",,,
102,1,0,12,3,"",FETCH,11111111111111111111111111111111,0,0,"global memory",,,
102,1,0,13,3,"",FETCH,11111111111111111111111111111111,0,0,"global memory",,,
102,1,0,14,3,"",FETCH,11111111111111111111111111111111,0,0,"global memory",,,
102,1,0,15,3,"",FETCH,11111111111111111111111111111111,0,0,"global memory",,,
103,0,0,0,3,"",FETCH,11111111111111111111111111111111,0,0,"global memory",,,
103,0,0,1,3,"",FETCH,11111111111111111111111111111111,0,0,"global memory",,,
103,0,0,2,3,"",FETCH,11111111111111111111111111111111,0,0,"global memory",,,
103,0,0,3,3,"",FETCH,11111111111111111111111111111111,0,0,"global memory",,,
103,0,0,4,3,"",FETCH,11111111111111111111111111111111,0,0,"global memory",,,
103,0,0,5,3,"",FETCH,11111111111111111111111111111111,0,0,"global memory",,,
103,0,0,6,3,"",FETCH,11111111111111111111111111111111,0,0,"global memory",,,
103,0,0,7,3,"",FETCH,11111111111111111111111111111111,0,0,"global memory",,,
103,1,0,8,3,"",FETCH,11111111111111111111111111111111,0,0,"global memory",,,
103,1,0,9,3,"",FETCH,11111111111111111111111111111111,0,0,"global memory",,,
103,1,0,10,3,"",FETCH,11111111111111111111111111111111,0,0,"global memory",,,
103,1,0,11,3,"",FETCH,11111111111111111111111111111111,0,0,"global memory",,,
103,1,0,12,3,"",FETCH,11111111111111111111111111111111,0,0,"global memory",,,
103,1,0,13,3,"",FETCH,11111111111111111111111111111111,0,0,"global memory",,,
103,1,0,14,3,"",FETCH,11111111111111111111111111111111,0,0,"global memory",,,
103,1,0,15,3,"",FETCH,11111111111111111111111111111111,0,0,"global memory",,,
104,0,0,0,3,"",FETCH,11111111111111111111111111111111,0,0,"global memory",,,
104,0,0,1,3,"",FETCH,11111111111111111111111111111111,0,0,"global memory",,,
104,0,0,2,3,"",FETCH,11111111111111111111111111111111,0,0,"global memory",,,
104,0,0,3,3,"",FETCH,11111111111111111111111111111111,0,0,"global memory",,,
104,0,0,4,3,"",FETCH,11111111111111111111111111111111,0,0,"global memory",,,
104,0,0,5,3,"",FETCH,11111111111111111111111111111111,0,0,"global memory",,,
104,0,0,6,3,"",FETCH,11111111111111111111111111111111,0,0,"global memory",,,
104,0,0,7,3,"",FETCH,11111111111111111111111111111111,0,0,"global memory",,,
104,1,0,8,3,"",FETCH,11111111111111111111111111111111,0,0,"global memory",,,
104,1,0,9,3,"",FETCH,11111111111111111111111111111111,0,0,"global memory",,,
104,1,0,10,3,"",FETCH,11111111111111111111111111111111,0,0,"global memory",,,
104,1,0,11,3,"",FETCH,11111111111111111111111111111111,0,0,"global memory",,,
104,1,0,12,3,"",FETCH,11111111111111111111111111111111,0,0,"global memory",,,
104,1,0,13,3,"",FETCH,11111111111111111111111111111111,0,0,"global memory",,,
104,1,0,14,3,"",FETCH,11111111111111111111111111111111,0,0,"global memory",,,
104,1,0,15,3,"",FETCH,11111111111111111111111111111111,0,0,"global memory",,,
105,0,0,0,3,"",FETCH,11111111111111111111111111111111,0,0,"global memory",,,
105,0,0,1,3,"",FETCH,11111111111111111111111111111111,0,0,"global memory",,,
105,0,0,2,3,"",FETCH,11111111111111111111111111111111,0,0,"global memory",,,
105,0,0,3,3,"",FETCH,11111111111111111111111111111111,0,0,"global memory",,,
105,0,0,4,3,"",FETCH,11111111111111111111111111111111,0,0,"global memory",,,
105,0,0,5,3,"",FETCH,11111111111111111111111111111111,0,0,"global memory",,,
105,0,0,6,3,"",FETCH,11111111111111111111111111111111,0,0,"global memory",,,
105,0,0,7,3,"",FETCH,11111111111111111111111111111111,0,0,"global memory",,,
105,1,0,8,3,"",FETCH,11111111111111111111111111111111,0,0,"global memory",,,
105,1,0,9,3,"",FETCH,11111111111111111111111111111111,0,0,"global memory",,,
105,1,0,10,3,"",FETCH,11111111111111111111111111111111,0,0,"global memory",,,
105,1,0,11,3,"",FETCH,11111111111111111111111111111111,0,0,"global memory",,,
105,1,0,12,3,"",FETCH,11111111111111111111111111111111,0,0,"global memory",,,
105,1,0,13,3,"",FETCH,11111111111111111111111111111111,0,0,"global memory",,,
105,1,0,14,3,"",FETCH,11111111111111111111111111111111,0,0,"global memory",,,
105,1,0,15,3,"",FETCH,11111111111111111111111111111111,0,0,"global memory",,,
106,0,0,0,3,"",FETCH,11111111111111111111111111111111,0,0,"global memory",,,
106,0,0,1,3,"",FETCH,11111111111111111111111111111111,0,0,"global memory",,,
106,0,0,2,3,"",FETCH,11111111111111111111111111111111,0,0,"global memory",,,
106,0,0,3,3,"",FETCH,11111111111111111111111111111111,0,0,"global memory",,,
106,0,0,4,3,"",FETCH,11111111111111111111111111111111,0,0,"global memory",,,
106,0,0,5,3,"",FETCH,11111111111111111111111111111111,0,0,"global memory",,,
106,0,0,6,3,"",FETCH,11111111111111111111111111111111,0,0,"global memory",,,
106,0,0,7,3,"",FETCH,11111111111111111111111111111111,0,0,"global memory",,,
106,1,0,8,3,"",FETCH,11111111111111111111111111111111,0,0,"global memory",,,
106,1,0,9,3,"",FETCH,11111111111111111111111111111111,0,0,"global memory",,,
106,1,0,10,3,"",FETCH,11111111111111111111111111111111,0,0,"global memory",,,
106,1,0,11,3,"",FETCH,11111111111111111111111111111111,0,0,"global memory",,,
106,1,0,12,3,"",FETCH,11111111111111111111111111111111,0,0,"global memory",,,
106,1,0,13,3,"",FETCH,11111111111111111111111111111111,0,0,"global memory",,,
106,1,0,14,3,"",FETCH,11111111111111111111111111111111,0,0,"global memory",,,
106,1,0,15,3,"",FETCH,11111111111111111111111111111111,0,0,"global memory",,,
107,0,0,0,3,"",FETCH,11111111111111111111111111111111,0,0,"global memory",,,
107,0,0,1,3,"",FETCH,11111111111111111111111111111111,0,0,"global memory",,,
107,0,0,2,3,"",FETCH,11111111111111111111111111111111,0,0,"global memory",,,
107,0,0,3,3,"",FETCH,11111111111111111111111111111111,0,0,"global memory",,,
107,0,0,4,3,"",FETCH,11111111111111111111111111111111,0,0,"global memory",,,
107,0,0,5,3,"",FETCH,11111111111111111111111111111111,0,0,"global memory",,,
107,0,0,6,3,"",FETCH,11111111111111111111111111111111,0,0,"global memory",,,
107,0,0,7,3,"",FETCH,11111111111111111111111111111111,0,0,"global memory",,,
107,1,0,8,3,"",FETCH,11111111111111111111111111111111,0,0,"global memory",,,
107,1,0,9,3,"",FETCH,11111111111111111111111111111111,0,0,"global memory",,,
107,1,0,10,3,"",FETCH,11111111111111111111111111111111,0,0,"global memory",,,
107,1,0,11,3,"",FETCH,11111111111111111111111111111111,0,0,"global memory",,,
107,1,0,12,3,"",FETCH,11111111111111111111111111111111,0,0,"global memory",,,
107,1,0,13,3,"",FETCH,11111111111111111111111111111111,0,0,"global memory",,,
107,1,0,14,3,"",FETCH,11111111111111111111111111111111,0,0,"global memory",,,
107,1,0,15,3,"",FETCH,11111111111111111111111111111111,0,0,"global memory",,,
108,0,0,0,3,"",FETCH,11111111111111111111111111111111,0,0,"global memory",,,
108,0,0,1,3,"",FETCH,11111111111111111111111111111111,0,0,"global memory",,,
108,0,0,2,3,"",FETCH,11111111111111111111111111111111,0,0,"global memory",,,
108,0,0,3,3,"",FETCH,11111111111111111111111111111111,0,0,"global memory",,,
108,0,0,4,3,"",FETCH,11111111111111111111111111111111,0,0,"global memory",,,
108,0,0,5,3,"",FETCH,11111111111111111111111111111111,0,0,"global memory",,,
108,0,0,6,3,"",FETCH,11111111111111111111111111111111,0,0,"global memory",,,
108,0,0,7,3,"",FETCH,11111111111111111111111111111111,0,0,"global memory",,,
108,1,0,8,3,"",FETCH,11111111111111111111111111111111,0,0,"global memory",,,
108,1,0,9,3,"",FETCH,11111111111111111111111111111111,0,0,"global memory",,,
108,1,0,10,3,"",FETCH,11111111111111111111111111111111,0,0,"global memory",,,
108,1,0,11,3,"",FETCH,11111111111111111111111111111111,0,0,"global memory",,,
108,1,0,12,3,"",FETCH,11111111111111111111111111111111,0,0,"global memory",,,
108,1,0,13,3,"",FETCH,11111111111111111111111111111111,0,0,"global memory",,,
108,1,0,14,3,"",FETCH,11111111111111111111111111111111,0,0,"global memory",,,
108,1,0,15,3,"",FETCH,11111111111111111111111111111111,0,0,"global memory",,,
109,0,0,0,3,"",FETCH,11111111111111111111111111111111,0,0,"global memory",,,
109,0,0,1,3,"",FETCH,11111111111111111111111111111111,0,0,"global memory",,,
109,0,0,2,3,"",FETCH,11111111111111111111111111111111,0,0,"global memory",,,
109,0,0,3,3,"",FETCH,11111111111111111111111111111111,0,0,"global memory",,,
109,0,0,4,3,"",FETCH,11111111111111111111111111111111,0,0,"global memory",,,
109,0,0,5,3,"",FETCH,11111111111111111111111111111111,0,0,"global memory",,,
109,0,0,6,3,"",FETCH,11111111111111111111111111111111,0,0,"global memory",,,
109,0,0,7,3,"",FETCH,11111111111111111111111111111111,0,0,"global memory",,,
109,1,0,8,3,"",FETCH,11111111111111111111111111111111,0,0,"global memory",,,
109,1,0,9,3,"",FETCH,11111111111111111111111111111111,0,0,"global memory",,,
109,1,0,10,3,"",FETCH,11111111111111111111111111111111,0,0,"global memory",,,
109,1,0,11,3,"",FETCH,11111111111111111111111111111111,0,0,"global memory",,,
109,1,0,12,3,"",FETCH,11111111111111111111111111111111,0,0,"global memory",,,
109,1,0,13,3,"",FETCH,11111111111111111111111111111111,0,0,"global memory",,,
109,1,0,14,3,"",FETCH,11111111111111111111111111111111,0,0,"global memory",,,
109,1,0,15,3,"",FETCH,11111111111111111111111111111111,0,0,"global memory",,,
110,0,0,0,3,"",FETCH,11111111111111111111111111111111,0,0,"global memory",,,
110,0,0,1,3,"",FETCH,11111111111111111111111111111111,0,0,"global memory",,,
110,0,0,2,3,"",FETCH,11111111111111111111111111111111,0,0,"global memory",,,
110,0,0,3,3,"",FETCH,11111111111111111111111111111111,0,0,"global memory",,,
110,0,0,4,3,"",FETCH,11111111111111111111111111111111,0,0,"global memory",,,
110,0,0,5,3,"",FETCH,11111111111111111111111111111111,0,0,"global memory",,,
110,0,0,6,3,"",FETCH,11111111111111111111111111111111,0,0,"global memory",,,
110,0,0,7,3,"",FETCH,11111111111111111111111111111111,0,0,"global memory",,,
110,1,0,8,3,"",FETCH,11111111111111111111111111111111,0,0,"global memory",,,
110,1,0,9,3,"",FETCH,11111111111111111111111111111111,0,0,"global memory",,,
110,1,0,10,3,"",FETCH,11111111111111111111111111111111,0,0,"global memory",,,
110,1,0,11,3,"",FETCH,11111111111111111111111111111111,0,0,"global memory",,,
110,1,0,12,3,"",FETCH,11111111111111111111111111111111,0,0,"global memory",,,
110,1,0,13,3,"",FETCH,11111111111111111111111111111111,0,0,"global memory",,,
110,1,0,14,3,"",FETCH,11111111111111111111111111111111,0,0,"global memory",,,
110,1,0,15,3,"",FETCH,11111111111111111111111111111111,0,0,"global memory",,,
111,0,0,0,3,"",FETCH,11111111111111111111111111111111,0,0,"global memory",,,
111,0,0,1,3,"",FETCH,11111111111111111111111111111111,0,0,"global memory",,,
111,0,0,2,3,"",FETCH,11111111111111111111111111111111,0,0,"global memory",,,
111,0,0,3,3,"",FETCH,11111111111111111111111111111111,0,0,"global memory",,,
111,0,0,4,3,"",FETCH,11111111111111111111111111111111,0,0,"global memory",,,
111,0,0,5,3,"",FETCH,11111111111111111111111111111111,0,0,"global memory",,,
111,0,0,6,3,"",FETCH,11111111111111111111111111111111,0,0,"global memory",,,
111,0,0,7,3,"",FETCH,11111111111111111111111111111111,0,0,"global memory",,,
111,1,0,8,3,"",FETCH,11111111111111111111111111111111,0,0,"global memory",,,
111,1,0,9,3,"",FETCH,11111111111111111111111111111111,0,0,"global memory",,,
111,1,0,10,3,"",FETCH,11111111111111111111111111111111,0,0,"global memory",,,
111,1,0,11,3,"",FETCH,11111111111111111111111111111111,0,0,"global memory",,,
111,1,0,12,3,"",FETCH,11111111111111111111111111111111,0,0,"global memory",,,
111,1,0,13,3,"",FETCH,11111111111111111111111111111111,0,0,"global memory",,,
111,1,0,14,3,"",FETCH,11111111111111111111111111111111,0,0,"global memory",,,
111,1,0,15,3,"",FETCH,11111111111111111111111111111111,0,0,"global memory",,,
112,0,0,0,3,"",FETCH,11111111111111111111111111111111,0,0,"global memory",,,
112,0,0,1,3,"",FETCH,11111111111111111111111111111111,0,0,"global memory",,,
112,0,0,2,3,"",FETCH,11111111111111111111111111111111,0,0,"global memory",,,
112,0,0,3,3,"",FETCH,11111111111111111111111111111111,0,0,"global memory",,,
112,0,0,4,3,"",FETCH,11111111111111111111111111111111,0,0,"global memory",,,
112,0,0,5,3,"",FETCH,11111111111111111111111111111111,0,0,"global memory",,,
112,0,0,6,3,"",FETCH,11111111111111111111111111111111,0,0,"global memory",,,
112,0,0,7,3,"",FETCH,11111111111111111111111111111111,0,0,"global memory",,,
112,1,0,8,3,"",FETCH,11111111111111111111111111111111,0,0,"global memory",,,
112,1,0,9,3,"",FETCH,11111111111111111111111111111111,0,0,"global memory",,,
112,1,0,10,3,"",FETCH,11111111111111111111111111111111,0,0,"global memory",,,
112,1,0,11,3,"",FETCH,11111111111111111111111111111111,0,0,"global memory",,,
112,1,0,12,3,"",FETCH,11111111111111111111111111111111,0,0,"global memory",,,
112,1,0,13,3,"",FETCH,11111111111111111111111111111111,0,0,"global memory",,,
112,1,0,14,3,"",FETCH,11111111111111111111111111111111,0,0,"global memory",,,
112,1,0,15,3,"",FETCH,11111111111111111111111111111111,0,0,"global memory",,,
113,0,0,0,3,"",FETCH,11111111111111111111111111111111,0,0,"global memory",,,
113,0,0,1,3,"",FETCH,11111111111111111111111111111111,0,0,"global memory",,,
113,0,0,2,3,"",FETCH,11111111111111111111111111111111,0,0,"global memory",,,
113,0,0,3,3,"",FETCH,11111111111111111111111111111111,0,0,"global memory",,,
113,0,0,4,3,"",FETCH,11111111111111111111111111111111,0,0,"global memory",,,
113,0,0,5,3,"",FETCH,11111111111111111111111111111111,0,0,"global memory",,,
113,0,0,6,3,"",FETCH,11111111111111111111111111111111,0,0,"global memory",,,
113,0,0,7,3,"",FETCH,11111111111111111111111111111111,0,0,"global memory",,,
113,1,0,8,3,"",FETCH,11111111111111111111111111111111,0,0,"global memory",,,
113,1,0,9,3,"",FETCH,11111111111111111111111111111111,0,0,"global memory",,,
113,1,0,10,3,"",FETCH,11111111111111111111111111111111,0,0,"global memory",,,
113,1,0,11,3,"",FETCH,11111111111111111111111111111111,0,0,"global memory",,,
113,1,0,12,3,"",FETCH,11111111111111111111111111111111,0,0,"global memory",,,
113,1,0,13,3,"",FETCH,11111111111111111111111111111111,0,0,"global memory",,,
113,1,0,14,3,"",FETCH,11111111111111111111111111111111,0,0,"global memory",,,
113,1,0,15,3,"",FETCH,11111111111111111111111111111111,0,0,"global memory",,,
114,0,0,0,3,"",FETCH,11111111111111111111111111111111,0,0,"global memory",,,
114,0,0,1,3,"",FETCH,11111111111111111111111111111111,0,0,"global memory",,,
114,0,0,2,3,"",FETCH,11111111111111111111111111111111,0,0,"global memory",,,
114,0,0,3,3,"",FETCH,11111111111111111111111111111111,0,0,"global memory",,,
114,0,0,4,3,"",FETCH,11111111111111111111111111111111,0,0,"global memory",,,
114,0,0,5,3,"",FETCH,11111111111111111111111111111111,0,0,"global memory",,,
114,0,0,6,3,"",FETCH,11111111111111111111111111111111,0,0,"global memory",,,
114,0,0,7,3,"",FETCH,11111111111111111111111111111111,0,0,"global memory",,,
114,1,0,8,3,"",FETCH,11111111111111111111111111111111,0,0,"global memory",,,
114,1,0,9,3,"",FETCH,11111111111111111111111111111111,0,0,"global memory",,,
114,1,0,10,3,"",FETCH,11111111111111111111111111111111,0,0,"global memory",,,
114,1,0,11,3,"",FETCH,11111111111111111111111111111111,0,0,"global memory",,,
114,1,0,12,3,"",FETCH,11111111111111111111111111111111,0,0,"global memory",,,
114,1,0,13,3,"",FETCH,11111111111111111111111111111111,0,0,"global memory",,,
114,1,0,14,3,"",FETCH,11111111111111111111111111111111,0,0,"global memory",,,
114,1,0,15,3,"",FETCH,11111111111111111111111111111111,0,0,"global memory",,,
115,0,0,0,3,"",FETCH,11111111111111111111111111111111,0,0,"global memory",,,
115,0,0,1,3,"",FETCH,11111111111111111111111111111111,0,0,"global memory",,,
115,0,0,2,3,"",FETCH,11111111111111111111111111111111,0,0,"global memory",,,
115,0,0,3,3,"",FETCH,11111111111111111111111111111111,0,0,"global memory",,,
115,0,0,4,3,"",FETCH,11111111111111111111111111111111,0,0,"global memory",,,
115,0,0,5,3,"",FETCH,11111111111111111111111111111111,0,0,"global memory",,,
115,0,0,6,3,"",FETCH,11111111111111111111111111111111,0,0,"global memory",,,
115,0,0,7,3,"",FETCH,11111111111111111111111111111111,0,0,"global memory",,,
115,1,0,8,3,"",FETCH,11111111111111111111111111111111,0,0,"global memory",,,
115,1,0,9,3,"",FETCH,11111111111111111111111111111111,0,0,"global memory",,,
115,1,0,10,3,"",FETCH,11111111111111111111111111111111,0,0,"global memory",,,
115,1,0,11,3,"",FETCH,11111111111111111111111111111111,0,0,"global memory",,,
115,1,0,12,3,"",FETCH,11111111111111111111111111111111,0,0,"global memory",,,
115,1,0,13,3,"",FETCH,11111111111111111111111111111111,0,0,"global memory",,,
115,1,0,14,3,"",FETCH,11111111111111111111111111111111,0,0,"global memory",,,
115,1,0,15,3,"",FETCH,11111111111111111111111111111111,0,0,"global memory",,,
116,0,0,0,3,"",MEMORY_RETURN,11111111111111111111111111111111,1,0,"",,,
116,0,0,1,3,"",FETCH,11111111111111111111111111111111,0,0,"global memory",,,
116,0,0,2,3,"",FETCH,11111111111111111111111111111111,0,0,"global memory",,,
116,0,0,3,3,"",FETCH,11111111111111111111111111111111,0,0,"global memory",,,
116,0,0,4,3,"",FETCH,11111111111111111111111111111111,0,0,"global memory",,,
116,0,0,5,3,"",FETCH,11111111111111111111111111111111,0,0,"global memory",,,
116,0,0,6,3,"",FETCH,11111111111111111111111111111111,0,0,"global memory",,,
116,0,0,7,3,"",FETCH,11111111111111111111111111111111,0,0,"global memory",,,
116,0,0,0,3,"LD.GLOBAL r4, [r2 + 4096]",ISSUE,11111111111111111111111111111111,1,1,"",,,
116,0,0,0,3,"LD.GLOBAL r4, [r2 + 4096]",EXECUTE,11111111111111111111111111111111,1,0,"",,,
116,0,0,0,3,"LD.GLOBAL r4, [r2 + 4096]",MEMORY_REQUEST,11111111111111111111111111111111,1,0,"",,,
116,1,0,8,3,"",MEMORY_RETURN,11111111111111111111111111111111,1,0,"",,,
116,1,0,9,3,"",FETCH,11111111111111111111111111111111,0,0,"global memory",,,
116,1,0,10,3,"",FETCH,11111111111111111111111111111111,0,0,"global memory",,,
116,1,0,11,3,"",FETCH,11111111111111111111111111111111,0,0,"global memory",,,
116,1,0,12,3,"",FETCH,11111111111111111111111111111111,0,0,"global memory",,,
116,1,0,13,3,"",FETCH,11111111111111111111111111111111,0,0,"global memory",,,
116,1,0,14,3,"",FETCH,11111111111111111111111111111111,0,0,"global memory",,,
116,1,0,15,3,"",FETCH,11111111111111111111111111111111,0,0,"global memory",,,
116,1,0,8,3,"LD.GLOBAL r4, [r2 + 4096]",ISSUE,11111111111111111111111111111111,1,1,"",,,
116,1,0,8,3,"LD.GLOBAL r4, [r2 + 4096]",EXECUTE,11111111111111111111111111111111,1,0,"",,,
116,1,0,8,3,"LD.GLOBAL r4, [r2 + 4096]",MEMORY_REQUEST,11111111111111111111111111111111,1,0,"",,,
117,0,0,1,3,"",MEMORY_RETURN,11111111111111111111111111111111,1,0,"",,,
117,0,0,0,4,"",FETCH,11111111111111111111111111111111,0,0,"global memory",,,
117,0,0,2,3,"",FETCH,11111111111111111111111111111111,0,0,"global memory",,,
117,0,0,3,3,"",FETCH,11111111111111111111111111111111,0,0,"global memory",,,
117,0,0,4,3,"",FETCH,11111111111111111111111111111111,0,0,"global memory",,,
117,0,0,5,3,"",FETCH,11111111111111111111111111111111,0,0,"global memory",,,
117,0,0,6,3,"",FETCH,11111111111111111111111111111111,0,0,"global memory",,,
117,0,0,7,3,"",FETCH,11111111111111111111111111111111,0,0,"global memory",,,
117,0,0,1,3,"LD.GLOBAL r4, [r2 + 4096]",ISSUE,11111111111111111111111111111111,1,1,"",,,
117,0,0,1,3,"LD.GLOBAL r4, [r2 + 4096]",EXECUTE,11111111111111111111111111111111,1,0,"",,,
117,0,0,1,3,"LD.GLOBAL r4, [r2 + 4096]",MEMORY_REQUEST,11111111111111111111111111111111,1,0,"",,,
117,1,0,9,3,"",MEMORY_RETURN,11111111111111111111111111111111,1,0,"",,,
117,1,0,8,4,"",FETCH,11111111111111111111111111111111,0,0,"global memory",,,
117,1,0,10,3,"",FETCH,11111111111111111111111111111111,0,0,"global memory",,,
117,1,0,11,3,"",FETCH,11111111111111111111111111111111,0,0,"global memory",,,
117,1,0,12,3,"",FETCH,11111111111111111111111111111111,0,0,"global memory",,,
117,1,0,13,3,"",FETCH,11111111111111111111111111111111,0,0,"global memory",,,
117,1,0,14,3,"",FETCH,11111111111111111111111111111111,0,0,"global memory",,,
117,1,0,15,3,"",FETCH,11111111111111111111111111111111,0,0,"global memory",,,
117,1,0,9,3,"LD.GLOBAL r4, [r2 + 4096]",ISSUE,11111111111111111111111111111111,1,1,"",,,
117,1,0,9,3,"LD.GLOBAL r4, [r2 + 4096]",EXECUTE,11111111111111111111111111111111,1,0,"",,,
117,1,0,9,3,"LD.GLOBAL r4, [r2 + 4096]",MEMORY_REQUEST,11111111111111111111111111111111,1,0,"",,,
118,0,0,2,3,"",MEMORY_RETURN,11111111111111111111111111111111,1,0,"",,,
118,0,0,0,4,"",FETCH,11111111111111111111111111111111,0,0,"global memory",,,
118,0,0,1,4,"",FETCH,11111111111111111111111111111111,0,0,"global memory",,,
118,0,0,3,3,"",FETCH,11111111111111111111111111111111,0,0,"global memory",,,
118,0,0,4,3,"",FETCH,11111111111111111111111111111111,0,0,"global memory",,,
118,0,0,5,3,"",FETCH,11111111111111111111111111111111,0,0,"global memory",,,
118,0,0,6,3,"",FETCH,11111111111111111111111111111111,0,0,"global memory",,,
118,0,0,7,3,"",FETCH,11111111111111111111111111111111,0,0,"global memory",,,
118,0,0,2,3,"LD.GLOBAL r4, [r2 + 4096]",ISSUE,11111111111111111111111111111111,1,1,"",,,
118,0,0,2,3,"LD.GLOBAL r4, [r2 + 4096]",EXECUTE,11111111111111111111111111111111,1,0,"",,,
118,0,0,2,3,"LD.GLOBAL r4, [r2 + 4096]",MEMORY_REQUEST,11111111111111111111111111111111,1,0,"",,,
118,1,0,10,3,"",MEMORY_RETURN,11111111111111111111111111111111,1,0,"",,,
118,1,0,8,4,"",FETCH,11111111111111111111111111111111,0,0,"global memory",,,
118,1,0,9,4,"",FETCH,11111111111111111111111111111111,0,0,"global memory",,,
118,1,0,11,3,"",FETCH,11111111111111111111111111111111,0,0,"global memory",,,
118,1,0,12,3,"",FETCH,11111111111111111111111111111111,0,0,"global memory",,,
118,1,0,13,3,"",FETCH,11111111111111111111111111111111,0,0,"global memory",,,
118,1,0,14,3,"",FETCH,11111111111111111111111111111111,0,0,"global memory",,,
118,1,0,15,3,"",FETCH,11111111111111111111111111111111,0,0,"global memory",,,
118,1,0,10,3,"LD.GLOBAL r4, [r2 + 4096]",ISSUE,11111111111111111111111111111111,1,1,"",,,
118,1,0,10,3,"LD.GLOBAL r4, [r2 + 4096]",EXECUTE,11111111111111111111111111111111,1,0,"",,,
118,1,0,10,3,"LD.GLOBAL r4, [r2 + 4096]",MEMORY_REQUEST,11111111111111111111111111111111,1,0,"",,,
119,0,0,3,3,"",MEMORY_RETURN,11111111111111111111111111111111,1,0,"",,,
119,0,0,0,4,"",FETCH,11111111111111111111111111111111,0,0,"global memory",,,
119,0,0,1,4,"",FETCH,11111111111111111111111111111111,0,0,"global memory",,,
119,0,0,2,4,"",FETCH,11111111111111111111111111111111,0,0,"global memory",,,
119,0,0,4,3,"",FETCH,11111111111111111111111111111111,0,0,"global memory",,,
119,0,0,5,3,"",FETCH,11111111111111111111111111111111,0,0,"global memory",,,
119,0,0,6,3,"",FETCH,11111111111111111111111111111111,0,0,"global memory",,,
119,0,0,7,3,"",FETCH,11111111111111111111111111111111,0,0,"global memory",,,
119,0,0,3,3,"LD.GLOBAL r4, [r2 + 4096]",ISSUE,11111111111111111111111111111111,1,1,"",,,
119,0,0,3,3,"LD.GLOBAL r4, [r2 + 4096]",EXECUTE,11111111111111111111111111111111,1,0,"",,,
119,0,0,3,3,"LD.GLOBAL r4, [r2 + 4096]",MEMORY_REQUEST,11111111111111111111111111111111,1,0,"",,,
119,1,0,11,3,"",MEMORY_RETURN,11111111111111111111111111111111,1,0,"",,,
119,1,0,8,4,"",FETCH,11111111111111111111111111111111,0,0,"global memory",,,
119,1,0,9,4,"",FETCH,11111111111111111111111111111111,0,0,"global memory",,,
119,1,0,10,4,"",FETCH,11111111111111111111111111111111,0,0,"global memory",,,
119,1,0,12,3,"",FETCH,11111111111111111111111111111111,0,0,"global memory",,,
119,1,0,13,3,"",FETCH,11111111111111111111111111111111,0,0,"global memory",,,
119,1,0,14,3,"",FETCH,11111111111111111111111111111111,0,0,"global memory",,,
119,1,0,15,3,"",FETCH,11111111111111111111111111111111,0,0,"global memory",,,
119,1,0,11,3,"LD.GLOBAL r4, [r2 + 4096]",ISSUE,11111111111111111111111111111111,1,1,"",,,
119,1,0,11,3,"LD.GLOBAL r4, [r2 + 4096]",EXECUTE,11111111111111111111111111111111,1,0,"",,,
119,1,0,11,3,"LD.GLOBAL r4, [r2 + 4096]",MEMORY_REQUEST,11111111111111111111111111111111,1,0,"",,,
120,0,0,4,3,"",MEMORY_RETURN,11111111111111111111111111111111,1,0,"",,,
120,0,0,0,4,"",FETCH,11111111111111111111111111111111,0,0,"global memory",,,
120,0,0,1,4,"",FETCH,11111111111111111111111111111111,0,0,"global memory",,,
120,0,0,2,4,"",FETCH,11111111111111111111111111111111,0,0,"global memory",,,
120,0,0,3,4,"",FETCH,11111111111111111111111111111111,0,0,"global memory",,,
120,0,0,5,3,"",FETCH,11111111111111111111111111111111,0,0,"global memory",,,
120,0,0,6,3,"",FETCH,11111111111111111111111111111111,0,0,"global memory",,,
120,0,0,7,3,"",FETCH,11111111111111111111111111111111,0,0,"global memory",,,
120,0,0,4,3,"LD.GLOBAL r4, [r2 + 4096]",ISSUE,11111111111111111111111111111111,1,1,"",,,
120,0,0,4,3,"LD.GLOBAL r4, [r2 + 4096]",EXECUTE,11111111111111111111111111111111,1,0,"",,,
120,0,0,4,3,"LD.GLOBAL r4, [r2 + 4096]",MEMORY_REQUEST,11111111111111111111111111111111,1,0,"",,,
120,1,0,12,3,"",MEMORY_RETURN,11111111111111111111111111111111,1,0,"",,,
120,1,0,8,4,"",FETCH,11111111111111111111111111111111,0,0,"global memory",,,
120,1,0,9,4,"",FETCH,11111111111111111111111111111111,0,0,"global memory",,,
120,1,0,10,4,"",FETCH,11111111111111111111111111111111,0,0,"global memory",,,
120,1,0,11,4,"",FETCH,11111111111111111111111111111111,0,0,"global memory",,,
120,1,0,13,3,"",FETCH,11111111111111111111111111111111,0,0,"global memory",,,
120,1,0,14,3,"",FETCH,11111111111111111111111111111111,0,0,"global memory",,,
120,1,0,15,3,"",FETCH,11111111111111111111111111111111,0,0,"global memory",,,
120,1,0,12,3,"LD.GLOBAL r4, [r2 + 4096]",ISSUE,11111111111111111111111111111111,1,1,"",,,
120,1,0,12,3,"LD.GLOBAL r4, [r2 + 4096]",EXECUTE,11111111111111111111111111111111,1,0,"",,,
120,1,0,12,3,"LD.GLOBAL r4, [r2 + 4096]",MEMORY_REQUEST,11111111111111111111111111111111,1,0,"",,,
121,0,0,5,3,"",MEMORY_RETURN,11111111111111111111111111111111,1,0,"",,,
121,0,0,0,4,"",FETCH,11111111111111111111111111111111,0,0,"global memory",,,
121,0,0,1,4,"",FETCH,11111111111111111111111111111111,0,0,"global memory",,,
121,0,0,2,4,"",FETCH,11111111111111111111111111111111,0,0,"global memory",,,
121,0,0,3,4,"",FETCH,11111111111111111111111111111111,0,0,"global memory",,,
121,0,0,4,4,"",FETCH,11111111111111111111111111111111,0,0,"global memory",,,
121,0,0,6,3,"",FETCH,11111111111111111111111111111111,0,0,"global memory",,,
121,0,0,7,3,"",FETCH,11111111111111111111111111111111,0,0,"global memory",,,
121,0,0,5,3,"LD.GLOBAL r4, [r2 + 4096]",ISSUE,11111111111111111111111111111111,1,1,"",,,
121,0,0,5,3,"LD.GLOBAL r4, [r2 + 4096]",EXECUTE,11111111111111111111111111111111,1,0,"",,,
121,0,0,5,3,"LD.GLOBAL r4, [r2 + 4096]",MEMORY_REQUEST,11111111111111111111111111111111,1,0,"",,,
121,1,0,13,3,"",MEMORY_RETURN,11111111111111111111111111111111,1,0,"",,,
121,1,0,8,4,"",FETCH,11111111111111111111111111111111,0,0,"global memory",,,
121,1,0,9,4,"",FETCH,11111111111111111111111111111111,0,0,"global memory",,,
121,1,0,10,4,"",FETCH,11111111111111111111111111111111,0,0,"global memory",,,
121,1,0,11,4,"",FETCH,11111111111111111111111111111111,0,0,"global memory",,,
121,1,0,12,4,"",FETCH,11111111111111111111111111111111,0,0,"global memory",,,
121,1,0,14,3,"",FETCH,11111111111111111111111111111111,0,0,"global memory",,,
121,1,0,15,3,"",FETCH,11111111111111111111111111111111,0,0,"global memory",,,
121,1,0,13,3,"LD.GLOBAL r4, [r2 + 4096]",ISSUE,11111111111111111111111111111111,1,1,"",,,
121,1,0,13,3,"LD.GLOBAL r4, [r2 + 4096]",EXECUTE,11111111111111111111111111111111,1,0,"",,,
121,1,0,13,3,"LD.GLOBAL r4, [r2 + 4096]",MEMORY_REQUEST,11111111111111111111111111111111,1,0,"",,,
122,0,0,6,3,"",MEMORY_RETURN,11111111111111111111111111111111,1,0,"",,,
122,0,0,0,4,"",FETCH,11111111111111111111111111111111,0,0,"global memory",,,
122,0,0,1,4,"",FETCH,11111111111111111111111111111111,0,0,"global memory",,,
122,0,0,2,4,"",FETCH,11111111111111111111111111111111,0,0,"global memory",,,
122,0,0,3,4,"",FETCH,11111111111111111111111111111111,0,0,"global memory",,,
122,0,0,4,4,"",FETCH,11111111111111111111111111111111,0,0,"global memory",,,
122,0,0,5,4,"",FETCH,11111111111111111111111111111111,0,0,"global memory",,,
122,0,0,7,3,"",FETCH,11111111111111111111111111111111,0,0,"global memory",,,
122,0,0,6,3,"LD.GLOBAL r4, [r2 + 4096]",ISSUE,11111111111111111111111111111111,1,1,"",,,
122,0,0,6,3,"LD.GLOBAL r4, [r2 + 4096]",EXECUTE,11111111111111111111111111111111,1,0,"",,,
122,0,0,6,3,"LD.GLOBAL r4, [r2 + 4096]",MEMORY_REQUEST,11111111111111111111111111111111,1,0,"",,,
122,1,0,14,3,"",MEMORY_RETURN,11111111111111111111111111111111,1,0,"",,,
122,1,0,8,4,"",FETCH,11111111111111111111111111111111,0,0,"global memory",,,
122,1,0,9,4,"",FETCH,11111111111111111111111111111111,0,0,"global memory",,,
122,1,0,10,4,"",FETCH,11111111111111111111111111111111,0,0,"global memory",,,
122,1,0,11,4,"",FETCH,11111111111111111111111111111111,0,0,"global memory",,,
122,1,0,12,4,"",FETCH,11111111111111111111111111111111,0,0,"global memory",,,
122,1,0,13,4,"",FETCH,11111111111111111111111111111111,0,0,"global memory",,,
122,1,0,15,3,"",FETCH,11111111111111111111111111111111,0,0,"global memory",,,
122,1,0,14,3,"LD.GLOBAL r4, [r2 + 4096]",ISSUE,11111111111111111111111111111111,1,1,"",,,
122,1,0,14,3,"LD.GLOBAL r4, [r2 + 4096]",EXECUTE,11111111111111111111111111111111,1,0,"",,,
122,1,0,14,3,"LD.GLOBAL r4, [r2 + 4096]",MEMORY_REQUEST,11111111111111111111111111111111,1,0,"",,,
123,0,0,7,3,"",MEMORY_RETURN,11111111111111111111111111111111,1,0,"",,,
123,0,0,0,4,"",FETCH,11111111111111111111111111111111,0,0,"global memory",,,
123,0,0,1,4,"",FETCH,11111111111111111111111111111111,0,0,"global memory",,,
123,0,0,2,4,"",FETCH,11111111111111111111111111111111,0,0,"global memory",,,
123,0,0,3,4,"",FETCH,11111111111111111111111111111111,0,0,"global memory",,,
123,0,0,4,4,"",FETCH,11111111111111111111111111111111,0,0,"global memory",,,
123,0,0,5,4,"",FETCH,11111111111111111111111111111111,0,0,"global memory",,,
123,0,0,6,4,"",FETCH,11111111111111111111111111111111,0,0,"global memory",,,
123,0,0,7,3,"LD.GLOBAL r4, [r2 + 4096]",ISSUE,11111111111111111111111111111111,1,1,"",,,
123,0,0,7,3,"LD.GLOBAL r4, [r2 + 4096]",EXECUTE,11111111111111111111111111111111,1,0,"",,,
123,0,0,7,3,"LD.GLOBAL r4, [r2 + 4096]",MEMORY_REQUEST,11111111111111111111111111111111,1,0,"",,,
123,1,0,15,3,"",MEMORY_RETURN,11111111111111111111111111111111,1,0,"",,,
123,1,0,8,4,"",FETCH,11111111111111111111111111111111,0,0,"global memory",,,
123,1,0,9,4,"",FETCH,11111111111111111111111111111111,0,0,"global memory",,,
123,1,0,10,4,"",FETCH,11111111111111111111111111111111,0,0,"global memory",,,
123,1,0,11,4,"",FETCH,11111111111111111111111111111111,0,0,"global memory",,,
123,1,0,12,4,"",FETCH,11111111111111111111111111111111,0,0,"global memory",,,
123,1,0,13,4,"",FETCH,11111111111111111111111111111111,0,0,"global memory",,,
123,1,0,14,4,"",FETCH,11111111111111111111111111111111,0,0,"global memory",,,
123,1,0,15,3,"LD.GLOBAL r4, [r2 + 4096]",ISSUE,11111111111111111111111111111111,1,1,"",,,
123,1,0,15,3,"LD.GLOBAL r4, [r2 + 4096]",EXECUTE,11111111111111111111111111111111,1,0,"",,,
123,1,0,15,3,"LD.GLOBAL r4, [r2 + 4096]",MEMORY_REQUEST,11111111111111111111111111111111,1,0,"",,,
124,0,0,0,4,"",FETCH,11111111111111111111111111111111,0,0,"global memory",,,
124,0,0,1,4,"",FETCH,11111111111111111111111111111111,0,0,"global memory",,,
124,0,0,2,4,"",FETCH,11111111111111111111111111111111,0,0,"global memory",,,
124,0,0,3,4,"",FETCH,11111111111111111111111111111111,0,0,"global memory",,,
124,0,0,4,4,"",FETCH,11111111111111111111111111111111,0,0,"global memory",,,
124,0,0,5,4,"",FETCH,11111111111111111111111111111111,0,0,"global memory",,,
124,0,0,6,4,"",FETCH,11111111111111111111111111111111,0,0,"global memory",,,
124,0,0,7,4,"",FETCH,11111111111111111111111111111111,0,0,"global memory",,,
124,1,0,8,4,"",FETCH,11111111111111111111111111111111,0,0,"global memory",,,
124,1,0,9,4,"",FETCH,11111111111111111111111111111111,0,0,"global memory",,,
124,1,0,10,4,"",FETCH,11111111111111111111111111111111,0,0,"global memory",,,
124,1,0,11,4,"",FETCH,11111111111111111111111111111111,0,0,"global memory",,,
124,1,0,12,4,"",FETCH,11111111111111111111111111111111,0,0,"global memory",,,
124,1,0,13,4,"",FETCH,11111111111111111111111111111111,0,0,"global memory",,,
124,1,0,14,4,"",FETCH,11111111111111111111111111111111,0,0,"global memory",,,
124,1,0,15,4,"",FETCH,11111111111111111111111111111111,0,0,"global memory",,,
125,0,0,0,4,"",FETCH,11111111111111111111111111111111,0,0,"global memory",,,
125,0,0,1,4,"",FETCH,11111111111111111111111111111111,0,0,"global memory",,,
125,0,0,2,4,"",FETCH,11111111111111111111111111111111,0,0,"global memory",,,
125,0,0,3,4,"",FETCH,11111111111111111111111111111111,0,0,"global memory",,,
125,0,0,4,4,"",FETCH,11111111111111111111111111111111,0,0,"global memory",,,
125,0,0,5,4,"",FETCH,11111111111111111111111111111111,0,0,"global memory",,,
125,0,0,6,4,"",FETCH,11111111111111111111111111111111,0,0,"global memory",,,
125,0,0,7,4,"",FETCH,11111111111111111111111111111111,0,0,"global memory",,,
125,1,0,8,4,"",FETCH,11111111111111111111111111111111,0,0,"global memory",,,
125,1,0,9,4,"",FETCH,11111111111111111111111111111111,0,0,"global memory",,,
125,1,0,10,4,"",FETCH,11111111111111111111111111111111,0,0,"global memory",,,
125,1,0,11,4,"",FETCH,11111111111111111111111111111111,0,0,"global memory",,,
125,1,0,12,4,"",FETCH,11111111111111111111111111111111,0,0,"global memory",,,
125,1,0,13,4,"",FETCH,11111111111111111111111111111111,0,0,"global memory",,,
125,1,0,14,4,"",FETCH,11111111111111111111111111111111,0,0,"global memory",,,
125,1,0,15,4,"",FETCH,11111111111111111111111111111111,0,0,"global memory",,,
126,0,0,0,4,"",FETCH,11111111111111111111111111111111,0,0,"global memory",,,
126,0,0,1,4,"",FETCH,11111111111111111111111111111111,0,0,"global memory",,,
126,0,0,2,4,"",FETCH,11111111111111111111111111111111,0,0,"global memory",,,
126,0,0,3,4,"",FETCH,11111111111111111111111111111111,0,0,"global memory",,,
126,0,0,4,4,"",FETCH,11111111111111111111111111111111,0,0,"global memory",,,
126,0,0,5,4,"",FETCH,11111111111111111111111111111111,0,0,"global memory",,,
126,0,0,6,4,"",FETCH,11111111111111111111111111111111,0,0,"global memory",,,
126,0,0,7,4,"",FETCH,11111111111111111111111111111111,0,0,"global memory",,,
126,1,0,8,4,"",FETCH,11111111111111111111111111111111,0,0,"global memory",,,
126,1,0,9,4,"",FETCH,11111111111111111111111111111111,0,0,"global memory",,,
126,1,0,10,4,"",FETCH,11111111111111111111111111111111,0,0,"global memory",,,
126,1,0,11,4,"",FETCH,11111111111111111111111111111111,0,0,"global memory",,,
126,1,0,12,4,"",FETCH,11111111111111111111111111111111,0,0,"global memory",,,
126,1,0,13,4,"",FETCH,11111111111111111111111111111111,0,0,"global memory",,,
126,1,0,14,4,"",FETCH,11111111111111111111111111111111,0,0,"global memory",,,
126,1,0,15,4,"",FETCH,11111111111111111111111111111111,0,0,"global memory",,,
127,0,0,0,4,"",FETCH,11111111111111111111111111111111,0,0,"global memory",,,
127,0,0,1,4,"",FETCH,11111111111111111111111111111111,0,0,"global memory",,,
127,0,0,2,4,"",FETCH,11111111111111111111111111111111,0,0,"global memory",,,
127,0,0,3,4,"",FETCH,11111111111111111111111111111111,0,0,"global memory",,,
127,0,0,4,4,"",FETCH,11111111111111111111111111111111,0,0,"global memory",,,
127,0,0,5,4,"",FETCH,11111111111111111111111111111111,0,0,"global memory",,,
127,0,0,6,4,"",FETCH,11111111111111111111111111111111,0,0,"global memory",,,
127,0,0,7,4,"",FETCH,11111111111111111111111111111111,0,0,"global memory",,,
127,1,0,8,4,"",FETCH,11111111111111111111111111111111,0,0,"global memory",,,
127,1,0,9,4,"",FETCH,11111111111111111111111111111111,0,0,"global memory",,,
127,1,0,10,4,"",FETCH,11111111111111111111111111111111,0,0,"global memory",,,
127,1,0,11,4,"",FETCH,11111111111111111111111111111111,0,0,"global memory",,,
127,1,0,12,4,"",FETCH,11111111111111111111111111111111,0,0,"global memory",,,
127,1,0,13,4,"",FETCH,11111111111111111111111111111111,0,0,"global memory",,,
127,1,0,14,4,"",FETCH,11111111111111111111111111111111,0,0,"global memory",,,
127,1,0,15,4,"",FETCH,11111111111111111111111111111111,0,0,"global memory",,,
128,0,0,0,4,"",FETCH,11111111111111111111111111111111,0,0,"global memory",,,
128,0,0,1,4,"",FETCH,11111111111111111111111111111111,0,0,"global memory",,,
128,0,0,2,4,"",FETCH,11111111111111111111111111111111,0,0,"global memory",,,
128,0,0,3,4,"",FETCH,11111111111111111111111111111111,0,0,"global memory",,,
128,0,0,4,4,"",FETCH,11111111111111111111111111111111,0,0,"global memory",,,
128,0,0,5,4,"",FETCH,11111111111111111111111111111111,0,0,"global memory",,,
128,0,0,6,4,"",FETCH,11111111111111111111111111111111,0,0,"global memory",,,
128,0,0,7,4,"",FETCH,11111111111111111111111111111111,0,0,"global memory",,,
128,1,0,8,4,"",FETCH,11111111111111111111111111111111,0,0,"global memory",,,
128,1,0,9,4,"",FETCH,11111111111111111111111111111111,0,0,"global memory",,,
128,1,0,10,4,"",FETCH,11111111111111111111111111111111,0,0,"global memory",,,
128,1,0,11,4,"",FETCH,11111111111111111111111111111111,0,0,"global memory",,,
128,1,0,12,4,"",FETCH,11111111111111111111111111111111,0,0,"global memory",,,
128,1,0,13,4,"",FETCH,11111111111111111111111111111111,0,0,"global memory",,,
128,1,0,14,4,"",FETCH,11111111111111111111111111111111,0,0,"global memory",,,
128,1,0,15,4,"",FETCH,11111111111111111111111111111111,0,0,"global memory",,,
129,0,0,0,4,"",FETCH,11111111111111111111111111111111,0,0,"global memory",,,
129,0,0,1,4,"",FETCH,11111111111111111111111111111111,0,0,"global memory",,,
129,0,0,2,4,"",FETCH,11111111111111111111111111111111,0,0,"global memory",,,
129,0,0,3,4,"",FETCH,11111111111111111111111111111111,0,0,"global memory",,,
129,0,0,4,4,"",FETCH,11111111111111111111111111111111,0,0,"global memory",,,
129,0,0,5,4,"",FETCH,11111111111111111111111111111111,0,0,"global memory",,,
129,0,0,6,4,"",FETCH,11111111111111111111111111111111,0,0,"global memory",,,
129,0,0,7,4,"",FETCH,11111111111111111111111111111111,0,0,"global memory",,,
129,1,0,8,4,"",FETCH,11111111111111111111111111111111,0,0,"global memory",,,
129,1,0,9,4,"",FETCH,11111111111111111111111111111111,0,0,"global memory",,,
129,1,0,10,4,"",FETCH,11111111111111111111111111111111,0,0,"global memory",,,
129,1,0,11,4,"",FETCH,11111111111111111111111111111111,0,0,"global memory",,,
129,1,0,12,4,"",FETCH,11111111111111111111111111111111,0,0,"global memory",,,
129,1,0,13,4,"",FETCH,11111111111111111111111111111111,0,0,"global memory",,,
129,1,0,14,4,"",FETCH,11111111111111111111111111111111,0,0,"global memory",,,
129,1,0,15,4,"",FETCH,11111111111111111111111111111111,0,0,"global memory",,,
130,0,0,0,4,"",FETCH,11111111111111111111111111111111,0,0,"global memory",,,
130,0,0,1,4,"",FETCH,11111111111111111111111111111111,0,0,"global memory",,,
130,0,0,2,4,"",FETCH,11111111111111111111111111111111,0,0,"global memory",,,
130,0,0,3,4,"",FETCH,11111111111111111111111111111111,0,0,"global memory",,,
130,0,0,4,4,"",FETCH,11111111111111111111111111111111,0,0,"global memory",,,
130,0,0,5,4,"",FETCH,11111111111111111111111111111111,0,0,"global memory",,,
130,0,0,6,4,"",FETCH,11111111111111111111111111111111,0,0,"global memory",,,
130,0,0,7,4,"",FETCH,11111111111111111111111111111111,0,0,"global memory",,,
130,1,0,8,4,"",FETCH,11111111111111111111111111111111,0,0,"global memory",,,
130,1,0,9,4,"",FETCH,11111111111111111111111111111111,0,0,"global memory",,,
130,1,0,10,4,"",FETCH,11111111111111111111111111111111,0,0,"global memory",,,
130,1,0,11,4,"",FETCH,11111111111111111111111111111111,0,0,"global memory",,,
130,1,0,12,4,"",FETCH,11111111111111111111111111111111,0,0,"global memory",,,
130,1,0,13,4,"",FETCH,11111111111111111111111111111111,0,0,"global memory",,,
130,1,0,14,4,"",FETCH,11111111111111111111111111111111,0,0,"global memory",,,
130,1,0,15,4,"",FETCH,11111111111111111111111111111111,0,0,"global memory",,,
131,0,0,0,4,"",FETCH,11111111111111111111111111111111,0,0,"global memory",,,
131,0,0,1,4,"",FETCH,11111111111111111111111111111111,0,0,"global memory",,,
131,0,0,2,4,"",FETCH,11111111111111111111111111111111,0,0,"global memory",,,
131,0,0,3,4,"",FETCH,11111111111111111111111111111111,0,0,"global memory",,,
131,0,0,4,4,"",FETCH,11111111111111111111111111111111,0,0,"global memory",,,
131,0,0,5,4,"",FETCH,11111111111111111111111111111111,0,0,"global memory",,,
131,0,0,6,4,"",FETCH,11111111111111111111111111111111,0,0,"global memory",,,
131,0,0,7,4,"",FETCH,11111111111111111111111111111111,0,0,"global memory",,,
131,1,0,8,4,"",FETCH,11111111111111111111111111111111,0,0,"global memory",,,
131,1,0,9,4,"",FETCH,11111111111111111111111111111111,0,0,"global memory",,,
131,1,0,10,4,"",FETCH,11111111111111111111111111111111,0,0,"global memory",,,
131,1,0,11,4,"",FETCH,11111111111111111111111111111111,0,0,"global memory",,,
131,1,0,12,4,"",FETCH,11111111111111111111111111111111,0,0,"global memory",,,
131,1,0,13,4,"",FETCH,11111111111111111111111111111111,0,0,"global memory",,,
131,1,0,14,4,"",FETCH,11111111111111111111111111111111,0,0,"global memory",,,
131,1,0,15,4,"",FETCH,11111111111111111111111111111111,0,0,"global memory",,,
132,0,0,0,4,"",FETCH,11111111111111111111111111111111,0,0,"global memory",,,
132,0,0,1,4,"",FETCH,11111111111111111111111111111111,0,0,"global memory",,,
132,0,0,2,4,"",FETCH,11111111111111111111111111111111,0,0,"global memory",,,
132,0,0,3,4,"",FETCH,11111111111111111111111111111111,0,0,"global memory",,,
132,0,0,4,4,"",FETCH,11111111111111111111111111111111,0,0,"global memory",,,
132,0,0,5,4,"",FETCH,11111111111111111111111111111111,0,0,"global memory",,,
132,0,0,6,4,"",FETCH,11111111111111111111111111111111,0,0,"global memory",,,
132,0,0,7,4,"",FETCH,11111111111111111111111111111111,0,0,"global memory",,,
132,1,0,8,4,"",FETCH,11111111111111111111111111111111,0,0,"global memory",,,
132,1,0,9,4,"",FETCH,11111111111111111111111111111111,0,0,"global memory",,,
132,1,0,10,4,"",FETCH,11111111111111111111111111111111,0,0,"global memory",,,
132,1,0,11,4,"",FETCH,11111111111111111111111111111111,0,0,"global memory",,,
132,1,0,12,4,"",FETCH,11111111111111111111111111111111,0,0,"global memory",,,
132,1,0,13,4,"",FETCH,11111111111111111111111111111111,0,0,"global memory",,,
132,1,0,14,4,"",FETCH,11111111111111111111111111111111,0,0,"global memory",,,
132,1,0,15,4,"",FETCH,11111111111111111111111111111111,0,0,"global memory",,,
133,0,0,0,4,"",FETCH,11111111111111111111111111111111,0,0,"global memory",,,
133,0,0,1,4,"",FETCH,11111111111111111111111111111111,0,0,"global memory",,,
133,0,0,2,4,"",FETCH,11111111111111111111111111111111,0,0,"global memory",,,
133,0,0,3,4,"",FETCH,11111111111111111111111111111111,0,0,"global memory",,,
133,0,0,4,4,"",FETCH,11111111111111111111111111111111,0,0,"global memory",,,
133,0,0,5,4,"",FETCH,11111111111111111111111111111111,0,0,"global memory",,,
133,0,0,6,4,"",FETCH,11111111111111111111111111111111,0,0,"global memory",,,
133,0,0,7,4,"",FETCH,11111111111111111111111111111111,0,0,"global memory",,,
133,1,0,8,4,"",FETCH,11111111111111111111111111111111,0,0,"global memory",,,
133,1,0,9,4,"",FETCH,11111111111111111111111111111111,0,0,"global memory",,,
133,1,0,10,4,"",FETCH,11111111111111111111111111111111,0,0,"global memory",,,
133,1,0,11,4,"",FETCH,11111111111111111111111111111111,0,0,"global memory",,,
133,1,0,12,4,"",FETCH,11111111111111111111111111111111,0,0,"global memory",,,
133,1,0,13,4,"",FETCH,11111111111111111111111111111111,0,0,"global memory",,,
133,1,0,14,4,"",FETCH,11111111111111111111111111111111,0,0,"global memory",,,
133,1,0,15,4,"",FETCH,11111111111111111111111111111111,0,0,"global memory",,,
134,0,0,0,4,"",FETCH,11111111111111111111111111111111,0,0,"global memory",,,
134,0,0,1,4,"",FETCH,11111111111111111111111111111111,0,0,"global memory",,,
134,0,0,2,4,"",FETCH,11111111111111111111111111111111,0,0,"global memory",,,
134,0,0,3,4,"",FETCH,11111111111111111111111111111111,0,0,"global memory",,,
134,0,0,4,4,"",FETCH,11111111111111111111111111111111,0,0,"global memory",,,
134,0,0,5,4,"",FETCH,11111111111111111111111111111111,0,0,"global memory",,,
134,0,0,6,4,"",FETCH,11111111111111111111111111111111,0,0,"global memory",,,
134,0,0,7,4,"",FETCH,11111111111111111111111111111111,0,0,"global memory",,,
134,1,0,8,4,"",FETCH,11111111111111111111111111111111,0,0,"global memory",,,
134,1,0,9,4,"",FETCH,11111111111111111111111111111111,0,0,"global memory",,,
134,1,0,10,4,"",FETCH,11111111111111111111111111111111,0,0,"global memory",,,
134,1,0,11,4,"",FETCH,11111111111111111111111111111111,0,0,"global memory",,,
134,1,0,12,4,"",FETCH,11111111111111111111111111111111,0,0,"global memory",,,
134,1,0,13,4,"",FETCH,11111111111111111111111111111111,0,0,"global memory",,,
134,1,0,14,4,"",FETCH,11111111111111111111111111111111,0,0,"global memory",,,
134,1,0,15,4,"",FETCH,11111111111111111111111111111111,0,0,"global memory",,,
135,0,0,0,4,"",FETCH,11111111111111111111111111111111,0,0,"global memory",,,
135,0,0,1,4,"",FETCH,11111111111111111111111111111111,0,0,"global memory",,,
135,0,0,2,4,"",FETCH,11111111111111111111111111111111,0,0,"global memory",,,
135,0,0,3,4,"",FETCH,11111111111111111111111111111111,0,0,"global memory",,,
135,0,0,4,4,"",FETCH,11111111111111111111111111111111,0,0,"global memory",,,
135,0,0,5,4,"",FETCH,11111111111111111111111111111111,0,0,"global memory",,,
135,0,0,6,4,"",FETCH,11111111111111111111111111111111,0,0,"global memory",,,
135,0,0,7,4,"",FETCH,11111111111111111111111111111111,0,0,"global memory",,,
135,1,0,8,4,"",FETCH,11111111111111111111111111111111,0,0,"global memory",,,
135,1,0,9,4,"",FETCH,11111111111111111111111111111111,0,0,"global memory",,,
135,1,0,10,4,"",FETCH,11111111111111111111111111111111,0,0,"global memory",,,
135,1,0,11,4,"",FETCH,11111111111111111111111111111111,0,0,"global memory",,,
135,1,0,12,4,"",FETCH,11111111111111111111111111111111,0,0,"global memory",,,
135,1,0,13,4,"",FETCH,11111111111111111111111111111111,0,0,"global memory",,,
135,1,0,14,4,"",FETCH,11111111111111111111111111111111,0,0,"global memory",,,
135,1,0,15,4,"",FETCH,11111111111111111111111111111111,0,0,"global memory",,,
136,0,0,0,4,"",FETCH,11111111111111111111111111111111,0,0,"global memory",,,
136,0,0,1,4,"",FETCH,11111111111111111111111111111111,0,0,"global memory",,,
136,0,0,2,4,"",FETCH,11111111111111111111111111111111,0,0,"global memory",,,
136,0,0,3,4,"",FETCH,11111111111111111111111111111111,0,0,"global memory",,,
136,0,0,4,4,"",FETCH,11111111111111111111111111111111,0,0,"global memory",,,
136,0,0,5,4,"",FETCH,11111111111111111111111111111111,0,0,"global memory",,,
136,0,0,6,4,"",FETCH,11111111111111111111111111111111,0,0,"global memory",,,
136,0,0,7,4,"",FETCH,11111111111111111111111111111111,0,0,"global memory",,,
136,1,0,8,4,"",FETCH,11111111111111111111111111111111,0,0,"global memory",,,
136,1,0,9,4,"",FETCH,11111111111111111111111111111111,0,0,"global memory",,,
136,1,0,10,4,"",FETCH,11111111111111111111111111111111,0,0,"global memory",,,
136,1,0,11,4,"",FETCH,11111111111111111111111111111111,0,0,"global memory",,,
136,1,0,12,4,"",FETCH,11111111111111111111111111111111,0,0,"global memory",,,
136,1,0,13,4,"",FETCH,11111111111111111111111111111111,0,0,"global memory",,,
136,1,0,14,4,"",FETCH,11111111111111111111111111111111,0,0,"global memory",,,
136,1,0,15,4,"",FETCH,11111111111111111111111111111111,0,0,"global memory",,,
137,0,0,0,4,"",FETCH,11111111111111111111111111111111,0,0,"global memory",,,
137,0,0,1,4,"",FETCH,11111111111111111111111111111111,0,0,"global memory",,,
137,0,0,2,4,"",FETCH,11111111111111111111111111111111,0,0,"global memory",,,
137,0,0,3,4,"",FETCH,11111111111111111111111111111111,0,0,"global memory",,,
137,0,0,4,4,"",FETCH,11111111111111111111111111111111,0,0,"global memory",,,
137,0,0,5,4,"",FETCH,11111111111111111111111111111111,0,0,"global memory",,,
137,0,0,6,4,"",FETCH,11111111111111111111111111111111,0,0,"global memory",,,
137,0,0,7,4,"",FETCH,11111111111111111111111111111111,0,0,"global memory",,,
137,1,0,8,4,"",FETCH,11111111111111111111111111111111,0,0,"global memory",,,
137,1,0,9,4,"",FETCH,11111111111111111111111111111111,0,0,"global memory",,,
137,1,0,10,4,"",FETCH,11111111111111111111111111111111,0,0,"global memory",,,
137,1,0,11,4,"",FETCH,11111111111111111111111111111111,0,0,"global memory",,,
137,1,0,12,4,"",FETCH,11111111111111111111111111111111,0,0,"global memory",,,
137,1,0,13,4,"",FETCH,11111111111111111111111111111111,0,0,"global memory",,,
137,1,0,14,4,"",FETCH,11111111111111111111111111111111,0,0,"global memory",,,
137,1,0,15,4,"",FETCH,11111111111111111111111111111111,0,0,"global memory",,,
138,0,0,0,4,"",FETCH,11111111111111111111111111111111,0,0,"global memory",,,
138,0,0,1,4,"",FETCH,11111111111111111111111111111111,0,0,"global memory",,,
138,0,0,2,4,"",FETCH,11111111111111111111111111111111,0,0,"global memory",,,
138,0,0,3,4,"",FETCH,11111111111111111111111111111111,0,0,"global memory",,,
138,0,0,4,4,"",FETCH,11111111111111111111111111111111,0,0,"global memory",,,
138,0,0,5,4,"",FETCH,11111111111111111111111111111111,0,0,"global memory",,,
138,0,0,6,4,"",FETCH,11111111111111111111111111111111,0,0,"global memory",,,
138,0,0,7,4,"",FETCH,11111111111111111111111111111111,0,0,"global memory",,,
138,1,0,8,4,"",FETCH,11111111111111111111111111111111,0,0,"global memory",,,
138,1,0,9,4,"",FETCH,11111111111111111111111111111111,0,0,"global memory",,,
138,1,0,10,4,"",FETCH,11111111111111111111111111111111,0,0,"global memory",,,
138,1,0,11,4,"",FETCH,11111111111111111111111111111111,0,0,"global memory",,,
138,1,0,12,4,"",FETCH,11111111111111111111111111111111,0,0,"global memory",,,
138,1,0,13,4,"",FETCH,11111111111111111111111111111111,0,0,"global memory",,,
138,1,0,14,4,"",FETCH,11111111111111111111111111111111,0,0,"global memory",,,
138,1,0,15,4,"",FETCH,11111111111111111111111111111111,0,0,"global memory",,,
139,0,0,0,4,"",FETCH,11111111111111111111111111111111,0,0,"global memory",,,
139,0,0,1,4,"",FETCH,11111111111111111111111111111111,0,0,"global memory",,,
139,0,0,2,4,"",FETCH,11111111111111111111111111111111,0,0,"global memory",,,
139,0,0,3,4,"",FETCH,11111111111111111111111111111111,0,0,"global memory",,,
139,0,0,4,4,"",FETCH,11111111111111111111111111111111,0,0,"global memory",,,
139,0,0,5,4,"",FETCH,11111111111111111111111111111111,0,0,"global memory",,,
139,0,0,6,4,"",FETCH,11111111111111111111111111111111,0,0,"global memory",,,
139,0,0,7,4,"",FETCH,11111111111111111111111111111111,0,0,"global memory",,,
139,1,0,8,4,"",FETCH,11111111111111111111111111111111,0,0,"global memory",,,
139,1,0,9,4,"",FETCH,11111111111111111111111111111111,0,0,"global memory",,,
139,1,0,10,4,"",FETCH,11111111111111111111111111111111,0,0,"global memory",,,
139,1,0,11,4,"",FETCH,11111111111111111111111111111111,0,0,"global memory",,,
139,1,0,12,4,"",FETCH,11111111111111111111111111111111,0,0,"global memory",,,
139,1,0,13,4,"",FETCH,11111111111111111111111111111111,0,0,"global memory",,,
139,1,0,14,4,"",FETCH,11111111111111111111111111111111,0,0,"global memory",,,
139,1,0,15,4,"",FETCH,11111111111111111111111111111111,0,0,"global memory",,,
140,0,0,0,4,"",FETCH,11111111111111111111111111111111,0,0,"global memory",,,
140,0,0,1,4,"",FETCH,11111111111111111111111111111111,0,0,"global memory",,,
140,0,0,2,4,"",FETCH,11111111111111111111111111111111,0,0,"global memory",,,
140,0,0,3,4,"",FETCH,11111111111111111111111111111111,0,0,"global memory",,,
140,0,0,4,4,"",FETCH,11111111111111111111111111111111,0,0,"global memory",,,
140,0,0,5,4,"",FETCH,11111111111111111111111111111111,0,0,"global memory",,,
140,0,0,6,4,"",FETCH,11111111111111111111111111111111,0,0,"global memory",,,
140,0,0,7,4,"",FETCH,11111111111111111111111111111111,0,0,"global memory",,,
140,1,0,8,4,"",FETCH,11111111111111111111111111111111,0,0,"global memory",,,
140,1,0,9,4,"",FETCH,11111111111111111111111111111111,0,0,"global memory",,,
140,1,0,10,4,"",FETCH,11111111111111111111111111111111,0,0,"global memory",,,
140,1,0,11,4,"",FETCH,11111111111111111111111111111111,0,0,"global memory",,,
140,1,0,12,4,"",FETCH,11111111111111111111111111111111,0,0,"global memory",,,
140,1,0,13,4,"",FETCH,11111111111111111111111111111111,0,0,"global memory",,,
140,1,0,14,4,"",FETCH,11111111111111111111111111111111,0,0,"global memory",,,
140,1,0,15,4,"",FETCH,11111111111111111111111111111111,0,0,"global memory",,,
141,0,0,0,4,"",FETCH,11111111111111111111111111111111,0,0,"global memory",,,
141,0,0,1,4,"",FETCH,11111111111111111111111111111111,0,0,"global memory",,,
141,0,0,2,4,"",FETCH,11111111111111111111111111111111,0,0,"global memory",,,
141,0,0,3,4,"",FETCH,11111111111111111111111111111111,0,0,"global memory",,,
141,0,0,4,4,"",FETCH,11111111111111111111111111111111,0,0,"global memory",,,
141,0,0,5,4,"",FETCH,11111111111111111111111111111111,0,0,"global memory",,,
141,0,0,6,4,"",FETCH,11111111111111111111111111111111,0,0,"global memory",,,
141,0,0,7,4,"",FETCH,11111111111111111111111111111111,0,0,"global memory",,,
141,1,0,8,4,"",FETCH,11111111111111111111111111111111,0,0,"global memory",,,
141,1,0,9,4,"",FETCH,11111111111111111111111111111111,0,0,"global memory",,,
141,1,0,10,4,"",FETCH,11111111111111111111111111111111,0,0,"global memory",,,
141,1,0,11,4,"",FETCH,11111111111111111111111111111111,0,0,"global memory",,,
141,1,0,12,4,"",FETCH,11111111111111111111111111111111,0,0,"global memory",,,
141,1,0,13,4,"",FETCH,11111111111111111111111111111111,0,0,"global memory",,,
141,1,0,14,4,"",FETCH,11111111111111111111111111111111,0,0,"global memory",,,
141,1,0,15,4,"",FETCH,11111111111111111111111111111111,0,0,"global memory",,,
142,0,0,0,4,"",FETCH,11111111111111111111111111111111,0,0,"global memory",,,
142,0,0,1,4,"",FETCH,11111111111111111111111111111111,0,0,"global memory",,,
142,0,0,2,4,"",FETCH,11111111111111111111111111111111,0,0,"global memory",,,
142,0,0,3,4,"",FETCH,11111111111111111111111111111111,0,0,"global memory",,,
142,0,0,4,4,"",FETCH,11111111111111111111111111111111,0,0,"global memory",,,
142,0,0,5,4,"",FETCH,11111111111111111111111111111111,0,0,"global memory",,,
142,0,0,6,4,"",FETCH,11111111111111111111111111111111,0,0,"global memory",,,
142,0,0,7,4,"",FETCH,11111111111111111111111111111111,0,0,"global memory",,,
142,1,0,8,4,"",FETCH,11111111111111111111111111111111,0,0,"global memory",,,
142,1,0,9,4,"",FETCH,11111111111111111111111111111111,0,0,"global memory",,,
142,1,0,10,4,"",FETCH,11111111111111111111111111111111,0,0,"global memory",,,
142,1,0,11,4,"",FETCH,11111111111111111111111111111111,0,0,"global memory",,,
142,1,0,12,4,"",FETCH,11111111111111111111111111111111,0,0,"global memory",,,
142,1,0,13,4,"",FETCH,11111111111111111111111111111111,0,0,"global memory",,,
142,1,0,14,4,"",FETCH,11111111111111111111111111111111,0,0,"global memory",,,
142,1,0,15,4,"",FETCH,11111111111111111111111111111111,0,0,"global memory",,,
143,0,0,0,4,"",FETCH,11111111111111111111111111111111,0,0,"global memory",,,
143,0,0,1,4,"",FETCH,11111111111111111111111111111111,0,0,"global memory",,,
143,0,0,2,4,"",FETCH,11111111111111111111111111111111,0,0,"global memory",,,
143,0,0,3,4,"",FETCH,11111111111111111111111111111111,0,0,"global memory",,,
143,0,0,4,4,"",FETCH,11111111111111111111111111111111,0,0,"global memory",,,
143,0,0,5,4,"",FETCH,11111111111111111111111111111111,0,0,"global memory",,,
143,0,0,6,4,"",FETCH,11111111111111111111111111111111,0,0,"global memory",,,
143,0,0,7,4,"",FETCH,11111111111111111111111111111111,0,0,"global memory",,,
143,1,0,8,4,"",FETCH,11111111111111111111111111111111,0,0,"global memory",,,
143,1,0,9,4,"",FETCH,11111111111111111111111111111111,0,0,"global memory",,,
143,1,0,10,4,"",FETCH,11111111111111111111111111111111,0,0,"global memory",,,
143,1,0,11,4,"",FETCH,11111111111111111111111111111111,0,0,"global memory",,,
143,1,0,12,4,"",FETCH,11111111111111111111111111111111,0,0,"global memory",,,
143,1,0,13,4,"",FETCH,11111111111111111111111111111111,0,0,"global memory",,,
143,1,0,14,4,"",FETCH,11111111111111111111111111111111,0,0,"global memory",,,
143,1,0,15,4,"",FETCH,11111111111111111111111111111111,0,0,"global memory",,,
144,0,0,0,4,"",FETCH,11111111111111111111111111111111,0,0,"global memory",,,
144,0,0,1,4,"",FETCH,11111111111111111111111111111111,0,0,"global memory",,,
144,0,0,2,4,"",FETCH,11111111111111111111111111111111,0,0,"global memory",,,
144,0,0,3,4,"",FETCH,11111111111111111111111111111111,0,0,"global memory",,,
144,0,0,4,4,"",FETCH,11111111111111111111111111111111,0,0,"global memory",,,
144,0,0,5,4,"",FETCH,11111111111111111111111111111111,0,0,"global memory",,,
144,0,0,6,4,"",FETCH,11111111111111111111111111111111,0,0,"global memory",,,
144,0,0,7,4,"",FETCH,11111111111111111111111111111111,0,0,"global memory",,,
144,1,0,8,4,"",FETCH,11111111111111111111111111111111,0,0,"global memory",,,
144,1,0,9,4,"",FETCH,11111111111111111111111111111111,0,0,"global memory",,,
144,1,0,10,4,"",FETCH,11111111111111111111111111111111,0,0,"global memory",,,
144,1,0,11,4,"",FETCH,11111111111111111111111111111111,0,0,"global memory",,,
144,1,0,12,4,"",FETCH,11111111111111111111111111111111,0,0,"global memory",,,
144,1,0,13,4,"",FETCH,11111111111111111111111111111111,0,0,"global memory",,,
144,1,0,14,4,"",FETCH,11111111111111111111111111111111,0,0,"global memory",,,
144,1,0,15,4,"",FETCH,11111111111111111111111111111111,0,0,"global memory",,,
145,0,0,0,4,"",FETCH,11111111111111111111111111111111,0,0,"global memory",,,
145,0,0,1,4,"",FETCH,11111111111111111111111111111111,0,0,"global memory",,,
145,0,0,2,4,"",FETCH,11111111111111111111111111111111,0,0,"global memory",,,
145,0,0,3,4,"",FETCH,11111111111111111111111111111111,0,0,"global memory",,,
145,0,0,4,4,"",FETCH,11111111111111111111111111111111,0,0,"global memory",,,
145,0,0,5,4,"",FETCH,11111111111111111111111111111111,0,0,"global memory",,,
145,0,0,6,4,"",FETCH,11111111111111111111111111111111,0,0,"global memory",,,
145,0,0,7,4,"",FETCH,11111111111111111111111111111111,0,0,"global memory",,,
145,1,0,8,4,"",FETCH,11111111111111111111111111111111,0,0,"global memory",,,
145,1,0,9,4,"",FETCH,11111111111111111111111111111111,0,0,"global memory",,,
145,1,0,10,4,"",FETCH,11111111111111111111111111111111,0,0,"global memory",,,
145,1,0,11,4,"",FETCH,11111111111111111111111111111111,0,0,"global memory",,,
145,1,0,12,4,"",FETCH,11111111111111111111111111111111,0,0,"global memory",,,
145,1,0,13,4,"",FETCH,11111111111111111111111111111111,0,0,"global memory",,,
145,1,0,14,4,"",FETCH,11111111111111111111111111111111,0,0,"global memory",,,
145,1,0,15,4,"",FETCH,11111111111111111111111111111111,0,0,"global memory",,,
146,0,0,0,4,"",FETCH,11111111111111111111111111111111,0,0,"global memory",,,
146,0,0,1,4,"",FETCH,11111111111111111111111111111111,0,0,"global memory",,,
146,0,0,2,4,"",FETCH,11111111111111111111111111111111,0,0,"global memory",,,
146,0,0,3,4,"",FETCH,11111111111111111111111111111111,0,0,"global memory",,,
146,0,0,4,4,"",FETCH,11111111111111111111111111111111,0,0,"global memory",,,
146,0,0,5,4,"",FETCH,11111111111111111111111111111111,0,0,"global memory",,,
146,0,0,6,4,"",FETCH,11111111111111111111111111111111,0,0,"global memory",,,
146,0,0,7,4,"",FETCH,11111111111111111111111111111111,0,0,"global memory",,,
146,1,0,8,4,"",FETCH,11111111111111111111111111111111,0,0,"global memory",,,
146,1,0,9,4,"",FETCH,11111111111111111111111111111111,0,0,"global memory",,,
146,1,0,10,4,"",FETCH,11111111111111111111111111111111,0,0,"global memory",,,
146,1,0,11,4,"",FETCH,11111111111111111111111111111111,0,0,"global memory",,,
146,1,0,12,4,"",FETCH,11111111111111111111111111111111,0,0,"global memory",,,
146,1,0,13,4,"",FETCH,11111111111111111111111111111111,0,0,"global memory",,,
146,1,0,14,4,"",FETCH,11111111111111111111111111111111,0,0,"global memory",,,
146,1,0,15,4,"",FETCH,11111111111111111111111111111111,0,0,"global memory",,,
147,0,0,0,4,"",FETCH,11111111111111111111111111111111,0,0,"global memory",,,
147,0,0,1,4,"",FETCH,11111111111111111111111111111111,0,0,"global memory",,,
147,0,0,2,4,"",FETCH,11111111111111111111111111111111,0,0,"global memory",,,
147,0,0,3,4,"",FETCH,11111111111111111111111111111111,0,0,"global memory",,,
147,0,0,4,4,"",FETCH,11111111111111111111111111111111,0,0,"global memory",,,
147,0,0,5,4,"",FETCH,11111111111111111111111111111111,0,0,"global memory",,,
147,0,0,6,4,"",FETCH,11111111111111111111111111111111,0,0,"global memory",,,
147,0,0,7,4,"",FETCH,11111111111111111111111111111111,0,0,"global memory",,,
147,1,0,8,4,"",FETCH,11111111111111111111111111111111,0,0,"global memory",,,
147,1,0,9,4,"",FETCH,11111111111111111111111111111111,0,0,"global memory",,,
147,1,0,10,4,"",FETCH,11111111111111111111111111111111,0,0,"global memory",,,
147,1,0,11,4,"",FETCH,11111111111111111111111111111111,0,0,"global memory",,,
147,1,0,12,4,"",FETCH,11111111111111111111111111111111,0,0,"global memory",,,
147,1,0,13,4,"",FETCH,11111111111111111111111111111111,0,0,"global memory",,,
147,1,0,14,4,"",FETCH,11111111111111111111111111111111,0,0,"global memory",,,
147,1,0,15,4,"",FETCH,11111111111111111111111111111111,0,0,"global memory",,,
148,0,0,0,4,"",FETCH,11111111111111111111111111111111,0,0,"global memory",,,
148,0,0,1,4,"",FETCH,11111111111111111111111111111111,0,0,"global memory",,,
148,0,0,2,4,"",FETCH,11111111111111111111111111111111,0,0,"global memory",,,
148,0,0,3,4,"",FETCH,11111111111111111111111111111111,0,0,"global memory",,,
148,0,0,4,4,"",FETCH,11111111111111111111111111111111,0,0,"global memory",,,
148,0,0,5,4,"",FETCH,11111111111111111111111111111111,0,0,"global memory",,,
148,0,0,6,4,"",FETCH,11111111111111111111111111111111,0,0,"global memory",,,
148,0,0,7,4,"",FETCH,11111111111111111111111111111111,0,0,"global memory",,,
148,1,0,8,4,"",FETCH,11111111111111111111111111111111,0,0,"global memory",,,
148,1,0,9,4,"",FETCH,11111111111111111111111111111111,0,0,"global memory",,,
148,1,0,10,4,"",FETCH,11111111111111111111111111111111,0,0,"global memory",,,
148,1,0,11,4,"",FETCH,11111111111111111111111111111111,0,0,"global memory",,,
148,1,0,12,4,"",FETCH,11111111111111111111111111111111,0,0,"global memory",,,
148,1,0,13,4,"",FETCH,11111111111111111111111111111111,0,0,"global memory",,,
148,1,0,14,4,"",FETCH,11111111111111111111111111111111,0,0,"global memory",,,
148,1,0,15,4,"",FETCH,11111111111111111111111111111111,0,0,"global memory",,,
149,0,0,0,4,"",FETCH,11111111111111111111111111111111,0,0,"global memory",,,
149,0,0,1,4,"",FETCH,11111111111111111111111111111111,0,0,"global memory",,,
149,0,0,2,4,"",FETCH,11111111111111111111111111111111,0,0,"global memory",,,
149,0,0,3,4,"",FETCH,11111111111111111111111111111111,0,0,"global memory",,,
149,0,0,4,4,"",FETCH,11111111111111111111111111111111,0,0,"global memory",,,
149,0,0,5,4,"",FETCH,11111111111111111111111111111111,0,0,"global memory",,,
149,0,0,6,4,"",FETCH,11111111111111111111111111111111,0,0,"global memory",,,
149,0,0,7,4,"",FETCH,11111111111111111111111111111111,0,0,"global memory",,,
149,1,0,8,4,"",FETCH,11111111111111111111111111111111,0,0,"global memory",,,
149,1,0,9,4,"",FETCH,11111111111111111111111111111111,0,0,"global memory",,,
149,1,0,10,4,"",FETCH,11111111111111111111111111111111,0,0,"global memory",,,
149,1,0,11,4,"",FETCH,11111111111111111111111111111111,0,0,"global memory",,,
149,1,0,12,4,"",FETCH,11111111111111111111111111111111,0,0,"global memory",,,
149,1,0,13,4,"",FETCH,11111111111111111111111111111111,0,0,"global memory",,,
149,1,0,14,4,"",FETCH,11111111111111111111111111111111,0,0,"global memory",,,
149,1,0,15,4,"",FETCH,11111111111111111111111111111111,0,0,"global memory",,,
150,0,0,0,4,"",FETCH,11111111111111111111111111111111,0,0,"global memory",,,
150,0,0,1,4,"",FETCH,11111111111111111111111111111111,0,0,"global memory",,,
150,0,0,2,4,"",FETCH,11111111111111111111111111111111,0,0,"global memory",,,
150,0,0,3,4,"",FETCH,11111111111111111111111111111111,0,0,"global memory",,,
150,0,0,4,4,"",FETCH,11111111111111111111111111111111,0,0,"global memory",,,
150,0,0,5,4,"",FETCH,11111111111111111111111111111111,0,0,"global memory",,,
150,0,0,6,4,"",FETCH,11111111111111111111111111111111,0,0,"global memory",,,
150,0,0,7,4,"",FETCH,11111111111111111111111111111111,0,0,"global memory",,,
150,1,0,8,4,"",FETCH,11111111111111111111111111111111,0,0,"global memory",,,
150,1,0,9,4,"",FETCH,11111111111111111111111111111111,0,0,"global memory",,,
150,1,0,10,4,"",FETCH,11111111111111111111111111111111,0,0,"global memory",,,
150,1,0,11,4,"",FETCH,11111111111111111111111111111111,0,0,"global memory",,,
150,1,0,12,4,"",FETCH,11111111111111111111111111111111,0,0,"global memory",,,
150,1,0,13,4,"",FETCH,11111111111111111111111111111111,0,0,"global memory",,,
150,1,0,14,4,"",FETCH,11111111111111111111111111111111,0,0,"global memory",,,
150,1,0,15,4,"",FETCH,11111111111111111111111111111111,0,0,"global memory",,,
151,0,0,0,4,"",FETCH,11111111111111111111111111111111,0,0,"global memory",,,
151,0,0,1,4,"",FETCH,11111111111111111111111111111111,0,0,"global memory",,,
151,0,0,2,4,"",FETCH,11111111111111111111111111111111,0,0,"global memory",,,
151,0,0,3,4,"",FETCH,11111111111111111111111111111111,0,0,"global memory",,,
151,0,0,4,4,"",FETCH,11111111111111111111111111111111,0,0,"global memory",,,
151,0,0,5,4,"",FETCH,11111111111111111111111111111111,0,0,"global memory",,,
151,0,0,6,4,"",FETCH,11111111111111111111111111111111,0,0,"global memory",,,
151,0,0,7,4,"",FETCH,11111111111111111111111111111111,0,0,"global memory",,,
151,1,0,8,4,"",FETCH,11111111111111111111111111111111,0,0,"global memory",,,
151,1,0,9,4,"",FETCH,11111111111111111111111111111111,0,0,"global memory",,,
151,1,0,10,4,"",FETCH,11111111111111111111111111111111,0,0,"global memory",,,
151,1,0,11,4,"",FETCH,11111111111111111111111111111111,0,0,"global memory",,,
151,1,0,12,4,"",FETCH,11111111111111111111111111111111,0,0,"global memory",,,
151,1,0,13,4,"",FETCH,11111111111111111111111111111111,0,0,"global memory",,,
151,1,0,14,4,"",FETCH,11111111111111111111111111111111,0,0,"global memory",,,
151,1,0,15,4,"",FETCH,11111111111111111111111111111111,0,0,"global memory",,,
152,0,0,0,4,"",FETCH,11111111111111111111111111111111,0,0,"global memory",,,
152,0,0,1,4,"",FETCH,11111111111111111111111111111111,0,0,"global memory",,,
152,0,0,2,4,"",FETCH,11111111111111111111111111111111,0,0,"global memory",,,
152,0,0,3,4,"",FETCH,11111111111111111111111111111111,0,0,"global memory",,,
152,0,0,4,4,"",FETCH,11111111111111111111111111111111,0,0,"global memory",,,
152,0,0,5,4,"",FETCH,11111111111111111111111111111111,0,0,"global memory",,,
152,0,0,6,4,"",FETCH,11111111111111111111111111111111,0,0,"global memory",,,
152,0,0,7,4,"",FETCH,11111111111111111111111111111111,0,0,"global memory",,,
152,1,0,8,4,"",FETCH,11111111111111111111111111111111,0,0,"global memory",,,
152,1,0,9,4,"",FETCH,11111111111111111111111111111111,0,0,"global memory",,,
152,1,0,10,4,"",FETCH,11111111111111111111111111111111,0,0,"global memory",,,
152,1,0,11,4,"",FETCH,11111111111111111111111111111111,0,0,"global memory",,,
152,1,0,12,4,"",FETCH,11111111111111111111111111111111,0,0,"global memory",,,
152,1,0,13,4,"",FETCH,11111111111111111111111111111111,0,0,"global memory",,,
152,1,0,14,4,"",FETCH,11111111111111111111111111111111,0,0,"global memory",,,
152,1,0,15,4,"",FETCH,11111111111111111111111111111111,0,0,"global memory",,,
153,0,0,0,4,"",FETCH,11111111111111111111111111111111,0,0,"global memory",,,
153,0,0,1,4,"",FETCH,11111111111111111111111111111111,0,0,"global memory",,,
153,0,0,2,4,"",FETCH,11111111111111111111111111111111,0,0,"global memory",,,
153,0,0,3,4,"",FETCH,11111111111111111111111111111111,0,0,"global memory",,,
153,0,0,4,4,"",FETCH,11111111111111111111111111111111,0,0,"global memory",,,
153,0,0,5,4,"",FETCH,11111111111111111111111111111111,0,0,"global memory",,,
153,0,0,6,4,"",FETCH,11111111111111111111111111111111,0,0,"global memory",,,
153,0,0,7,4,"",FETCH,11111111111111111111111111111111,0,0,"global memory",,,
153,1,0,8,4,"",FETCH,11111111111111111111111111111111,0,0,"global memory",,,
153,1,0,9,4,"",FETCH,11111111111111111111111111111111,0,0,"global memory",,,
153,1,0,10,4,"",FETCH,11111111111111111111111111111111,0,0,"global memory",,,
153,1,0,11,4,"",FETCH,11111111111111111111111111111111,0,0,"global memory",,,
153,1,0,12,4,"",FETCH,11111111111111111111111111111111,0,0,"global memory",,,
153,1,0,13,4,"",FETCH,11111111111111111111111111111111,0,0,"global memory",,,
153,1,0,14,4,"",FETCH,11111111111111111111111111111111,0,0,"global memory",,,
153,1,0,15,4,"",FETCH,11111111111111111111111111111111,0,0,"global memory",,,
154,0,0,0,4,"",FETCH,11111111111111111111111111111111,0,0,"global memory",,,
154,0,0,1,4,"",FETCH,11111111111111111111111111111111,0,0,"global memory",,,
154,0,0,2,4,"",FETCH,11111111111111111111111111111111,0,0,"global memory",,,
154,0,0,3,4,"",FETCH,11111111111111111111111111111111,0,0,"global memory",,,
154,0,0,4,4,"",FETCH,11111111111111111111111111111111,0,0,"global memory",,,
154,0,0,5,4,"",FETCH,11111111111111111111111111111111,0,0,"global memory",,,
154,0,0,6,4,"",FETCH,11111111111111111111111111111111,0,0,"global memory",,,
154,0,0,7,4,"",FETCH,11111111111111111111111111111111,0,0,"global memory",,,
154,1,0,8,4,"",FETCH,11111111111111111111111111111111,0,0,"global memory",,,
154,1,0,9,4,"",FETCH,11111111111111111111111111111111,0,0,"global memory",,,
154,1,0,10,4,"",FETCH,11111111111111111111111111111111,0,0,"global memory",,,
154,1,0,11,4,"",FETCH,11111111111111111111111111111111,0,0,"global memory",,,
154,1,0,12,4,"",FETCH,11111111111111111111111111111111,0,0,"global memory",,,
154,1,0,13,4,"",FETCH,11111111111111111111111111111111,0,0,"global memory",,,
154,1,0,14,4,"",FETCH,11111111111111111111111111111111,0,0,"global memory",,,
154,1,0,15,4,"",FETCH,11111111111111111111111111111111,0,0,"global memory",,,
155,0,0,0,4,"",FETCH,11111111111111111111111111111111,0,0,"global memory",,,
155,0,0,1,4,"",FETCH,11111111111111111111111111111111,0,0,"global memory",,,
155,0,0,2,4,"",FETCH,11111111111111111111111111111111,0,0,"global memory",,,
155,0,0,3,4,"",FETCH,11111111111111111111111111111111,0,0,"global memory",,,
155,0,0,4,4,"",FETCH,11111111111111111111111111111111,0,0,"global memory",,,
155,0,0,5,4,"",FETCH,11111111111111111111111111111111,0,0,"global memory",,,
155,0,0,6,4,"",FETCH,11111111111111111111111111111111,0,0,"global memory",,,
155,0,0,7,4,"",FETCH,11111111111111111111111111111111,0,0,"global memory",,,
155,1,0,8,4,"",FETCH,11111111111111111111111111111111,0,0,"global memory",,,
155,1,0,9,4,"",FETCH,11111111111111111111111111111111,0,0,"global memory",,,
155,1,0,10,4,"",FETCH,11111111111111111111111111111111,0,0,"global memory",,,
155,1,0,11,4,"",FETCH,11111111111111111111111111111111,0,0,"global memory",,,
155,1,0,12,4,"",FETCH,11111111111111111111111111111111,0,0,"global memory",,,
155,1,0,13,4,"",FETCH,11111111111111111111111111111111,0,0,"global memory",,,
155,1,0,14,4,"",FETCH,11111111111111111111111111111111,0,0,"global memory",,,
155,1,0,15,4,"",FETCH,11111111111111111111111111111111,0,0,"global memory",,,
156,0,0,0,4,"",FETCH,11111111111111111111111111111111,0,0,"global memory",,,
156,0,0,1,4,"",FETCH,11111111111111111111111111111111,0,0,"global memory",,,
156,0,0,2,4,"",FETCH,11111111111111111111111111111111,0,0,"global memory",,,
156,0,0,3,4,"",FETCH,11111111111111111111111111111111,0,0,"global memory",,,
156,0,0,4,4,"",FETCH,11111111111111111111111111111111,0,0,"global memory",,,
156,0,0,5,4,"",FETCH,11111111111111111111111111111111,0,0,"global memory",,,
156,0,0,6,4,"",FETCH,11111111111111111111111111111111,0,0,"global memory",,,
156,0,0,7,4,"",FETCH,11111111111111111111111111111111,0,0,"global memory",,,
156,1,0,8,4,"",FETCH,11111111111111111111111111111111,0,0,"global memory",,,
156,1,0,9,4,"",FETCH,11111111111111111111111111111111,0,0,"global memory",,,
156,1,0,10,4,"",FETCH,11111111111111111111111111111111,0,0,"global memory",,,
156,1,0,11,4,"",FETCH,11111111111111111111111111111111,0,0,"global memory",,,
156,1,0,12,4,"",FETCH,11111111111111111111111111111111,0,0,"global memory",,,
156,1,0,13,4,"",FETCH,11111111111111111111111111111111,0,0,"global memory",,,
156,1,0,14,4,"",FETCH,11111111111111111111111111111111,0,0,"global memory",,,
156,1,0,15,4,"",FETCH,11111111111111111111111111111111,0,0,"global memory",,,
157,0,0,0,4,"",FETCH,11111111111111111111111111111111,0,0,"global memory",,,
157,0,0,1,4,"",FETCH,11111111111111111111111111111111,0,0,"global memory",,,
157,0,0,2,4,"",FETCH,11111111111111111111111111111111,0,0,"global memory",,,
157,0,0,3,4,"",FETCH,11111111111111111111111111111111,0,0,"global memory",,,
157,0,0,4,4,"",FETCH,11111111111111111111111111111111,0,0,"global memory",,,
157,0,0,5,4,"",FETCH,11111111111111111111111111111111,0,0,"global memory",,,
157,0,0,6,4,"",FETCH,11111111111111111111111111111111,0,0,"global memory",,,
157,0,0,7,4,"",FETCH,11111111111111111111111111111111,0,0,"global memory",,,
157,1,0,8,4,"",FETCH,11111111111111111111111111111111,0,0,"global memory",,,
157,1,0,9,4,"",FETCH,11111111111111111111111111111111,0,0,"global memory",,,
157,1,0,10,4,"",FETCH,11111111111111111111111111111111,0,0,"global memory",,,
157,1,0,11,4,"",FETCH,11111111111111111111111111111111,0,0,"global memory",,,
157,1,0,12,4,"",FETCH,11111111111111111111111111111111,0,0,"global memory",,,
157,1,0,13,4,"",FETCH,11111111111111111111111111111111,0,0,"global memory",,,
157,1,0,14,4,"",FETCH,11111111111111111111111111111111,0,0,"global memory",,,
157,1,0,15,4,"",FETCH,11111111111111111111111111111111,0,0,"global memory",,,
158,0,0,0,4,"",FETCH,11111111111111111111111111111111,0,0,"global memory",,,
158,0,0,1,4,"",FETCH,11111111111111111111111111111111,0,0,"global memory",,,
158,0,0,2,4,"",FETCH,11111111111111111111111111111111,0,0,"global memory",,,
158,0,0,3,4,"",FETCH,11111111111111111111111111111111,0,0,"global memory",,,
158,0,0,4,4,"",FETCH,11111111111111111111111111111111,0,0,"global memory",,,
158,0,0,5,4,"",FETCH,11111111111111111111111111111111,0,0,"global memory",,,
158,0,0,6,4,"",FETCH,11111111111111111111111111111111,0,0,"global memory",,,
158,0,0,7,4,"",FETCH,11111111111111111111111111111111,0,0,"global memory",,,
158,1,0,8,4,"",FETCH,11111111111111111111111111111111,0,0,"global memory",,,
158,1,0,9,4,"",FETCH,11111111111111111111111111111111,0,0,"global memory",,,
158,1,0,10,4,"",FETCH,11111111111111111111111111111111,0,0,"global memory",,,
158,1,0,11,4,"",FETCH,11111111111111111111111111111111,0,0,"global memory",,,
158,1,0,12,4,"",FETCH,11111111111111111111111111111111,0,0,"global memory",,,
158,1,0,13,4,"",FETCH,11111111111111111111111111111111,0,0,"global memory",,,
158,1,0,14,4,"",FETCH,11111111111111111111111111111111,0,0,"global memory",,,
158,1,0,15,4,"",FETCH,11111111111111111111111111111111,0,0,"global memory",,,
159,0,0,0,4,"",FETCH,11111111111111111111111111111111,0,0,"global memory",,,
159,0,0,1,4,"",FETCH,11111111111111111111111111111111,0,0,"global memory",,,
159,0,0,2,4,"",FETCH,11111111111111111111111111111111,0,0,"global memory",,,
159,0,0,3,4,"",FETCH,11111111111111111111111111111111,0,0,"global memory",,,
159,0,0,4,4,"",FETCH,11111111111111111111111111111111,0,0,"global memory",,,
159,0,0,5,4,"",FETCH,11111111111111111111111111111111,0,0,"global memory",,,
159,0,0,6,4,"",FETCH,11111111111111111111111111111111,0,0,"global memory",,,
159,0,0,7,4,"",FETCH,11111111111111111111111111111111,0,0,"global memory",,,
159,1,0,8,4,"",FETCH,11111111111111111111111111111111,0,0,"global memory",,,
159,1,0,9,4,"",FETCH,11111111111111111111111111111111,0,0,"global memory",,,
159,1,0,10,4,"",FETCH,11111111111111111111111111111111,0,0,"global memory",,,
159,1,0,11,4,"",FETCH,11111111111111111111111111111111,0,0,"global memory",,,
159,1,0,12,4,"",FETCH,11111111111111111111111111111111,0,0,"global memory",,,
159,1,0,13,4,"",FETCH,11111111111111111111111111111111,0,0,"global memory",,,
159,1,0,14,4,"",FETCH,11111111111111111111111111111111,0,0,"global memory",,,
159,1,0,15,4,"",FETCH,11111111111111111111111111111111,0,0,"global memory",,,
160,0,0,0,4,"",FETCH,11111111111111111111111111111111,0,0,"global memory",,,
160,0,0,1,4,"",FETCH,11111111111111111111111111111111,0,0,"global memory",,,
160,0,0,2,4,"",FETCH,11111111111111111111111111111111,0,0,"global memory",,,
160,0,0,3,4,"",FETCH,11111111111111111111111111111111,0,0,"global memory",,,
160,0,0,4,4,"",FETCH,11111111111111111111111111111111,0,0,"global memory",,,
160,0,0,5,4,"",FETCH,11111111111111111111111111111111,0,0,"global memory",,,
160,0,0,6,4,"",FETCH,11111111111111111111111111111111,0,0,"global memory",,,
160,0,0,7,4,"",FETCH,11111111111111111111111111111111,0,0,"global memory",,,
160,1,0,8,4,"",FETCH,11111111111111111111111111111111,0,0,"global memory",,,
160,1,0,9,4,"",FETCH,11111111111111111111111111111111,0,0,"global memory",,,
160,1,0,10,4,"",FETCH,11111111111111111111111111111111,0,0,"global memory",,,
160,1,0,11,4,"",FETCH,11111111111111111111111111111111,0,0,"global memory",,,
160,1,0,12,4,"",FETCH,11111111111111111111111111111111,0,0,"global memory",,,
160,1,0,13,4,"",FETCH,11111111111111111111111111111111,0,0,"global memory",,,
160,1,0,14,4,"",FETCH,11111111111111111111111111111111,0,0,"global memory",,,
160,1,0,15,4,"",FETCH,11111111111111111111111111111111,0,0,"global memory",,,
161,0,0,0,4,"",FETCH,11111111111111111111111111111111,0,0,"global memory",,,
161,0,0,1,4,"",FETCH,11111111111111111111111111111111,0,0,"global memory",,,
161,0,0,2,4,"",FETCH,11111111111111111111111111111111,0,0,"global memory",,,
161,0,0,3,4,"",FETCH,11111111111111111111111111111111,0,0,"global memory",,,
161,0,0,4,4,"",FETCH,11111111111111111111111111111111,0,0,"global memory",,,
161,0,0,5,4,"",FETCH,11111111111111111111111111111111,0,0,"global memory",,,
161,0,0,6,4,"",FETCH,11111111111111111111111111111111,0,0,"global memory",,,
161,0,0,7,4,"",FETCH,11111111111111111111111111111111,0,0,"global memory",,,
161,1,0,8,4,"",FETCH,11111111111111111111111111111111,0,0,"global memory",,,
161,1,0,9,4,"",FETCH,11111111111111111111111111111111,0,0,"global memory",,,
161,1,0,10,4,"",FETCH,11111111111111111111111111111111,0,0,"global memory",,,
161,1,0,11,4,"",FETCH,11111111111111111111111111111111,0,0,"global memory",,,
161,1,0,12,4,"",FETCH,11111111111111111111111111111111,0,0,"global memory",,,
161,1,0,13,4,"",FETCH,11111111111111111111111111111111,0,0,"global memory",,,
161,1,0,14,4,"",FETCH,11111111111111111111111111111111,0,0,"global memory",,,
161,1,0,15,4,"",FETCH,11111111111111111111111111111111,0,0,"global memory",,,
162,0,0,0,4,"",FETCH,11111111111111111111111111111111,0,0,"global memory",,,
162,0,0,1,4,"",FETCH,11111111111111111111111111111111,0,0,"global memory",,,
162,0,0,2,4,"",FETCH,11111111111111111111111111111111,0,0,"global memory",,,
162,0,0,3,4,"",FETCH,11111111111111111111111111111111,0,0,"global memory",,,
162,0,0,4,4,"",FETCH,11111111111111111111111111111111,0,0,"global memory",,,
162,0,0,5,4,"",FETCH,11111111111111111111111111111111,0,0,"global memory",,,
162,0,0,6,4,"",FETCH,11111111111111111111111111111111,0,0,"global memory",,,
162,0,0,7,4,"",FETCH,11111111111111111111111111111111,0,0,"global memory",,,
162,1,0,8,4,"",FETCH,11111111111111111111111111111111,0,0,"global memory",,,
162,1,0,9,4,"",FETCH,11111111111111111111111111111111,0,0,"global memory",,,
162,1,0,10,4,"",FETCH,11111111111111111111111111111111,0,0,"global memory",,,
162,1,0,11,4,"",FETCH,11111111111111111111111111111111,0,0,"global memory",,,
162,1,0,12,4,"",FETCH,11111111111111111111111111111111,0,0,"global memory",,,
162,1,0,13,4,"",FETCH,11111111111111111111111111111111,0,0,"global memory",,,
162,1,0,14,4,"",FETCH,11111111111111111111111111111111,0,0,"global memory",,,
162,1,0,15,4,"",FETCH,11111111111111111111111111111111,0,0,"global memory",,,
163,0,0,0,4,"",FETCH,11111111111111111111111111111111,0,0,"global memory",,,
163,0,0,1,4,"",FETCH,11111111111111111111111111111111,0,0,"global memory",,,
163,0,0,2,4,"",FETCH,11111111111111111111111111111111,0,0,"global memory",,,
163,0,0,3,4,"",FETCH,11111111111111111111111111111111,0,0,"global memory",,,
163,0,0,4,4,"",FETCH,11111111111111111111111111111111,0,0,"global memory",,,
163,0,0,5,4,"",FETCH,11111111111111111111111111111111,0,0,"global memory",,,
163,0,0,6,4,"",FETCH,11111111111111111111111111111111,0,0,"global memory",,,
163,0,0,7,4,"",FETCH,11111111111111111111111111111111,0,0,"global memory",,,
163,1,0,8,4,"",FETCH,11111111111111111111111111111111,0,0,"global memory",,,
163,1,0,9,4,"",FETCH,11111111111111111111111111111111,0,0,"global memory",,,
163,1,0,10,4,"",FETCH,11111111111111111111111111111111,0,0,"global memory",,,
163,1,0,11,4,"",FETCH,11111111111111111111111111111111,0,0,"global memory",,,
163,1,0,12,4,"",FETCH,11111111111111111111111111111111,0,0,"global memory",,,
163,1,0,13,4,"",FETCH,11111111111111111111111111111111,0,0,"global memory",,,
163,1,0,14,4,"",FETCH,11111111111111111111111111111111,0,0,"global memory",,,
163,1,0,15,4,"",FETCH,11111111111111111111111111111111,0,0,"global memory",,,
164,0,0,0,4,"",FETCH,11111111111111111111111111111111,0,0,"global memory",,,
164,0,0,1,4,"",FETCH,11111111111111111111111111111111,0,0,"global memory",,,
164,0,0,2,4,"",FETCH,11111111111111111111111111111111,0,0,"global memory",,,
164,0,0,3,4,"",FETCH,11111111111111111111111111111111,0,0,"global memory",,,
164,0,0,4,4,"",FETCH,11111111111111111111111111111111,0,0,"global memory",,,
164,0,0,5,4,"",FETCH,11111111111111111111111111111111,0,0,"global memory",,,
164,0,0,6,4,"",FETCH,11111111111111111111111111111111,0,0,"global memory",,,
164,0,0,7,4,"",FETCH,11111111111111111111111111111111,0,0,"global memory",,,
164,1,0,8,4,"",FETCH,11111111111111111111111111111111,0,0,"global memory",,,
164,1,0,9,4,"",FETCH,11111111111111111111111111111111,0,0,"global memory",,,
164,1,0,10,4,"",FETCH,11111111111111111111111111111111,0,0,"global memory",,,
164,1,0,11,4,"",FETCH,11111111111111111111111111111111,0,0,"global memory",,,
164,1,0,12,4,"",FETCH,11111111111111111111111111111111,0,0,"global memory",,,
164,1,0,13,4,"",FETCH,11111111111111111111111111111111,0,0,"global memory",,,
164,1,0,14,4,"",FETCH,11111111111111111111111111111111,0,0,"global memory",,,
164,1,0,15,4,"",FETCH,11111111111111111111111111111111,0,0,"global memory",,,
165,0,0,0,4,"",FETCH,11111111111111111111111111111111,0,0,"global memory",,,
165,0,0,1,4,"",FETCH,11111111111111111111111111111111,0,0,"global memory",,,
165,0,0,2,4,"",FETCH,11111111111111111111111111111111,0,0,"global memory",,,
165,0,0,3,4,"",FETCH,11111111111111111111111111111111,0,0,"global memory",,,
165,0,0,4,4,"",FETCH,11111111111111111111111111111111,0,0,"global memory",,,
165,0,0,5,4,"",FETCH,11111111111111111111111111111111,0,0,"global memory",,,
165,0,0,6,4,"",FETCH,11111111111111111111111111111111,0,0,"global memory",,,
165,0,0,7,4,"",FETCH,11111111111111111111111111111111,0,0,"global memory",,,
165,1,0,8,4,"",FETCH,11111111111111111111111111111111,0,0,"global memory",,,
165,1,0,9,4,"",FETCH,11111111111111111111111111111111,0,0,"global memory",,,
165,1,0,10,4,"",FETCH,11111111111111111111111111111111,0,0,"global memory",,,
165,1,0,11,4,"",FETCH,11111111111111111111111111111111,0,0,"global memory",,,
165,1,0,12,4,"",FETCH,11111111111111111111111111111111,0,0,"global memory",,,
165,1,0,13,4,"",FETCH,11111111111111111111111111111111,0,0,"global memory",,,
165,1,0,14,4,"",FETCH,11111111111111111111111111111111,0,0,"global memory",,,
165,1,0,15,4,"",FETCH,11111111111111111111111111111111,0,0,"global memory",,,
166,0,0,0,4,"",FETCH,11111111111111111111111111111111,0,0,"global memory",,,
166,0,0,1,4,"",FETCH,11111111111111111111111111111111,0,0,"global memory",,,
166,0,0,2,4,"",FETCH,11111111111111111111111111111111,0,0,"global memory",,,
166,0,0,3,4,"",FETCH,11111111111111111111111111111111,0,0,"global memory",,,
166,0,0,4,4,"",FETCH,11111111111111111111111111111111,0,0,"global memory",,,
166,0,0,5,4,"",FETCH,11111111111111111111111111111111,0,0,"global memory",,,
166,0,0,6,4,"",FETCH,11111111111111111111111111111111,0,0,"global memory",,,
166,0,0,7,4,"",FETCH,11111111111111111111111111111111,0,0,"global memory",,,
166,1,0,8,4,"",FETCH,11111111111111111111111111111111,0,0,"global memory",,,
166,1,0,9,4,"",FETCH,11111111111111111111111111111111,0,0,"global memory",,,
166,1,0,10,4,"",FETCH,11111111111111111111111111111111,0,0,"global memory",,,
166,1,0,11,4,"",FETCH,11111111111111111111111111111111,0,0,"global memory",,,
166,1,0,12,4,"",FETCH,11111111111111111111111111111111,0,0,"global memory",,,
166,1,0,13,4,"",FETCH,11111111111111111111111111111111,0,0,"global memory",,,
166,1,0,14,4,"",FETCH,11111111111111111111111111111111,0,0,"global memory",,,
166,1,0,15,4,"",FETCH,11111111111111111111111111111111,0,0,"global memory",,,
167,0,0,0,4,"",FETCH,11111111111111111111111111111111,0,0,"global memory",,,
167,0,0,1,4,"",FETCH,11111111111111111111111111111111,0,0,"global memory",,,
167,0,0,2,4,"",FETCH,11111111111111111111111111111111,0,0,"global memory",,,
167,0,0,3,4,"",FETCH,11111111111111111111111111111111,0,0,"global memory",,,
167,0,0,4,4,"",FETCH,11111111111111111111111111111111,0,0,"global memory",,,
167,0,0,5,4,"",FETCH,11111111111111111111111111111111,0,0,"global memory",,,
167,0,0,6,4,"",FETCH,11111111111111111111111111111111,0,0,"global memory",,,
167,0,0,7,4,"",FETCH,11111111111111111111111111111111,0,0,"global memory",,,
167,1,0,8,4,"",FETCH,11111111111111111111111111111111,0,0,"global memory",,,
167,1,0,9,4,"",FETCH,11111111111111111111111111111111,0,0,"global memory",,,
167,1,0,10,4,"",FETCH,11111111111111111111111111111111,0,0,"global memory",,,
167,1,0,11,4,"",FETCH,11111111111111111111111111111111,0,0,"global memory",,,
167,1,0,12,4,"",FETCH,11111111111111111111111111111111,0,0,"global memory",,,
167,1,0,13,4,"",FETCH,11111111111111111111111111111111,0,0,"global memory",,,
167,1,0,14,4,"",FETCH,11111111111111111111111111111111,0,0,"global memory",,,
167,1,0,15,4,"",FETCH,11111111111111111111111111111111,0,0,"global memory",,,
168,0,0,0,4,"",FETCH,11111111111111111111111111111111,0,0,"global memory",,,
168,0,0,1,4,"",FETCH,11111111111111111111111111111111,0,0,"global memory",,,
168,0,0,2,4,"",FETCH,11111111111111111111111111111111,0,0,"global memory",,,
168,0,0,3,4,"",FETCH,11111111111111111111111111111111,0,0,"global memory",,,
168,0,0,4,4,"",FETCH,11111111111111111111111111111111,0,0,"global memory",,,
168,0,0,5,4,"",FETCH,11111111111111111111111111111111,0,0,"global memory",,,
168,0,0,6,4,"",FETCH,11111111111111111111111111111111,0,0,"global memory",,,
168,0,0,7,4,"",FETCH,11111111111111111111111111111111,0,0,"global memory",,,
168,1,0,8,4,"",FETCH,11111111111111111111111111111111,0,0,"global memory",,,
168,1,0,9,4,"",FETCH,11111111111111111111111111111111,0,0,"global memory",,,
168,1,0,10,4,"",FETCH,11111111111111111111111111111111,0,0,"global memory",,,
168,1,0,11,4,"",FETCH,11111111111111111111111111111111,0,0,"global memory",,,
168,1,0,12,4,"",FETCH,11111111111111111111111111111111,0,0,"global memory",,,
168,1,0,13,4,"",FETCH,11111111111111111111111111111111,0,0,"global memory",,,
168,1,0,14,4,"",FETCH,11111111111111111111111111111111,0,0,"global memory",,,
168,1,0,15,4,"",FETCH,11111111111111111111111111111111,0,0,"global memory",,,
169,0,0,0,4,"",FETCH,11111111111111111111111111111111,0,0,"global memory",,,
169,0,0,1,4,"",FETCH,11111111111111111111111111111111,0,0,"global memory",,,
169,0,0,2,4,"",FETCH,11111111111111111111111111111111,0,0,"global memory",,,
169,0,0,3,4,"",FETCH,11111111111111111111111111111111,0,0,"global memory",,,
169,0,0,4,4,"",FETCH,11111111111111111111111111111111,0,0,"global memory",,,
169,0,0,5,4,"",FETCH,11111111111111111111111111111111,0,0,"global memory",,,
169,0,0,6,4,"",FETCH,11111111111111111111111111111111,0,0,"global memory",,,
169,0,0,7,4,"",FETCH,11111111111111111111111111111111,0,0,"global memory",,,
169,1,0,8,4,"",FETCH,11111111111111111111111111111111,0,0,"global memory",,,
169,1,0,9,4,"",FETCH,11111111111111111111111111111111,0,0,"global memory",,,
169,1,0,10,4,"",FETCH,11111111111111111111111111111111,0,0,"global memory",,,
169,1,0,11,4,"",FETCH,11111111111111111111111111111111,0,0,"global memory",,,
169,1,0,12,4,"",FETCH,11111111111111111111111111111111,0,0,"global memory",,,
169,1,0,13,4,"",FETCH,11111111111111111111111111111111,0,0,"global memory",,,
169,1,0,14,4,"",FETCH,11111111111111111111111111111111,0,0,"global memory",,,
169,1,0,15,4,"",FETCH,11111111111111111111111111111111,0,0,"global memory",,,
170,0,0,0,4,"",FETCH,11111111111111111111111111111111,0,0,"global memory",,,
170,0,0,1,4,"",FETCH,11111111111111111111111111111111,0,0,"global memory",,,
170,0,0,2,4,"",FETCH,11111111111111111111111111111111,0,0,"global memory",,,
170,0,0,3,4,"",FETCH,11111111111111111111111111111111,0,0,"global memory",,,
170,0,0,4,4,"",FETCH,11111111111111111111111111111111,0,0,"global memory",,,
170,0,0,5,4,"",FETCH,11111111111111111111111111111111,0,0,"global memory",,,
170,0,0,6,4,"",FETCH,11111111111111111111111111111111,0,0,"global memory",,,
170,0,0,7,4,"",FETCH,11111111111111111111111111111111,0,0,"global memory",,,
170,1,0,8,4,"",FETCH,11111111111111111111111111111111,0,0,"global memory",,,
170,1,0,9,4,"",FETCH,11111111111111111111111111111111,0,0,"global memory",,,
170,1,0,10,4,"",FETCH,11111111111111111111111111111111,0,0,"global memory",,,
170,1,0,11,4,"",FETCH,11111111111111111111111111111111,0,0,"global memory",,,
170,1,0,12,4,"",FETCH,11111111111111111111111111111111,0,0,"global memory",,,
170,1,0,13,4,"",FETCH,11111111111111111111111111111111,0,0,"global memory",,,
170,1,0,14,4,"",FETCH,11111111111111111111111111111111,0,0,"global memory",,,
170,1,0,15,4,"",FETCH,11111111111111111111111111111111,0,0,"global memory",,,
171,0,0,0,4,"",FETCH,11111111111111111111111111111111,0,0,"global memory",,,
171,0,0,1,4,"",FETCH,11111111111111111111111111111111,0,0,"global memory",,,
171,0,0,2,4,"",FETCH,11111111111111111111111111111111,0,0,"global memory",,,
171,0,0,3,4,"",FETCH,11111111111111111111111111111111,0,0,"global memory",,,
171,0,0,4,4,"",FETCH,11111111111111111111111111111111,0,0,"global memory",,,
171,0,0,5,4,"",FETCH,11111111111111111111111111111111,0,0,"global memory",,,
171,0,0,6,4,"",FETCH,11111111111111111111111111111111,0,0,"global memory",,,
171,0,0,7,4,"",FETCH,11111111111111111111111111111111,0,0,"global memory",,,
171,1,0,8,4,"",FETCH,11111111111111111111111111111111,0,0,"global memory",,,
171,1,0,9,4,"",FETCH,11111111111111111111111111111111,0,0,"global memory",,,
171,1,0,10,4,"",FETCH,11111111111111111111111111111111,0,0,"global memory",,,
171,1,0,11,4,"",FETCH,11111111111111111111111111111111,0,0,"global memory",,,
171,1,0,12,4,"",FETCH,11111111111111111111111111111111,0,0,"global memory",,,
171,1,0,13,4,"",FETCH,11111111111111111111111111111111,0,0,"global memory",,,
171,1,0,14,4,"",FETCH,11111111111111111111111111111111,0,0,"global memory",,,
171,1,0,15,4,"",FETCH,11111111111111111111111111111111,0,0,"global memory",,,
172,0,0,0,4,"",FETCH,11111111111111111111111111111111,0,0,"global memory",,,
172,0,0,1,4,"",FETCH,11111111111111111111111111111111,0,0,"global memory",,,
172,0,0,2,4,"",FETCH,11111111111111111111111111111111,0,0,"global memory",,,
172,0,0,3,4,"",FETCH,11111111111111111111111111111111,0,0,"global memory",,,
172,0,0,4,4,"",FETCH,11111111111111111111111111111111,0,0,"global memory",,,
172,0,0,5,4,"",FETCH,11111111111111111111111111111111,0,0,"global memory",,,
172,0,0,6,4,"",FETCH,11111111111111111111111111111111,0,0,"global memory",,,
172,0,0,7,4,"",FETCH,11111111111111111111111111111111,0,0,"global memory",,,
172,1,0,8,4,"",FETCH,11111111111111111111111111111111,0,0,"global memory",,,
172,1,0,9,4,"",FETCH,11111111111111111111111111111111,0,0,"global memory",,,
172,1,0,10,4,"",FETCH,11111111111111111111111111111111,0,0,"global memory",,,
172,1,0,11,4,"",FETCH,11111111111111111111111111111111,0,0,"global memory",,,
172,1,0,12,4,"",FETCH,11111111111111111111111111111111,0,0,"global memory",,,
172,1,0,13,4,"",FETCH,11111111111111111111111111111111,0,0,"global memory",,,
172,1,0,14,4,"",FETCH,11111111111111111111111111111111,0,0,"global memory",,,
172,1,0,15,4,"",FETCH,11111111111111111111111111111111,0,0,"global memory",,,
173,0,0,0,4,"",FETCH,11111111111111111111111111111111,0,0,"global memory",,,
173,0,0,1,4,"",FETCH,11111111111111111111111111111111,0,0,"global memory",,,
173,0,0,2,4,"",FETCH,11111111111111111111111111111111,0,0,"global memory",,,
173,0,0,3,4,"",FETCH,11111111111111111111111111111111,0,0,"global memory",,,
173,0,0,4,4,"",FETCH,11111111111111111111111111111111,0,0,"global memory",,,
173,0,0,5,4,"",FETCH,11111111111111111111111111111111,0,0,"global memory",,,
173,0,0,6,4,"",FETCH,11111111111111111111111111111111,0,0,"global memory",,,
173,0,0,7,4,"",FETCH,11111111111111111111111111111111,0,0,"global memory",,,
173,1,0,8,4,"",FETCH,11111111111111111111111111111111,0,0,"global memory",,,
173,1,0,9,4,"",FETCH,11111111111111111111111111111111,0,0,"global memory",,,
173,1,0,10,4,"",FETCH,11111111111111111111111111111111,0,0,"global memory",,,
173,1,0,11,4,"",FETCH,11111111111111111111111111111111,0,0,"global memory",,,
173,1,0,12,4,"",FETCH,11111111111111111111111111111111,0,0,"global memory",,,
173,1,0,13,4,"",FETCH,11111111111111111111111111111111,0,0,"global memory",,,
173,1,0,14,4,"",FETCH,11111111111111111111111111111111,0,0,"global memory",,,
173,1,0,15,4,"",FETCH,11111111111111111111111111111111,0,0,"global memory",,,
174,0,0,0,4,"",FETCH,11111111111111111111111111111111,0,0,"global memory",,,
174,0,0,1,4,"",FETCH,11111111111111111111111111111111,0,0,"global memory",,,
174,0,0,2,4,"",FETCH,11111111111111111111111111111111,0,0,"global memory",,,
174,0,0,3,4,"",FETCH,11111111111111111111111111111111,0,0,"global memory",,,
174,0,0,4,4,"",FETCH,11111111111111111111111111111111,0,0,"global memory",,,
174,0,0,5,4,"",FETCH,11111111111111111111111111111111,0,0,"global memory",,,
174,0,0,6,4,"",FETCH,11111111111111111111111111111111,0,0,"global memory",,,
174,0,0,7,4,"",FETCH,11111111111111111111111111111111,0,0,"global memory",,,
174,1,0,8,4,"",FETCH,11111111111111111111111111111111,0,0,"global memory",,,
174,1,0,9,4,"",FETCH,11111111111111111111111111111111,0,0,"global memory",,,
174,1,0,10,4,"",FETCH,11111111111111111111111111111111,0,0,"global memory",,,
174,1,0,11,4,"",FETCH,11111111111111111111111111111111,0,0,"global memory",,,
174,1,0,12,4,"",FETCH,11111111111111111111111111111111,0,0,"global memory",,,
174,1,0,13,4,"",FETCH,11111111111111111111111111111111,0,0,"global memory",,,
174,1,0,14,4,"",FETCH,11111111111111111111111111111111,0,0,"global memory",,,
174,1,0,15,4,"",FETCH,11111111111111111111111111111111,0,0,"global memory",,,
175,0,0,0,4,"",FETCH,11111111111111111111111111111111,0,0,"global memory",,,
175,0,0,1,4,"",FETCH,11111111111111111111111111111111,0,0,"global memory",,,
175,0,0,2,4,"",FETCH,11111111111111111111111111111111,0,0,"global memory",,,
175,0,0,3,4,"",FETCH,11111111111111111111111111111111,0,0,"global memory",,,
175,0,0,4,4,"",FETCH,11111111111111111111111111111111,0,0,"global memory",,,
175,0,0,5,4,"",FETCH,11111111111111111111111111111111,0,0,"global memory",,,
175,0,0,6,4,"",FETCH,11111111111111111111111111111111,0,0,"global memory",,,
175,0,0,7,4,"",FETCH,11111111111111111111111111111111,0,0,"global memory",,,
175,1,0,8,4,"",FETCH,11111111111111111111111111111111,0,0,"global memory",,,
175,1,0,9,4,"",FETCH,11111111111111111111111111111111,0,0,"global memory",,,
175,1,0,10,4,"",FETCH,11111111111111111111111111111111,0,0,"global memory",,,
175,1,0,11,4,"",FETCH,11111111111111111111111111111111,0,0,"global memory",,,
175,1,0,12,4,"",FETCH,11111111111111111111111111111111,0,0,"global memory",,,
175,1,0,13,4,"",FETCH,11111111111111111111111111111111,0,0,"global memory",,,
175,1,0,14,4,"",FETCH,11111111111111111111111111111111,0,0,"global memory",,,
175,1,0,15,4,"",FETCH,11111111111111111111111111111111,0,0,"global memory",,,
176,0,0,0,4,"",FETCH,11111111111111111111111111111111,0,0,"global memory",,,
176,0,0,1,4,"",FETCH,11111111111111111111111111111111,0,0,"global memory",,,
176,0,0,2,4,"",FETCH,11111111111111111111111111111111,0,0,"global memory",,,
176,0,0,3,4,"",FETCH,11111111111111111111111111111111,0,0,"global memory",,,
176,0,0,4,4,"",FETCH,11111111111111111111111111111111,0,0,"global memory",,,
176,0,0,5,4,"",FETCH,11111111111111111111111111111111,0,0,"global memory",,,
176,0,0,6,4,"",FETCH,11111111111111111111111111111111,0,0,"global memory",,,
176,0,0,7,4,"",FETCH,11111111111111111111111111111111,0,0,"global memory",,,
176,1,0,8,4,"",FETCH,11111111111111111111111111111111,0,0,"global memory",,,
176,1,0,9,4,"",FETCH,11111111111111111111111111111111,0,0,"global memory",,,
176,1,0,10,4,"",FETCH,11111111111111111111111111111111,0,0,"global memory",,,
176,1,0,11,4,"",FETCH,11111111111111111111111111111111,0,0,"global memory",,,
176,1,0,12,4,"",FETCH,11111111111111111111111111111111,0,0,"global memory",,,
176,1,0,13,4,"",FETCH,11111111111111111111111111111111,0,0,"global memory",,,
176,1,0,14,4,"",FETCH,11111111111111111111111111111111,0,0,"global memory",,,
176,1,0,15,4,"",FETCH,11111111111111111111111111111111,0,0,"global memory",,,
177,0,0,0,4,"",FETCH,11111111111111111111111111111111,0,0,"global memory",,,
177,0,0,1,4,"",FETCH,11111111111111111111111111111111,0,0,"global memory",,,
177,0,0,2,4,"",FETCH,11111111111111111111111111111111,0,0,"global memory",,,
177,0,0,3,4,"",FETCH,11111111111111111111111111111111,0,0,"global memory",,,
177,0,0,4,4,"",FETCH,11111111111111111111111111111111,0,0,"global memory",,,
177,0,0,5,4,"",FETCH,11111111111111111111111111111111,0,0,"global memory",,,
177,0,0,6,4,"",FETCH,11111111111111111111111111111111,0,0,"global memory",,,
177,0,0,7,4,"",FETCH,11111111111111111111111111111111,0,0,"global memory",,,
177,1,0,8,4,"",FETCH,11111111111111111111111111111111,0,0,"global memory",,,
177,1,0,9,4,"",FETCH,11111111111111111111111111111111,0,0,"global memory",,,
177,1,0,10,4,"",FETCH,11111111111111111111111111111111,0,0,"global memory",,,
177,1,0,11,4,"",FETCH,11111111111111111111111111111111,0,0,"global memory",,,
177,1,0,12,4,"",FETCH,11111111111111111111111111111111,0,0,"global memory",,,
177,1,0,13,4,"",FETCH,11111111111111111111111111111111,0,0,"global memory",,,
177,1,0,14,4,"",FETCH,11111111111111111111111111111111,0,0,"global memory",,,
177,1,0,15,4,"",FETCH,11111111111111111111111111111111,0,0,"global memory",,,
178,0,0,0,4,"",FETCH,11111111111111111111111111111111,0,0,"global memory",,,
178,0,0,1,4,"",FETCH,11111111111111111111111111111111,0,0,"global memory",,,
178,0,0,2,4,"",FETCH,11111111111111111111111111111111,0,0,"global memory",,,
178,0,0,3,4,"",FETCH,11111111111111111111111111111111,0,0,"global memory",,,
178,0,0,4,4,"",FETCH,11111111111111111111111111111111,0,0,"global memory",,,
178,0,0,5,4,"",FETCH,11111111111111111111111111111111,0,0,"global memory",,,
178,0,0,6,4,"",FETCH,11111111111111111111111111111111,0,0,"global memory",,,
178,0,0,7,4,"",FETCH,11111111111111111111111111111111,0,0,"global memory",,,
178,1,0,8,4,"",FETCH,11111111111111111111111111111111,0,0,"global memory",,,
178,1,0,9,4,"",FETCH,11111111111111111111111111111111,0,0,"global memory",,,
178,1,0,10,4,"",FETCH,11111111111111111111111111111111,0,0,"global memory",,,
178,1,0,11,4,"",FETCH,11111111111111111111111111111111,0,0,"global memory",,,
178,1,0,12,4,"",FETCH,11111111111111111111111111111111,0,0,"global memory",,,
178,1,0,13,4,"",FETCH,11111111111111111111111111111111,0,0,"global memory",,,
178,1,0,14,4,"",FETCH,11111111111111111111111111111111,0,0,"global memory",,,
178,1,0,15,4,"",FETCH,11111111111111111111111111111111,0,0,"global memory",,,
179,0,0,0,4,"",FETCH,11111111111111111111111111111111,0,0,"global memory",,,
179,0,0,1,4,"",FETCH,11111111111111111111111111111111,0,0,"global memory",,,
179,0,0,2,4,"",FETCH,11111111111111111111111111111111,0,0,"global memory",,,
179,0,0,3,4,"",FETCH,11111111111111111111111111111111,0,0,"global memory",,,
179,0,0,4,4,"",FETCH,11111111111111111111111111111111,0,0,"global memory",,,
179,0,0,5,4,"",FETCH,11111111111111111111111111111111,0,0,"global memory",,,
179,0,0,6,4,"",FETCH,11111111111111111111111111111111,0,0,"global memory",,,
179,0,0,7,4,"",FETCH,11111111111111111111111111111111,0,0,"global memory",,,
179,1,0,8,4,"",FETCH,11111111111111111111111111111111,0,0,"global memory",,,
179,1,0,9,4,"",FETCH,11111111111111111111111111111111,0,0,"global memory",,,
179,1,0,10,4,"",FETCH,11111111111111111111111111111111,0,0,"global memory",,,
179,1,0,11,4,"",FETCH,11111111111111111111111111111111,0,0,"global memory",,,
179,1,0,12,4,"",FETCH,11111111111111111111111111111111,0,0,"global memory",,,
179,1,0,13,4,"",FETCH,11111111111111111111111111111111,0,0,"global memory",,,
179,1,0,14,4,"",FETCH,11111111111111111111111111111111,0,0,"global memory",,,
179,1,0,15,4,"",FETCH,11111111111111111111111111111111,0,0,"global memory",,,
180,0,0,0,4,"",FETCH,11111111111111111111111111111111,0,0,"global memory",,,
180,0,0,1,4,"",FETCH,11111111111111111111111111111111,0,0,"global memory",,,
180,0,0,2,4,"",FETCH,11111111111111111111111111111111,0,0,"global memory",,,
180,0,0,3,4,"",FETCH,11111111111111111111111111111111,0,0,"global memory",,,
180,0,0,4,4,"",FETCH,11111111111111111111111111111111,0,0,"global memory",,,
180,0,0,5,4,"",FETCH,11111111111111111111111111111111,0,0,"global memory",,,
180,0,0,6,4,"",FETCH,11111111111111111111111111111111,0,0,"global memory",,,
180,0,0,7,4,"",FETCH,11111111111111111111111111111111,0,0,"global memory",,,
180,1,0,8,4,"",FETCH,11111111111111111111111111111111,0,0,"global memory",,,
180,1,0,9,4,"",FETCH,11111111111111111111111111111111,0,0,"global memory",,,
180,1,0,10,4,"",FETCH,11111111111111111111111111111111,0,0,"global memory",,,
180,1,0,11,4,"",FETCH,11111111111111111111111111111111,0,0,"global memory",,,
180,1,0,12,4,"",FETCH,11111111111111111111111111111111,0,0,"global memory",,,
180,1,0,13,4,"",FETCH,11111111111111111111111111111111,0,0,"global memory",,,
180,1,0,14,4,"",FETCH,11111111111111111111111111111111,0,0,"global memory",,,
180,1,0,15,4,"",FETCH,11111111111111111111111111111111,0,0,"global memory",,,
181,0,0,0,4,"",FETCH,11111111111111111111111111111111,0,0,"global memory",,,
181,0,0,1,4,"",FETCH,11111111111111111111111111111111,0,0,"global memory",,,
181,0,0,2,4,"",FETCH,11111111111111111111111111111111,0,0,"global memory",,,
181,0,0,3,4,"",FETCH,11111111111111111111111111111111,0,0,"global memory",,,
181,0,0,4,4,"",FETCH,11111111111111111111111111111111,0,0,"global memory",,,
181,0,0,5,4,"",FETCH,11111111111111111111111111111111,0,0,"global memory",,,
181,0,0,6,4,"",FETCH,11111111111111111111111111111111,0,0,"global memory",,,
181,0,0,7,4,"",FETCH,11111111111111111111111111111111,0,0,"global memory",,,
181,1,0,8,4,"",FETCH,11111111111111111111111111111111,0,0,"global memory",,,
181,1,0,9,4,"",FETCH,11111111111111111111111111111111,0,0,"global memory",,,
181,1,0,10,4,"",FETCH,11111111111111111111111111111111,0,0,"global memory",,,
181,1,0,11,4,"",FETCH,11111111111111111111111111111111,0,0,"global memory",,,
181,1,0,12,4,"",FETCH,11111111111111111111111111111111,0,0,"global memory",,,
181,1,0,13,4,"",FETCH,11111111111111111111111111111111,0,0,"global memory",,,
181,1,0,14,4,"",FETCH,11111111111111111111111111111111,0,0,"global memory",,,
181,1,0,15,4,"",FETCH,11111111111111111111111111111111,0,0,"global memory",,,
182,0,0,0,4,"",FETCH,11111111111111111111111111111111,0,0,"global memory",,,
182,0,0,1,4,"",FETCH,11111111111111111111111111111111,0,0,"global memory",,,
182,0,0,2,4,"",FETCH,11111111111111111111111111111111,0,0,"global memory",,,
182,0,0,3,4,"",FETCH,11111111111111111111111111111111,0,0,"global memory",,,
182,0,0,4,4,"",FETCH,11111111111111111111111111111111,0,0,"global memory",,,
182,0,0,5,4,"",FETCH,11111111111111111111111111111111,0,0,"global memory",,,
182,0,0,6,4,"",FETCH,11111111111111111111111111111111,0,0,"global memory",,,
182,0,0,7,4,"",FETCH,11111111111111111111111111111111,0,0,"global memory",,,
182,1,0,8,4,"",FETCH,11111111111111111111111111111111,0,0,"global memory",,,
182,1,0,9,4,"",FETCH,11111111111111111111111111111111,0,0,"global memory",,,
182,1,0,10,4,"",FETCH,11111111111111111111111111111111,0,0,"global memory",,,
182,1,0,11,4,"",FETCH,11111111111111111111111111111111,0,0,"global memory",,,
182,1,0,12,4,"",FETCH,11111111111111111111111111111111,0,0,"global memory",,,
182,1,0,13,4,"",FETCH,11111111111111111111111111111111,0,0,"global memory",,,
182,1,0,14,4,"",FETCH,11111111111111111111111111111111,0,0,"global memory",,,
182,1,0,15,4,"",FETCH,11111111111111111111111111111111,0,0,"global memory",,,
183,0,0,0,4,"",FETCH,11111111111111111111111111111111,0,0,"global memory",,,
183,0,0,1,4,"",FETCH,11111111111111111111111111111111,0,0,"global memory",,,
183,0,0,2,4,"",FETCH,11111111111111111111111111111111,0,0,"global memory",,,
183,0,0,3,4,"",FETCH,11111111111111111111111111111111,0,0,"global memory",,,
183,0,0,4,4,"",FETCH,11111111111111111111111111111111,0,0,"global memory",,,
183,0,0,5,4,"",FETCH,11111111111111111111111111111111,0,0,"global memory",,,
183,0,0,6,4,"",FETCH,11111111111111111111111111111111,0,0,"global memory",,,
183,0,0,7,4,"",FETCH,11111111111111111111111111111111,0,0,"global memory",,,
183,1,0,8,4,"",FETCH,11111111111111111111111111111111,0,0,"global memory",,,
183,1,0,9,4,"",FETCH,11111111111111111111111111111111,0,0,"global memory",,,
183,1,0,10,4,"",FETCH,11111111111111111111111111111111,0,0,"global memory",,,
183,1,0,11,4,"",FETCH,11111111111111111111111111111111,0,0,"global memory",,,
183,1,0,12,4,"",FETCH,11111111111111111111111111111111,0,0,"global memory",,,
183,1,0,13,4,"",FETCH,11111111111111111111111111111111,0,0,"global memory",,,
183,1,0,14,4,"",FETCH,11111111111111111111111111111111,0,0,"global memory",,,
183,1,0,15,4,"",FETCH,11111111111111111111111111111111,0,0,"global memory",,,
184,0,0,0,4,"",FETCH,11111111111111111111111111111111,0,0,"global memory",,,
184,0,0,1,4,"",FETCH,11111111111111111111111111111111,0,0,"global memory",,,
184,0,0,2,4,"",FETCH,11111111111111111111111111111111,0,0,"global memory",,,
184,0,0,3,4,"",FETCH,11111111111111111111111111111111,0,0,"global memory",,,
184,0,0,4,4,"",FETCH,11111111111111111111111111111111,0,0,"global memory",,,
184,0,0,5,4,"",FETCH,11111111111111111111111111111111,0,0,"global memory",,,
184,0,0,6,4,"",FETCH,11111111111111111111111111111111,0,0,"global memory",,,
184,0,0,7,4,"",FETCH,11111111111111111111111111111111,0,0,"global memory",,,
184,1,0,8,4,"",FETCH,11111111111111111111111111111111,0,0,"global memory",,,
184,1,0,9,4,"",FETCH,11111111111111111111111111111111,0,0,"global memory",,,
184,1,0,10,4,"",FETCH,11111111111111111111111111111111,0,0,"global memory",,,
184,1,0,11,4,"",FETCH,11111111111111111111111111111111,0,0,"global memory",,,
184,1,0,12,4,"",FETCH,11111111111111111111111111111111,0,0,"global memory",,,
184,1,0,13,4,"",FETCH,11111111111111111111111111111111,0,0,"global memory",,,
184,1,0,14,4,"",FETCH,11111111111111111111111111111111,0,0,"global memory",,,
184,1,0,15,4,"",FETCH,11111111111111111111111111111111,0,0,"global memory",,,
185,0,0,0,4,"",FETCH,11111111111111111111111111111111,0,0,"global memory",,,
185,0,0,1,4,"",FETCH,11111111111111111111111111111111,0,0,"global memory",,,
185,0,0,2,4,"",FETCH,11111111111111111111111111111111,0,0,"global memory",,,
185,0,0,3,4,"",FETCH,11111111111111111111111111111111,0,0,"global memory",,,
185,0,0,4,4,"",FETCH,11111111111111111111111111111111,0,0,"global memory",,,
185,0,0,5,4,"",FETCH,11111111111111111111111111111111,0,0,"global memory",,,
185,0,0,6,4,"",FETCH,11111111111111111111111111111111,0,0,"global memory",,,
185,0,0,7,4,"",FETCH,11111111111111111111111111111111,0,0,"global memory",,,
185,1,0,8,4,"",FETCH,11111111111111111111111111111111,0,0,"global memory",,,
185,1,0,9,4,"",FETCH,11111111111111111111111111111111,0,0,"global memory",,,
185,1,0,10,4,"",FETCH,11111111111111111111111111111111,0,0,"global memory",,,
185,1,0,11,4,"",FETCH,11111111111111111111111111111111,0,0,"global memory",,,
185,1,0,12,4,"",FETCH,11111111111111111111111111111111,0,0,"global memory",,,
185,1,0,13,4,"",FETCH,11111111111111111111111111111111,0,0,"global memory",,,
185,1,0,14,4,"",FETCH,11111111111111111111111111111111,0,0,"global memory",,,
185,1,0,15,4,"",FETCH,11111111111111111111111111111111,0,0,"global memory",,,
186,0,0,0,4,"",FETCH,11111111111111111111111111111111,0,0,"global memory",,,
186,0,0,1,4,"",FETCH,11111111111111111111111111111111,0,0,"global memory",,,
186,0,0,2,4,"",FETCH,11111111111111111111111111111111,0,0,"global memory",,,
186,0,0,3,4,"",FETCH,11111111111111111111111111111111,0,0,"global memory",,,
186,0,0,4,4,"",FETCH,11111111111111111111111111111111,0,0,"global memory",,,
186,0,0,5,4,"",FETCH,11111111111111111111111111111111,0,0,"global memory",,,
186,0,0,6,4,"",FETCH,11111111111111111111111111111111,0,0,"global memory",,,
186,0,0,7,4,"",FETCH,11111111111111111111111111111111,0,0,"global memory",,,
186,1,0,8,4,"",FETCH,11111111111111111111111111111111,0,0,"global memory",,,
186,1,0,9,4,"",FETCH,11111111111111111111111111111111,0,0,"global memory",,,
186,1,0,10,4,"",FETCH,11111111111111111111111111111111,0,0,"global memory",,,
186,1,0,11,4,"",FETCH,11111111111111111111111111111111,0,0,"global memory",,,
186,1,0,12,4,"",FETCH,11111111111111111111111111111111,0,0,"global memory",,,
186,1,0,13,4,"",FETCH,11111111111111111111111111111111,0,0,"global memory",,,
186,1,0,14,4,"",FETCH,11111111111111111111111111111111,0,0,"global memory",,,
186,1,0,15,4,"",FETCH,11111111111111111111111111111111,0,0,"global memory",,,
187,0,0,0,4,"",FETCH,11111111111111111111111111111111,0,0,"global memory",,,
187,0,0,1,4,"",FETCH,11111111111111111111111111111111,0,0,"global memory",,,
187,0,0,2,4,"",FETCH,11111111111111111111111111111111,0,0,"global memory",,,
187,0,0,3,4,"",FETCH,11111111111111111111111111111111,0,0,"global memory",,,
187,0,0,4,4,"",FETCH,11111111111111111111111111111111,0,0,"global memory",,,
187,0,0,5,4,"",FETCH,11111111111111111111111111111111,0,0,"global memory",,,
187,0,0,6,4,"",FETCH,11111111111111111111111111111111,0,0,"global memory",,,
187,0,0,7,4,"",FETCH,11111111111111111111111111111111,0,0,"global memory",,,
187,1,0,8,4,"",FETCH,11111111111111111111111111111111,0,0,"global memory",,,
187,1,0,9,4,"",FETCH,11111111111111111111111111111111,0,0,"global memory",,,
187,1,0,10,4,"",FETCH,11111111111111111111111111111111,0,0,"global memory",,,
187,1,0,11,4,"",FETCH,11111111111111111111111111111111,0,0,"global memory",,,
187,1,0,12,4,"",FETCH,11111111111111111111111111111111,0,0,"global memory",,,
187,1,0,13,4,"",FETCH,11111111111111111111111111111111,0,0,"global memory",,,
187,1,0,14,4,"",FETCH,11111111111111111111111111111111,0,0,"global memory",,,
187,1,0,15,4,"",FETCH,11111111111111111111111111111111,0,0,"global memory",,,
188,0,0,0,4,"",FETCH,11111111111111111111111111111111,0,0,"global memory",,,
188,0,0,1,4,"",FETCH,11111111111111111111111111111111,0,0,"global memory",,,
188,0,0,2,4,"",FETCH,11111111111111111111111111111111,0,0,"global memory",,,
188,0,0,3,4,"",FETCH,11111111111111111111111111111111,0,0,"global memory",,,
188,0,0,4,4,"",FETCH,11111111111111111111111111111111,0,0,"global memory",,,
188,0,0,5,4,"",FETCH,11111111111111111111111111111111,0,0,"global memory",,,
188,0,0,6,4,"",FETCH,11111111111111111111111111111111,0,0,"global memory",,,
188,0,0,7,4,"",FETCH,11111111111111111111111111111111,0,0,"global memory",,,
188,1,0,8,4,"",FETCH,11111111111111111111111111111111,0,0,"global memory",,,
188,1,0,9,4,"",FETCH,11111111111111111111111111111111,0,0,"global memory",,,
188,1,0,10,4,"",FETCH,11111111111111111111111111111111,0,0,"global memory",,,
188,1,0,11,4,"",FETCH,11111111111111111111111111111111,0,0,"global memory",,,
188,1,0,12,4,"",FETCH,11111111111111111111111111111111,0,0,"global memory",,,
188,1,0,13,4,"",FETCH,11111111111111111111111111111111,0,0,"global memory",,,
188,1,0,14,4,"",FETCH,11111111111111111111111111111111,0,0,"global memory",,,
188,1,0,15,4,"",FETCH,11111111111111111111111111111111,0,0,"global memory",,,
189,0,0,0,4,"",FETCH,11111111111111111111111111111111,0,0,"global memory",,,
189,0,0,1,4,"",FETCH,11111111111111111111111111111111,0,0,"global memory",,,
189,0,0,2,4,"",FETCH,11111111111111111111111111111111,0,0,"global memory",,,
189,0,0,3,4,"",FETCH,11111111111111111111111111111111,0,0,"global memory",,,
189,0,0,4,4,"",FETCH,11111111111111111111111111111111,0,0,"global memory",,,
189,0,0,5,4,"",FETCH,11111111111111111111111111111111,0,0,"global memory",,,
189,0,0,6,4,"",FETCH,11111111111111111111111111111111,0,0,"global memory",,,
189,0,0,7,4,"",FETCH,11111111111111111111111111111111,0,0,"global memory",,,
189,1,0,8,4,"",FETCH,11111111111111111111111111111111,0,0,"global memory",,,
189,1,0,9,4,"",FETCH,11111111111111111111111111111111,0,0,"global memory",,,
189,1,0,10,4,"",FETCH,11111111111111111111111111111111,0,0,"global memory",,,
189,1,0,11,4,"",FETCH,11111111111111111111111111111111,0,0,"global memory",,,
189,1,0,12,4,"",FETCH,11111111111111111111111111111111,0,0,"global memory",,,
189,1,0,13,4,"",FETCH,11111111111111111111111111111111,0,0,"global memory",,,
189,1,0,14,4,"",FETCH,11111111111111111111111111111111,0,0,"global memory",,,
189,1,0,15,4,"",FETCH,11111111111111111111111111111111,0,0,"global memory",,,
190,0,0,0,4,"",FETCH,11111111111111111111111111111111,0,0,"global memory",,,
190,0,0,1,4,"",FETCH,11111111111111111111111111111111,0,0,"global memory",,,
190,0,0,2,4,"",FETCH,11111111111111111111111111111111,0,0,"global memory",,,
190,0,0,3,4,"",FETCH,11111111111111111111111111111111,0,0,"global memory",,,
190,0,0,4,4,"",FETCH,11111111111111111111111111111111,0,0,"global memory",,,
190,0,0,5,4,"",FETCH,11111111111111111111111111111111,0,0,"global memory",,,
190,0,0,6,4,"",FETCH,11111111111111111111111111111111,0,0,"global memory",,,
190,0,0,7,4,"",FETCH,11111111111111111111111111111111,0,0,"global memory",,,
190,1,0,8,4,"",FETCH,11111111111111111111111111111111,0,0,"global memory",,,
190,1,0,9,4,"",FETCH,11111111111111111111111111111111,0,0,"global memory",,,
190,1,0,10,4,"",FETCH,11111111111111111111111111111111,0,0,"global memory",,,
190,1,0,11,4,"",FETCH,11111111111111111111111111111111,0,0,"global memory",,,
190,1,0,12,4,"",FETCH,11111111111111111111111111111111,0,0,"global memory",,,
190,1,0,13,4,"",FETCH,11111111111111111111111111111111,0,0,"global memory",,,
190,1,0,14,4,"",FETCH,11111111111111111111111111111111,0,0,"global memory",,,
190,1,0,15,4,"",FETCH,11111111111111111111111111111111,0,0,"global memory",,,
191,0,0,0,4,"",FETCH,11111111111111111111111111111111,0,0,"global memory",,,
191,0,0,1,4,"",FETCH,11111111111111111111111111111111,0,0,"global memory",,,
191,0,0,2,4,"",FETCH,11111111111111111111111111111111,0,0,"global memory",,,
191,0,0,3,4,"",FETCH,11111111111111111111111111111111,0,0,"global memory",,,
191,0,0,4,4,"",FETCH,11111111111111111111111111111111,0,0,"global memory",,,
191,0,0,5,4,"",FETCH,11111111111111111111111111111111,0,0,"global memory",,,
191,0,0,6,4,"",FETCH,11111111111111111111111111111111,0,0,"global memory",,,
191,0,0,7,4,"",FETCH,11111111111111111111111111111111,0,0,"global memory",,,
191,1,0,8,4,"",FETCH,11111111111111111111111111111111,0,0,"global memory",,,
191,1,0,9,4,"",FETCH,11111111111111111111111111111111,0,0,"global memory",,,
191,1,0,10,4,"",FETCH,11111111111111111111111111111111,0,0,"global memory",,,
191,1,0,11,4,"",FETCH,11111111111111111111111111111111,0,0,"global memory",,,
191,1,0,12,4,"",FETCH,11111111111111111111111111111111,0,0,"global memory",,,
191,1,0,13,4,"",FETCH,11111111111111111111111111111111,0,0,"global memory",,,
191,1,0,14,4,"",FETCH,11111111111111111111111111111111,0,0,"global memory",,,
191,1,0,15,4,"",FETCH,11111111111111111111111111111111,0,0,"global memory",,,
192,0,0,0,4,"",FETCH,11111111111111111111111111111111,0,0,"global memory",,,
192,0,0,1,4,"",FETCH,11111111111111111111111111111111,0,0,"global memory",,,
192,0,0,2,4,"",FETCH,11111111111111111111111111111111,0,0,"global memory",,,
192,0,0,3,4,"",FETCH,11111111111111111111111111111111,0,0,"global memory",,,
192,0,0,4,4,"",FETCH,11111111111111111111111111111111,0,0,"global memory",,,
192,0,0,5,4,"",FETCH,11111111111111111111111111111111,0,0,"global memory",,,
192,0,0,6,4,"",FETCH,11111111111111111111111111111111,0,0,"global memory",,,
192,0,0,7,4,"",FETCH,11111111111111111111111111111111,0,0,"global memory",,,
192,1,0,8,4,"",FETCH,11111111111111111111111111111111,0,0,"global memory",,,
192,1,0,9,4,"",FETCH,11111111111111111111111111111111,0,0,"global memory",,,
192,1,0,10,4,"",FETCH,11111111111111111111111111111111,0,0,"global memory",,,
192,1,0,11,4,"",FETCH,11111111111111111111111111111111,0,0,"global memory",,,
192,1,0,12,4,"",FETCH,11111111111111111111111111111111,0,0,"global memory",,,
192,1,0,13,4,"",FETCH,11111111111111111111111111111111,0,0,"global memory",,,
192,1,0,14,4,"",FETCH,11111111111111111111111111111111,0,0,"global memory",,,
192,1,0,15,4,"",FETCH,11111111111111111111111111111111,0,0,"global memory",,,
193,0,0,0,4,"",FETCH,11111111111111111111111111111111,0,0,"global memory",,,
193,0,0,1,4,"",FETCH,11111111111111111111111111111111,0,0,"global memory",,,
193,0,0,2,4,"",FETCH,11111111111111111111111111111111,0,0,"global memory",,,
193,0,0,3,4,"",FETCH,11111111111111111111111111111111,0,0,"global memory",,,
193,0,0,4,4,"",FETCH,11111111111111111111111111111111,0,0,"global memory",,,
193,0,0,5,4,"",FETCH,11111111111111111111111111111111,0,0,"global memory",,,
193,0,0,6,4,"",FETCH,11111111111111111111111111111111,0,0,"global memory",,,
193,0,0,7,4,"",FETCH,11111111111111111111111111111111,0,0,"global memory",,,
193,1,0,8,4,"",FETCH,11111111111111111111111111111111,0,0,"global memory",,,
193,1,0,9,4,"",FETCH,11111111111111111111111111111111,0,0,"global memory",,,
193,1,0,10,4,"",FETCH,11111111111111111111111111111111,0,0,"global memory",,,
193,1,0,11,4,"",FETCH,11111111111111111111111111111111,0,0,"global memory",,,
193,1,0,12,4,"",FETCH,11111111111111111111111111111111,0,0,"global memory",,,
193,1,0,13,4,"",FETCH,11111111111111111111111111111111,0,0,"global memory",,,
193,1,0,14,4,"",FETCH,11111111111111111111111111111111,0,0,"global memory",,,
193,1,0,15,4,"",FETCH,11111111111111111111111111111111,0,0,"global memory",,,
194,0,0,0,4,"",FETCH,11111111111111111111111111111111,0,0,"global memory",,,
194,0,0,1,4,"",FETCH,11111111111111111111111111111111,0,0,"global memory",,,
194,0,0,2,4,"",FETCH,11111111111111111111111111111111,0,0,"global memory",,,
194,0,0,3,4,"",FETCH,11111111111111111111111111111111,0,0,"global memory",,,
194,0,0,4,4,"",FETCH,11111111111111111111111111111111,0,0,"global memory",,,
194,0,0,5,4,"",FETCH,11111111111111111111111111111111,0,0,"global memory",,,
194,0,0,6,4,"",FETCH,11111111111111111111111111111111,0,0,"global memory",,,
194,0,0,7,4,"",FETCH,11111111111111111111111111111111,0,0,"global memory",,,
194,1,0,8,4,"",FETCH,11111111111111111111111111111111,0,0,"global memory",,,
194,1,0,9,4,"",FETCH,11111111111111111111111111111111,0,0,"global memory",,,
194,1,0,10,4,"",FETCH,11111111111111111111111111111111,0,0,"global memory",,,
194,1,0,11,4,"",FETCH,11111111111111111111111111111111,0,0,"global memory",,,
194,1,0,12,4,"",FETCH,11111111111111111111111111111111,0,0,"global memory",,,
194,1,0,13,4,"",FETCH,11111111111111111111111111111111,0,0,"global memory",,,
194,1,0,14,4,"",FETCH,11111111111111111111111111111111,0,0,"global memory",,,
194,1,0,15,4,"",FETCH,11111111111111111111111111111111,0,0,"global memory",,,
195,0,0,0,4,"",FETCH,11111111111111111111111111111111,0,0,"global memory",,,
195,0,0,1,4,"",FETCH,11111111111111111111111111111111,0,0,"global memory",,,
195,0,0,2,4,"",FETCH,11111111111111111111111111111111,0,0,"global memory",,,
195,0,0,3,4,"",FETCH,11111111111111111111111111111111,0,0,"global memory",,,
195,0,0,4,4,"",FETCH,11111111111111111111111111111111,0,0,"global memory",,,
195,0,0,5,4,"",FETCH,11111111111111111111111111111111,0,0,"global memory",,,
195,0,0,6,4,"",FETCH,11111111111111111111111111111111,0,0,"global memory",,,
195,0,0,7,4,"",FETCH,11111111111111111111111111111111,0,0,"global memory",,,
195,1,0,8,4,"",FETCH,11111111111111111111111111111111,0,0,"global memory",,,
195,1,0,9,4,"",FETCH,11111111111111111111111111111111,0,0,"global memory",,,
195,1,0,10,4,"",FETCH,11111111111111111111111111111111,0,0,"global memory",,,
195,1,0,11,4,"",FETCH,11111111111111111111111111111111,0,0,"global memory",,,
195,1,0,12,4,"",FETCH,11111111111111111111111111111111,0,0,"global memory",,,
195,1,0,13,4,"",FETCH,11111111111111111111111111111111,0,0,"global memory",,,
195,1,0,14,4,"",FETCH,11111111111111111111111111111111,0,0,"global memory",,,
195,1,0,15,4,"",FETCH,11111111111111111111111111111111,0,0,"global memory",,,
196,0,0,0,4,"",FETCH,11111111111111111111111111111111,0,0,"global memory",,,
196,0,0,1,4,"",FETCH,11111111111111111111111111111111,0,0,"global memory",,,
196,0,0,2,4,"",FETCH,11111111111111111111111111111111,0,0,"global memory",,,
196,0,0,3,4,"",FETCH,11111111111111111111111111111111,0,0,"global memory",,,
196,0,0,4,4,"",FETCH,11111111111111111111111111111111,0,0,"global memory",,,
196,0,0,5,4,"",FETCH,11111111111111111111111111111111,0,0,"global memory",,,
196,0,0,6,4,"",FETCH,11111111111111111111111111111111,0,0,"global memory",,,
196,0,0,7,4,"",FETCH,11111111111111111111111111111111,0,0,"global memory",,,
196,1,0,8,4,"",FETCH,11111111111111111111111111111111,0,0,"global memory",,,
196,1,0,9,4,"",FETCH,11111111111111111111111111111111,0,0,"global memory",,,
196,1,0,10,4,"",FETCH,11111111111111111111111111111111,0,0,"global memory",,,
196,1,0,11,4,"",FETCH,11111111111111111111111111111111,0,0,"global memory",,,
196,1,0,12,4,"",FETCH,11111111111111111111111111111111,0,0,"global memory",,,
196,1,0,13,4,"",FETCH,11111111111111111111111111111111,0,0,"global memory",,,
196,1,0,14,4,"",FETCH,11111111111111111111111111111111,0,0,"global memory",,,
196,1,0,15,4,"",FETCH,11111111111111111111111111111111,0,0,"global memory",,,
197,0,0,0,4,"",FETCH,11111111111111111111111111111111,0,0,"global memory",,,
197,0,0,1,4,"",FETCH,11111111111111111111111111111111,0,0,"global memory",,,
197,0,0,2,4,"",FETCH,11111111111111111111111111111111,0,0,"global memory",,,
197,0,0,3,4,"",FETCH,11111111111111111111111111111111,0,0,"global memory",,,
197,0,0,4,4,"",FETCH,11111111111111111111111111111111,0,0,"global memory",,,
197,0,0,5,4,"",FETCH,11111111111111111111111111111111,0,0,"global memory",,,
197,0,0,6,4,"",FETCH,11111111111111111111111111111111,0,0,"global memory",,,
197,0,0,7,4,"",FETCH,11111111111111111111111111111111,0,0,"global memory",,,
197,1,0,8,4,"",FETCH,11111111111111111111111111111111,0,0,"global memory",,,
197,1,0,9,4,"",FETCH,11111111111111111111111111111111,0,0,"global memory",,,
197,1,0,10,4,"",FETCH,11111111111111111111111111111111,0,0,"global memory",,,
197,1,0,11,4,"",FETCH,11111111111111111111111111111111,0,0,"global memory",,,
197,1,0,12,4,"",FETCH,11111111111111111111111111111111,0,0,"global memory",,,
197,1,0,13,4,"",FETCH,11111111111111111111111111111111,0,0,"global memory",,,
197,1,0,14,4,"",FETCH,11111111111111111111111111111111,0,0,"global memory",,,
197,1,0,15,4,"",FETCH,11111111111111111111111111111111,0,0,"global memory",,,
198,0,0,0,4,"",FETCH,11111111111111111111111111111111,0,0,"global memory",,,
198,0,0,1,4,"",FETCH,11111111111111111111111111111111,0,0,"global memory",,,
198,0,0,2,4,"",FETCH,11111111111111111111111111111111,0,0,"global memory",,,
198,0,0,3,4,"",FETCH,11111111111111111111111111111111,0,0,"global memory",,,
198,0,0,4,4,"",FETCH,11111111111111111111111111111111,0,0,"global memory",,,
198,0,0,5,4,"",FETCH,11111111111111111111111111111111,0,0,"global memory",,,
198,0,0,6,4,"",FETCH,11111111111111111111111111111111,0,0,"global memory",,,
198,0,0,7,4,"",FETCH,11111111111111111111111111111111,0,0,"global memory",,,
198,1,0,8,4,"",FETCH,11111111111111111111111111111111,0,0,"global memory",,,
198,1,0,9,4,"",FETCH,11111111111111111111111111111111,0,0,"global memory",,,
198,1,0,10,4,"",FETCH,11111111111111111111111111111111,0,0,"global memory",,,
198,1,0,11,4,"",FETCH,11111111111111111111111111111111,0,0,"global memory",,,
198,1,0,12,4,"",FETCH,11111111111111111111111111111111,0,0,"global memory",,,
198,1,0,13,4,"",FETCH,11111111111111111111111111111111,0,0,"global memory",,,
198,1,0,14,4,"",FETCH,11111111111111111111111111111111,0,0,"global memory",,,
198,1,0,15,4,"",FETCH,11111111111111111111111111111111,0,0,"global memory",,,
199,0,0,0,4,"",FETCH,11111111111111111111111111111111,0,0,"global memory",,,
199,0,0,1,4,"",FETCH,11111111111111111111111111111111,0,0,"global memory",,,
199,0,0,2,4,"",FETCH,11111111111111111111111111111111,0,0,"global memory",,,
199,0,0,3,4,"",FETCH,11111111111111111111111111111111,0,0,"global memory",,,
199,0,0,4,4,"",FETCH,11111111111111111111111111111111,0,0,"global memory",,,
199,0,0,5,4,"",FETCH,11111111111111111111111111111111,0,0,"global memory",,,
199,0,0,6,4,"",FETCH,11111111111111111111111111111111,0,0,"global memory",,,
199,0,0,7,4,"",FETCH,11111111111111111111111111111111,0,0,"global memory",,,
199,1,0,8,4,"",FETCH,11111111111111111111111111111111,0,0,"global memory",,,
199,1,0,9,4,"",FETCH,11111111111111111111111111111111,0,0,"global memory",,,
199,1,0,10,4,"",FETCH,11111111111111111111111111111111,0,0,"global memory",,,
199,1,0,11,4,"",FETCH,11111111111111111111111111111111,0,0,"global memory",,,
199,1,0,12,4,"",FETCH,11111111111111111111111111111111,0,0,"global memory",,,
199,1,0,13,4,"",FETCH,11111111111111111111111111111111,0,0,"global memory",,,
199,1,0,14,4,"",FETCH,11111111111111111111111111111111,0,0,"global memory",,,
199,1,0,15,4,"",FETCH,11111111111111111111111111111111,0,0,"global memory",,,
200,0,0,0,4,"",FETCH,11111111111111111111111111111111,0,0,"global memory",,,
200,0,0,1,4,"",FETCH,11111111111111111111111111111111,0,0,"global memory",,,
200,0,0,2,4,"",FETCH,11111111111111111111111111111111,0,0,"global memory",,,
200,0,0,3,4,"",FETCH,11111111111111111111111111111111,0,0,"global memory",,,
200,0,0,4,4,"",FETCH,11111111111111111111111111111111,0,0,"global memory",,,
200,0,0,5,4,"",FETCH,11111111111111111111111111111111,0,0,"global memory",,,
200,0,0,6,4,"",FETCH,11111111111111111111111111111111,0,0,"global memory",,,
200,0,0,7,4,"",FETCH,11111111111111111111111111111111,0,0,"global memory",,,
200,1,0,8,4,"",FETCH,11111111111111111111111111111111,0,0,"global memory",,,
200,1,0,9,4,"",FETCH,11111111111111111111111111111111,0,0,"global memory",,,
200,1,0,10,4,"",FETCH,11111111111111111111111111111111,0,0,"global memory",,,
200,1,0,11,4,"",FETCH,11111111111111111111111111111111,0,0,"global memory",,,
200,1,0,12,4,"",FETCH,11111111111111111111111111111111,0,0,"global memory",,,
200,1,0,13,4,"",FETCH,11111111111111111111111111111111,0,0,"global memory",,,
200,1,0,14,4,"",FETCH,11111111111111111111111111111111,0,0,"global memory",,,
200,1,0,15,4,"",FETCH,11111111111111111111111111111111,0,0,"global memory",,,
201,0,0,0,4,"",FETCH,11111111111111111111111111111111,0,0,"global memory",,,
201,0,0,1,4,"",FETCH,11111111111111111111111111111111,0,0,"global memory",,,
201,0,0,2,4,"",FETCH,11111111111111111111111111111111,0,0,"global memory",,,
201,0,0,3,4,"",FETCH,11111111111111111111111111111111,0,0,"global memory",,,
201,0,0,4,4,"",FETCH,11111111111111111111111111111111,0,0,"global memory",,,
201,0,0,5,4,"",FETCH,11111111111111111111111111111111,0,0,"global memory",,,
201,0,0,6,4,"",FETCH,11111111111111111111111111111111,0,0,"global memory",,,
201,0,0,7,4,"",FETCH,11111111111111111111111111111111,0,0,"global memory",,,
201,1,0,8,4,"",FETCH,11111111111111111111111111111111,0,0,"global memory",,,
201,1,0,9,4,"",FETCH,11111111111111111111111111111111,0,0,"global memory",,,
201,1,0,10,4,"",FETCH,11111111111111111111111111111111,0,0,"global memory",,,
201,1,0,11,4,"",FETCH,11111111111111111111111111111111,0,0,"global memory",,,
201,1,0,12,4,"",FETCH,11111111111111111111111111111111,0,0,"global memory",,,
201,1,0,13,4,"",FETCH,11111111111111111111111111111111,0,0,"global memory",,,
201,1,0,14,4,"",FETCH,11111111111111111111111111111111,0,0,"global memory",,,
201,1,0,15,4,"",FETCH,11111111111111111111111111111111,0,0,"global memory",,,
202,0,0,0,4,"",FETCH,11111111111111111111111111111111,0,0,"global memory",,,
202,0,0,1,4,"",FETCH,11111111111111111111111111111111,0,0,"global memory",,,
202,0,0,2,4,"",FETCH,11111111111111111111111111111111,0,0,"global memory",,,
202,0,0,3,4,"",FETCH,11111111111111111111111111111111,0,0,"global memory",,,
202,0,0,4,4,"",FETCH,11111111111111111111111111111111,0,0,"global memory",,,
202,0,0,5,4,"",FETCH,11111111111111111111111111111111,0,0,"global memory",,,
202,0,0,6,4,"",FETCH,11111111111111111111111111111111,0,0,"global memory",,,
202,0,0,7,4,"",FETCH,11111111111111111111111111111111,0,0,"global memory",,,
202,1,0,8,4,"",FETCH,11111111111111111111111111111111,0,0,"global memory",,,
202,1,0,9,4,"",FETCH,11111111111111111111111111111111,0,0,"global memory",,,
202,1,0,10,4,"",FETCH,11111111111111111111111111111111,0,0,"global memory",,,
202,1,0,11,4,"",FETCH,11111111111111111111111111111111,0,0,"global memory",,,
202,1,0,12,4,"",FETCH,11111111111111111111111111111111,0,0,"global memory",,,
202,1,0,13,4,"",FETCH,11111111111111111111111111111111,0,0,"global memory",,,
202,1,0,14,4,"",FETCH,11111111111111111111111111111111,0,0,"global memory",,,
202,1,0,15,4,"",FETCH,11111111111111111111111111111111,0,0,"global memory",,,
203,0,0,0,4,"",FETCH,11111111111111111111111111111111,0,0,"global memory",,,
203,0,0,1,4,"",FETCH,11111111111111111111111111111111,0,0,"global memory",,,
203,0,0,2,4,"",FETCH,11111111111111111111111111111111,0,0,"global memory",,,
203,0,0,3,4,"",FETCH,11111111111111111111111111111111,0,0,"global memory",,,
203,0,0,4,4,"",FETCH,11111111111111111111111111111111,0,0,"global memory",,,
203,0,0,5,4,"",FETCH,11111111111111111111111111111111,0,0,"global memory",,,
203,0,0,6,4,"",FETCH,11111111111111111111111111111111,0,0,"global memory",,,
203,0,0,7,4,"",FETCH,11111111111111111111111111111111,0,0,"global memory",,,
203,1,0,8,4,"",FETCH,11111111111111111111111111111111,0,0,"global memory",,,
203,1,0,9,4,"",FETCH,11111111111111111111111111111111,0,0,"global memory",,,
203,1,0,10,4,"",FETCH,11111111111111111111111111111111,0,0,"global memory",,,
203,1,0,11,4,"",FETCH,11111111111111111111111111111111,0,0,"global memory",,,
203,1,0,12,4,"",FETCH,11111111111111111111111111111111,0,0,"global memory",,,
203,1,0,13,4,"",FETCH,11111111111111111111111111111111,0,0,"global memory",,,
203,1,0,14,4,"",FETCH,11111111111111111111111111111111,0,0,"global memory",,,
203,1,0,15,4,"",FETCH,11111111111111111111111111111111,0,0,"global memory",,,
204,0,0,0,4,"",FETCH,11111111111111111111111111111111,0,0,"global memory",,,
204,0,0,1,4,"",FETCH,11111111111111111111111111111111,0,0,"global memory",,,
204,0,0,2,4,"",FETCH,11111111111111111111111111111111,0,0,"global memory",,,
204,0,0,3,4,"",FETCH,11111111111111111111111111111111,0,0,"global memory",,,
204,0,0,4,4,"",FETCH,11111111111111111111111111111111,0,0,"global memory",,,
204,0,0,5,4,"",FETCH,11111111111111111111111111111111,0,0,"global memory",,,
204,0,0,6,4,"",FETCH,11111111111111111111111111111111,0,0,"global memory",,,
204,0,0,7,4,"",FETCH,11111111111111111111111111111111,0,0,"global memory",,,
204,1,0,8,4,"",FETCH,11111111111111111111111111111111,0,0,"global memory",,,
204,1,0,9,4,"",FETCH,11111111111111111111111111111111,0,0,"global memory",,,
204,1,0,10,4,"",FETCH,11111111111111111111111111111111,0,0,"global memory",,,
204,1,0,11,4,"",FETCH,11111111111111111111111111111111,0,0,"global memory",,,
204,1,0,12,4,"",FETCH,11111111111111111111111111111111,0,0,"global memory",,,
204,1,0,13,4,"",FETCH,11111111111111111111111111111111,0,0,"global memory",,,
204,1,0,14,4,"",FETCH,11111111111111111111111111111111,0,0,"global memory",,,
204,1,0,15,4,"",FETCH,11111111111111111111111111111111,0,0,"global memory",,,
205,0,0,0,4,"",FETCH,11111111111111111111111111111111,0,0,"global memory",,,
205,0,0,1,4,"",FETCH,11111111111111111111111111111111,0,0,"global memory",,,
205,0,0,2,4,"",FETCH,11111111111111111111111111111111,0,0,"global memory",,,
205,0,0,3,4,"",FETCH,11111111111111111111111111111111,0,0,"global memory",,,
205,0,0,4,4,"",FETCH,11111111111111111111111111111111,0,0,"global memory",,,
205,0,0,5,4,"",FETCH,11111111111111111111111111111111,0,0,"global memory",,,
205,0,0,6,4,"",FETCH,11111111111111111111111111111111,0,0,"global memory",,,
205,0,0,7,4,"",FETCH,11111111111111111111111111111111,0,0,"global memory",,,
205,1,0,8,4,"",FETCH,11111111111111111111111111111111,0,0,"global memory",,,
205,1,0,9,4,"",FETCH,11111111111111111111111111111111,0,0,"global memory",,,
205,1,0,10,4,"",FETCH,11111111111111111111111111111111,0,0,"global memory",,,
205,1,0,11,4,"",FETCH,11111111111111111111111111111111,0,0,"global memory",,,
205,1,0,12,4,"",FETCH,11111111111111111111111111111111,0,0,"global memory",,,
205,1,0,13,4,"",FETCH,11111111111111111111111111111111,0,0,"global memory",,,
205,1,0,14,4,"",FETCH,11111111111111111111111111111111,0,0,"global memory",,,
205,1,0,15,4,"",FETCH,11111111111111111111111111111111,0,0,"global memory",,,
206,0,0,0,4,"",FETCH,11111111111111111111111111111111,0,0,"global memory",,,
206,0,0,1,4,"",FETCH,11111111111111111111111111111111,0,0,"global memory",,,
206,0,0,2,4,"",FETCH,11111111111111111111111111111111,0,0,"global memory",,,
206,0,0,3,4,"",FETCH,11111111111111111111111111111111,0,0,"global memory",,,
206,0,0,4,4,"",FETCH,11111111111111111111111111111111,0,0,"global memory",,,
206,0,0,5,4,"",FETCH,11111111111111111111111111111111,0,0,"global memory",,,
206,0,0,6,4,"",FETCH,11111111111111111111111111111111,0,0,"global memory",,,
206,0,0,7,4,"",FETCH,11111111111111111111111111111111,0,0,"global memory",,,
206,1,0,8,4,"",FETCH,11111111111111111111111111111111,0,0,"global memory",,,
206,1,0,9,4,"",FETCH,11111111111111111111111111111111,0,0,"global memory",,,
206,1,0,10,4,"",FETCH,11111111111111111111111111111111,0,0,"global memory",,,
206,1,0,11,4,"",FETCH,11111111111111111111111111111111,0,0,"global memory",,,
206,1,0,12,4,"",FETCH,11111111111111111111111111111111,0,0,"global memory",,,
206,1,0,13,4,"",FETCH,11111111111111111111111111111111,0,0,"global memory",,,
206,1,0,14,4,"",FETCH,11111111111111111111111111111111,0,0,"global memory",,,
206,1,0,15,4,"",FETCH,11111111111111111111111111111111,0,0,"global memory",,,
207,0,0,0,4,"",FETCH,11111111111111111111111111111111,0,0,"global memory",,,
207,0,0,1,4,"",FETCH,11111111111111111111111111111111,0,0,"global memory",,,
207,0,0,2,4,"",FETCH,11111111111111111111111111111111,0,0,"global memory",,,
207,0,0,3,4,"",FETCH,11111111111111111111111111111111,0,0,"global memory",,,
207,0,0,4,4,"",FETCH,11111111111111111111111111111111,0,0,"global memory",,,
207,0,0,5,4,"",FETCH,11111111111111111111111111111111,0,0,"global memory",,,
207,0,0,6,4,"",FETCH,11111111111111111111111111111111,0,0,"global memory",,,
207,0,0,7,4,"",FETCH,11111111111111111111111111111111,0,0,"global memory",,,
207,1,0,8,4,"",FETCH,11111111111111111111111111111111,0,0,"global memory",,,
207,1,0,9,4,"",FETCH,11111111111111111111111111111111,0,0,"global memory",,,
207,1,0,10,4,"",FETCH,11111111111111111111111111111111,0,0,"global memory",,,
207,1,0,11,4,"",FETCH,11111111111111111111111111111111,0,0,"global memory",,,
207,1,0,12,4,"",FETCH,11111111111111111111111111111111,0,0,"global memory",,,
207,1,0,13,4,"",FETCH,11111111111111111111111111111111,0,0,"global memory",,,
207,1,0,14,4,"",FETCH,11111111111111111111111111111111,0,0,"global memory",,,
207,1,0,15,4,"",FETCH,11111111111111111111111111111111,0,0,"global memory",,,
208,0,0,0,4,"",FETCH,11111111111111111111111111111111,0,0,"global memory",,,
208,0,0,1,4,"",FETCH,11111111111111111111111111111111,0,0,"global memory",,,
208,0,0,2,4,"",FETCH,11111111111111111111111111111111,0,0,"global memory",,,
208,0,0,3,4,"",FETCH,11111111111111111111111111111111,0,0,"global memory",,,
208,0,0,4,4,"",FETCH,11111111111111111111111111111111,0,0,"global memory",,,
208,0,0,5,4,"",FETCH,11111111111111111111111111111111,0,0,"global memory",,,
208,0,0,6,4,"",FETCH,11111111111111111111111111111111,0,0,"global memory",,,
208,0,0,7,4,"",FETCH,11111111111111111111111111111111,0,0,"global memory",,,
208,1,0,8,4,"",FETCH,11111111111111111111111111111111,0,0,"global memory",,,
208,1,0,9,4,"",FETCH,11111111111111111111111111111111,0,0,"global memory",,,
208,1,0,10,4,"",FETCH,11111111111111111111111111111111,0,0,"global memory",,,
208,1,0,11,4,"",FETCH,11111111111111111111111111111111,0,0,"global memory",,,
208,1,0,12,4,"",FETCH,11111111111111111111111111111111,0,0,"global memory",,,
208,1,0,13,4,"",FETCH,11111111111111111111111111111111,0,0,"global memory",,,
208,1,0,14,4,"",FETCH,11111111111111111111111111111111,0,0,"global memory",,,
208,1,0,15,4,"",FETCH,11111111111111111111111111111111,0,0,"global memory",,,
209,0,0,0,4,"",FETCH,11111111111111111111111111111111,0,0,"global memory",,,
209,0,0,1,4,"",FETCH,11111111111111111111111111111111,0,0,"global memory",,,
209,0,0,2,4,"",FETCH,11111111111111111111111111111111,0,0,"global memory",,,
209,0,0,3,4,"",FETCH,11111111111111111111111111111111,0,0,"global memory",,,
209,0,0,4,4,"",FETCH,11111111111111111111111111111111,0,0,"global memory",,,
209,0,0,5,4,"",FETCH,11111111111111111111111111111111,0,0,"global memory",,,
209,0,0,6,4,"",FETCH,11111111111111111111111111111111,0,0,"global memory",,,
209,0,0,7,4,"",FETCH,11111111111111111111111111111111,0,0,"global memory",,,
209,1,0,8,4,"",FETCH,11111111111111111111111111111111,0,0,"global memory",,,
209,1,0,9,4,"",FETCH,11111111111111111111111111111111,0,0,"global memory",,,
209,1,0,10,4,"",FETCH,11111111111111111111111111111111,0,0,"global memory",,,
209,1,0,11,4,"",FETCH,11111111111111111111111111111111,0,0,"global memory",,,
209,1,0,12,4,"",FETCH,11111111111111111111111111111111,0,0,"global memory",,,
209,1,0,13,4,"",FETCH,11111111111111111111111111111111,0,0,"global memory",,,
209,1,0,14,4,"",FETCH,11111111111111111111111111111111,0,0,"global memory",,,
209,1,0,15,4,"",FETCH,11111111111111111111111111111111,0,0,"global memory",,,
210,0,0,0,4,"",FETCH,11111111111111111111111111111111,0,0,"global memory",,,
210,0,0,1,4,"",FETCH,11111111111111111111111111111111,0,0,"global memory",,,
210,0,0,2,4,"",FETCH,11111111111111111111111111111111,0,0,"global memory",,,
210,0,0,3,4,"",FETCH,11111111111111111111111111111111,0,0,"global memory",,,
210,0,0,4,4,"",FETCH,11111111111111111111111111111111,0,0,"global memory",,,
210,0,0,5,4,"",FETCH,11111111111111111111111111111111,0,0,"global memory",,,
210,0,0,6,4,"",FETCH,11111111111111111111111111111111,0,0,"global memory",,,
210,0,0,7,4,"",FETCH,11111111111111111111111111111111,0,0,"global memory",,,
210,1,0,8,4,"",FETCH,11111111111111111111111111111111,0,0,"global memory",,,
210,1,0,9,4,"",FETCH,11111111111111111111111111111111,0,0,"global memory",,,
210,1,0,10,4,"",FETCH,11111111111111111111111111111111,0,0,"global memory",,,
210,1,0,11,4,"",FETCH,11111111111111111111111111111111,0,0,"global memory",,,
210,1,0,12,4,"",FETCH,11111111111111111111111111111111,0,0,"global memory",,,
210,1,0,13,4,"",FETCH,11111111111111111111111111111111,0,0,"global memory",,,
210,1,0,14,4,"",FETCH,11111111111111111111111111111111,0,0,"global memory",,,
210,1,0,15,4,"",FETCH,11111111111111111111111111111111,0,0,"global memory",,,
211,0,0,0,4,"",FETCH,11111111111111111111111111111111,0,0,"global memory",,,
211,0,0,1,4,"",FETCH,11111111111111111111111111111111,0,0,"global memory",,,
211,0,0,2,4,"",FETCH,11111111111111111111111111111111,0,0,"global memory",,,
211,0,0,3,4,"",FETCH,11111111111111111111111111111111,0,0,"global memory",,,
211,0,0,4,4,"",FETCH,11111111111111111111111111111111,0,0,"global memory",,,
211,0,0,5,4,"",FETCH,11111111111111111111111111111111,0,0,"global memory",,,
211,0,0,6,4,"",FETCH,11111111111111111111111111111111,0,0,"global memory",,,
211,0,0,7,4,"",FETCH,11111111111111111111111111111111,0,0,"global memory",,,
211,1,0,8,4,"",FETCH,11111111111111111111111111111111,0,0,"global memory",,,
211,1,0,9,4,"",FETCH,11111111111111111111111111111111,0,0,"global memory",,,
211,1,0,10,4,"",FETCH,11111111111111111111111111111111,0,0,"global memory",,,
211,1,0,11,4,"",FETCH,11111111111111111111111111111111,0,0,"global memory",,,
211,1,0,12,4,"",FETCH,11111111111111111111111111111111,0,0,"global memory",,,
211,1,0,13,4,"",FETCH,11111111111111111111111111111111,0,0,"global memory",,,
211,1,0,14,4,"",FETCH,11111111111111111111111111111111,0,0,"global memory",,,
211,1,0,15,4,"",FETCH,11111111111111111111111111111111,0,0,"global memory",,,
212,0,0,0,4,"",FETCH,11111111111111111111111111111111,0,0,"global memory",,,
212,0,0,1,4,"",FETCH,11111111111111111111111111111111,0,0,"global memory",,,
212,0,0,2,4,"",FETCH,11111111111111111111111111111111,0,0,"global memory",,,
212,0,0,3,4,"",FETCH,11111111111111111111111111111111,0,0,"global memory",,,
212,0,0,4,4,"",FETCH,11111111111111111111111111111111,0,0,"global memory",,,
212,0,0,5,4,"",FETCH,11111111111111111111111111111111,0,0,"global memory",,,
212,0,0,6,4,"",FETCH,11111111111111111111111111111111,0,0,"global memory",,,
212,0,0,7,4,"",FETCH,11111111111111111111111111111111,0,0,"global memory",,,
212,1,0,8,4,"",FETCH,11111111111111111111111111111111,0,0,"global memory",,,
212,1,0,9,4,"",FETCH,11111111111111111111111111111111,0,0,"global memory",,,
212,1,0,10,4,"",FETCH,11111111111111111111111111111111,0,0,"global memory",,,
212,1,0,11,4,"",FETCH,11111111111111111111111111111111,0,0,"global memory",,,
212,1,0,12,4,"",FETCH,11111111111111111111111111111111,0,0,"global memory",,,
212,1,0,13,4,"",FETCH,11111111111111111111111111111111,0,0,"global memory",,,
212,1,0,14,4,"",FETCH,11111111111111111111111111111111,0,0,"global memory",,,
212,1,0,15,4,"",FETCH,11111111111111111111111111111111,0,0,"global memory",,,
213,0,0,0,4,"",FETCH,11111111111111111111111111111111,0,0,"global memory",,,
213,0,0,1,4,"",FETCH,11111111111111111111111111111111,0,0,"global memory",,,
213,0,0,2,4,"",FETCH,11111111111111111111111111111111,0,0,"global memory",,,
213,0,0,3,4,"",FETCH,11111111111111111111111111111111,0,0,"global memory",,,
213,0,0,4,4,"",FETCH,11111111111111111111111111111111,0,0,"global memory",,,
213,0,0,5,4,"",FETCH,11111111111111111111111111111111,0,0,"global memory",,,
213,0,0,6,4,"",FETCH,11111111111111111111111111111111,0,0,"global memory",,,
213,0,0,7,4,"",FETCH,11111111111111111111111111111111,0,0,"global memory",,,
213,1,0,8,4,"",FETCH,11111111111111111111111111111111,0,0,"global memory",,,
213,1,0,9,4,"",FETCH,11111111111111111111111111111111,0,0,"global memory",,,
213,1,0,10,4,"",FETCH,11111111111111111111111111111111,0,0,"global memory",,,
213,1,0,11,4,"",FETCH,11111111111111111111111111111111,0,0,"global memory",,,
213,1,0,12,4,"",FETCH,11111111111111111111111111111111,0,0,"global memory",,,
213,1,0,13,4,"",FETCH,11111111111111111111111111111111,0,0,"global memory",,,
213,1,0,14,4,"",FETCH,11111111111111111111111111111111,0,0,"global memory",,,
213,1,0,15,4,"",FETCH,11111111111111111111111111111111,0,0,"global memory",,,
214,0,0,0,4,"",FETCH,11111111111111111111111111111111,0,0,"global memory",,,
214,0,0,1,4,"",FETCH,11111111111111111111111111111111,0,0,"global memory",,,
214,0,0,2,4,"",FETCH,11111111111111111111111111111111,0,0,"global memory",,,
214,0,0,3,4,"",FETCH,11111111111111111111111111111111,0,0,"global memory",,,
214,0,0,4,4,"",FETCH,11111111111111111111111111111111,0,0,"global memory",,,
214,0,0,5,4,"",FETCH,11111111111111111111111111111111,0,0,"global memory",,,
214,0,0,6,4,"",FETCH,11111111111111111111111111111111,0,0,"global memory",,,
214,0,0,7,4,"",FETCH,11111111111111111111111111111111,0,0,"global memory",,,
214,1,0,8,4,"",FETCH,11111111111111111111111111111111,0,0,"global memory",,,
214,1,0,9,4,"",FETCH,11111111111111111111111111111111,0,0,"global memory",,,
214,1,0,10,4,"",FETCH,11111111111111111111111111111111,0,0,"global memory",,,
214,1,0,11,4,"",FETCH,11111111111111111111111111111111,0,0,"global memory",,,
214,1,0,12,4,"",FETCH,11111111111111111111111111111111,0,0,"global memory",,,
214,1,0,13,4,"",FETCH,11111111111111111111111111111111,0,0,"global memory",,,
214,1,0,14,4,"",FETCH,11111111111111111111111111111111,0,0,"global memory",,,
214,1,0,15,4,"",FETCH,11111111111111111111111111111111,0,0,"global memory",,,
215,0,0,0,4,"",FETCH,11111111111111111111111111111111,0,0,"global memory",,,
215,0,0,1,4,"",FETCH,11111111111111111111111111111111,0,0,"global memory",,,
215,0,0,2,4,"",FETCH,11111111111111111111111111111111,0,0,"global memory",,,
215,0,0,3,4,"",FETCH,11111111111111111111111111111111,0,0,"global memory",,,
215,0,0,4,4,"",FETCH,11111111111111111111111111111111,0,0,"global memory",,,
215,0,0,5,4,"",FETCH,11111111111111111111111111111111,0,0,"global memory",,,
215,0,0,6,4,"",FETCH,11111111111111111111111111111111,0,0,"global memory",,,
215,0,0,7,4,"",FETCH,11111111111111111111111111111111,0,0,"global memory",,,
215,1,0,8,4,"",FETCH,11111111111111111111111111111111,0,0,"global memory",,,
215,1,0,9,4,"",FETCH,11111111111111111111111111111111,0,0,"global memory",,,
215,1,0,10,4,"",FETCH,11111111111111111111111111111111,0,0,"global memory",,,
215,1,0,11,4,"",FETCH,11111111111111111111111111111111,0,0,"global memory",,,
215,1,0,12,4,"",FETCH,11111111111111111111111111111111,0,0,"global memory",,,
215,1,0,13,4,"",FETCH,11111111111111111111111111111111,0,0,"global memory",,,
215,1,0,14,4,"",FETCH,11111111111111111111111111111111,0,0,"global memory",,,
215,1,0,15,4,"",FETCH,11111111111111111111111111111111,0,0,"global memory",,,
216,0,0,0,4,"",MEMORY_RETURN,11111111111111111111111111111111,1,0,"",,,
216,0,0,1,4,"",FETCH,11111111111111111111111111111111,0,0,"global memory",,,
216,0,0,2,4,"",FETCH,11111111111111111111111111111111,0,0,"global memory",,,
216,0,0,3,4,"",FETCH,11111111111111111111111111111111,0,0,"global memory",,,
216,0,0,4,4,"",FETCH,11111111111111111111111111111111,0,0,"global memory",,,
216,0,0,5,4,"",FETCH,11111111111111111111111111111111,0,0,"global memory",,,
216,0,0,6,4,"",FETCH,11111111111111111111111111111111,0,0,"global memory",,,
216,0,0,7,4,"",FETCH,11111111111111111111111111111111,0,0,"global memory",,,
216,0,0,0,4,"ADD r5, r3, r4",ISSUE,11111111111111111111111111111111,1,1,"",,,
216,0,0,0,4,"ADD r5, r3, r4",EXECUTE,11111111111111111111111111111111,1,0,"",,,
216,1,0,8,4,"",MEMORY_RETURN,11111111111111111111111111111111,1,0,"",,,
216,1,0,9,4,"",FETCH,11111111111111111111111111111111,0,0,"global memory",,,
216,1,0,10,4,"",FETCH,11111111111111111111111111111111,0,0,"global memory",,,
216,1,0,11,4,"",FETCH,11111111111111111111111111111111,0,0,"global memory",,,
216,1,0,12,4,"",FETCH,11111111111111111111111111111111,0,0,"global memory",,,
216,1,0,13,4,"",FETCH,11111111111111111111111111111111,0,0,"global memory",,,
216,1,0,14,4,"",FETCH,11111111111111111111111111111111,0,0,"global memory",,,
216,1,0,15,4,"",FETCH,11111111111111111111111111111111,0,0,"global memory",,,
216,1,0,8,4,"ADD r5, r3, r4",ISSUE,11111111111111111111111111111111,1,1,"",,,
216,1,0,8,4,"ADD r5, r3, r4",EXECUTE,11111111111111111111111111111111,1,0,"",,,
217,0,0,0,5,"",WRITEBACK,11111111111111111111111111111111,1,0,"",,,
217,0,0,1,4,"",MEMORY_RETURN,11111111111111111111111111111111,1,0,"",,,
217,0,0,2,4,"",FETCH,11111111111111111111111111111111,0,0,"global memory",,,
217,0,0,3,4,"",FETCH,11111111111111111111111111111111,0,0,"global memory",,,
217,0,0,4,4,"",FETCH,11111111111111111111111111111111,0,0,"global memory",,,
217,0,0,5,4,"",FETCH,11111111111111111111111111111111,0,0,"global memory",,,
217,0,0,6,4,"",FETCH,11111111111111111111111111111111,0,0,"global memory",,,
217,0,0,7,4,"",FETCH,11111111111111111111111111111111,0,0,"global memory",,,
217,0,0,1,4,"ADD r5, r3, r4",ISSUE,11111111111111111111111111111111,1,1,"",,,
217,0,0,1,4,"ADD r5, r3, r4",EXECUTE,11111111111111111111111111111111,1,0,"",,,
217,1,0,8,5,"",WRITEBACK,11111111111111111111111111111111,1,0,"",,,
217,1,0,9,4,"",MEMORY_RETURN,11111111111111111111111111111111,1,0,"",,,
217,1,0,10,4,"",FETCH,11111111111111111111111111111111,0,0,"global memory",,,
217,1,0,11,4,"",FETCH,11111111111111111111111111111111,0,0,"global memory",,,
217,1,0,12,4,"",FETCH,11111111111111111111111111111111,0,0,"global memory",,,
217,1,0,13,4,"",FETCH,11111111111111111111111111111111,0,0,"global memory",,,
217,1,0,14,4,"",FETCH,11111111111111111111111111111111,0,0,"global memory",,,
217,1,0,15,4,"",FETCH,11111111111111111111111111111111,0,0,"global memory",,,
217,1,0,9,4,"ADD r5, r3, r4",ISSUE,11111111111111111111111111111111,1,1,"",,,
217,1,0,9,4,"ADD r5, r3, r4",EXECUTE,11111111111111111111111111111111,1,0,"",,,
218,0,0,1,5,"",WRITEBACK,11111111111111111111111111111111,1,0,"",,,
218,0,0,2,4,"",MEMORY_RETURN,11111111111111111111111111111111,1,0,"",,,
218,0,0,3,4,"",FETCH,11111111111111111111111111111111,0,0,"global memory",,,
218,0,0,4,4,"",FETCH,11111111111111111111111111111111,0,0,"global memory",,,
218,0,0,5,4,"",FETCH,11111111111111111111111111111111,0,0,"global memory",,,
218,0,0,6,4,"",FETCH,11111111111111111111111111111111,0,0,"global memory",,,
218,0,0,7,4,"",FETCH,11111111111111111111111111111111,0,0,"global memory",,,
218,0,0,2,4,"ADD r5, r3, r4",ISSUE,11111111111111111111111111111111,1,1,"",,,
218,0,0,2,4,"ADD r5, r3, r4",EXECUTE,11111111111111111111111111111111,1,0,"",,,
218,1,0,9,5,"",WRITEBACK,11111111111111111111111111111111,1,0,"",,,
218,1,0,10,4,"",MEMORY_RETURN,11111111111111111111111111111111,1,0,"",,,
218,1,0,11,4,"",FETCH,11111111111111111111111111111111,0,0,"global memory",,,
218,1,0,12,4,"",FETCH,11111111111111111111111111111111,0,0,"global memory",,,
218,1,0,13,4,"",FETCH,11111111111111111111111111111111,0,0,"global memory",,,
218,1,0,14,4,"",FETCH,11111111111111111111111111111111,0,0,"global memory",,,
218,1,0,15,4,"",FETCH,11111111111111111111111111111111,0,0,"global memory",,,
218,1,0,10,4,"ADD r5, r3, r4",ISSUE,11111111111111111111111111111111,1,1,"",,,
218,1,0,10,4,"ADD r5, r3, r4",EXECUTE,11111111111111111111111111111111,1,0,"",,,
219,0,0,2,5,"",WRITEBACK,11111111111111111111111111111111,1,0,"",,,
219,0,0,3,4,"",MEMORY_RETURN,11111111111111111111111111111111,1,0,"",,,
219,0,0,4,4,"",FETCH,11111111111111111111111111111111,0,0,"global memory",,,
219,0,0,5,4,"",FETCH,11111111111111111111111111111111,0,0,"global memory",,,
219,0,0,6,4,"",FETCH,11111111111111111111111111111111,0,0,"global memory",,,
219,0,0,7,4,"",FETCH,11111111111111111111111111111111,0,0,"global memory",,,
219,0,0,3,4,"ADD r5, r3, r4",ISSUE,11111111111111111111111111111111,1,1,"",,,
219,0,0,3,4,"ADD r5, r3, r4",EXECUTE,11111111111111111111111111111111,1,0,"",,,
219,1,0,10,5,"",WRITEBACK,11111111111111111111111111111111,1,0,"",,,
219,1,0,11,4,"",MEMORY_RETURN,11111111111111111111111111111111,1,0,"",,,
219,1,0,12,4,"",FETCH,11111111111111111111111111111111,0,0,"global memory",,,
219,1,0,13,4,"",FETCH,11111111111111111111111111111111,0,0,"global memory",,,
219,1,0,14,4,"",FETCH,11111111111111111111111111111111,0,0,"global memory",,,
219,1,0,15,4,"",FETCH,11111111111111111111111111111111,0,0,"global memory",,,
219,1,0,11,4,"ADD r5, r3, r4",ISSUE,11111111111111111111111111111111,1,1,"",,,
219,1,0,11,4,"ADD r5, r3, r4",EXECUTE,11111111111111111111111111111111,1,0,"",,,
220,0,0,3,5,"",WRITEBACK,11111111111111111111111111111111,1,0,"",,,
220,0,0,4,4,"",MEMORY_RETURN,11111111111111111111111111111111,1,0,"",,,
220,0,0,5,4,"",FETCH,11111111111111111111111111111111,0,0,"global memory",,,
220,0,0,6,4,"",FETCH,11111111111111111111111111111111,0,0,"global memory",,,
220,0,0,7,4,"",FETCH,11111111111111111111111111111111,0,0,"global memory",,,
220,0,0,4,4,"ADD r5, r3, r4",ISSUE,11111111111111111111111111111111,1,1,"",,,
220,0,0,4,4,"ADD r5, r3, r4",EXECUTE,11111111111111111111111111111111,1,0,"",,,
220,1,0,11,5,"",WRITEBACK,11111111111111111111111111111111,1,0,"",,,
220,1,0,12,4,"",MEMORY_RETURN,11111111111111111111111111111111,1,0,"",,,
220,1,0,13,4,"",FETCH,11111111111111111111111111111111,0,0,"global memory",,,
220,1,0,14,4,"",FETCH,11111111111111111111111111111111,0,0,"global memory",,,
220,1,0,15,4,"",FETCH,11111111111111111111111111111111,0,0,"global memory",,,
220,1,0,12,4,"ADD r5, r3, r4",ISSUE,11111111111111111111111111111111,1,1,"",,,
220,1,0,12,4,"ADD r5, r3, r4",EXECUTE,11111111111111111111111111111111,1,0,"",,,
221,0,0,4,5,"",WRITEBACK,11111111111111111111111111111111,1,0,"",,,
221,0,0,5,4,"",MEMORY_RETURN,11111111111111111111111111111111,1,0,"",,,
221,0,0,6,4,"",FETCH,11111111111111111111111111111111,0,0,"global memory",,,
221,0,0,7,4,"",FETCH,11111111111111111111111111111111,0,0,"global memory",,,
221,0,0,5,4,"ADD r5, r3, r4",ISSUE,11111111111111111111111111111111,1,1,"",,,
221,0,0,5,4,"ADD r5, r3, r4",EXECUTE,11111111111111111111111111111111,1,0,"",,,
221,1,0,12,5,"",WRITEBACK,11111111111111111111111111111111,1,0,"",,,
221,1,0,13,4,"",MEMORY_RETURN,11111111111111111111111111111111,1,0,"",,,
221,1,0,14,4,"",FETCH,11111111111111111111111111111111,0,0,"global memory",,,
221,1,0,15,4,"",FETCH,11111111111111111111111111111111,0,0,"global memory",,,
221,1,0,13,4,"ADD r5, r3, r4",ISSUE,11111111111111111111111111111111,1,1,"",,,
221,1,0,13,4,"ADD r5, r3, r4",EXECUTE,11111111111111111111111111111111,1,0,"",,,
222,0,0,5,5,"",WRITEBACK,11111111111111111111111111111111,1,0,"",,,
222,0,0,6,4,"",MEMORY_RETURN,11111111111111111111111111111111,1,0,"",,,
222,0,0,7,4,"",FETCH,11111111111111111111111111111111,0,0,"global memory",,,
222,0,0,6,4,"ADD r5, r3, r4",ISSUE,11111111111111111111111111111111,1,1,"",,,
222,0,0,6,4,"ADD r5, r3, r4",EXECUTE,11111111111111111111111111111111,1,0,"",,,
222,1,0,13,5,"",WRITEBACK,11111111111111111111111111111111,1,0,"",,,
222,1,0,14,4,"",MEMORY_RETURN,11111111111111111111111111111111,1,0,"",,,
222,1,0,15,4,"",FETCH,11111111111111111111111111111111,0,0,"global memory",,,
222,1,0,14,4,"ADD r5, r3, r4",ISSUE,11111111111111111111111111111111,1,1,"",,,
222,1,0,14,4,"ADD r5, r3, r4",EXECUTE,11111111111111111111111111111111,1,0,"",,,
223,0,0,6,5,"",WRITEBACK,11111111111111111111111111111111,1,0,"",,,
223,0,0,7,4,"",MEMORY_RETURN,11111111111111111111111111111111,1,0,"",,,
223,0,0,7,4,"ADD r5, r3, r4",ISSUE,11111111111111111111111111111111,1,1,"",,,
223,0,0,7,4,"ADD r5, r3, r4",EXECUTE,11111111111111111111111111111111,1,0,"",,,
223,1,0,14,5,"",WRITEBACK,11111111111111111111111111111111,1,0,"",,,
223,1,0,15,4,"",MEMORY_RETURN,11111111111111111111111111111111,1,0,"",,,
223,1,0,15,4,"ADD r5, r3, r4",ISSUE,11111111111111111111111111111111,1,1,"",,,
223,1,0,15,4,"ADD r5, r3, r4",EXECUTE,11111111111111111111111111111111,1,0,"",,,
224,0,0,7,5,"",WRITEBACK,11111111111111111111111111111111,1,0,"",,,
224,0,0,0,5,"ST.GLOBAL [r2 + 8192], r5",ISSUE,11111111111111111111111111111111,1,1,"",,,
224,0,0,0,5,"ST.GLOBAL [r2 + 8192], r5",EXECUTE,11111111111111111111111111111111,1,0,"",,,
224,0,0,0,5,"ST.GLOBAL [r2 + 8192], r5",MEMORY_REQUEST,11111111111111111111111111111111,1,0,"",,,
224,1,0,15,5,"",WRITEBACK,11111111111111111111111111111111,1,0,"",,,
224,1,0,8,5,"ST.GLOBAL [r2 + 8192], r5",ISSUE,11111111111111111111111111111111,1,1,"",,,
224,1,0,8,5,"ST.GLOBAL [r2 + 8192], r5",EXECUTE,11111111111111111111111111111111,1,0,"",,,
224,1,0,8,5,"ST.GLOBAL [r2 + 8192], r5",MEMORY_REQUEST,11111111111111111111111111111111,1,0,"",,,
225,0,0,1,5,"ST.GLOBAL [r2 + 8192], r5",ISSUE,11111111111111111111111111111111,1,1,"",,,
225,0,0,1,5,"ST.GLOBAL [r2 + 8192], r5",EXECUTE,11111111111111111111111111111111,1,0,"",,,
225,0,0,1,5,"ST.GLOBAL [r2 + 8192], r5",MEMORY_REQUEST,11111111111111111111111111111111,1,0,"",,,
225,1,0,9,5,"ST.GLOBAL [r2 + 8192], r5",ISSUE,11111111111111111111111111111111,1,1,"",,,
225,1,0,9,5,"ST.GLOBAL [r2 + 8192], r5",EXECUTE,11111111111111111111111111111111,1,0,"",,,
225,1,0,9,5,"ST.GLOBAL [r2 + 8192], r5",MEMORY_REQUEST,11111111111111111111111111111111,1,0,"",,,
226,0,0,2,5,"ST.GLOBAL [r2 + 8192], r5",ISSUE,11111111111111111111111111111111,1,1,"",,,
226,0,0,2,5,"ST.GLOBAL [r2 + 8192], r5",EXECUTE,11111111111111111111111111111111,1,0,"",,,
226,0,0,2,5,"ST.GLOBAL [r2 + 8192], r5",MEMORY_REQUEST,11111111111111111111111111111111,1,0,"",,,
226,1,0,10,5,"ST.GLOBAL [r2 + 8192], r5",ISSUE,11111111111111111111111111111111,1,1,"",,,
226,1,0,10,5,"ST.GLOBAL [r2 + 8192], r5",EXECUTE,11111111111111111111111111111111,1,0,"",,,
226,1,0,10,5,"ST.GLOBAL [r2 + 8192], r5",MEMORY_REQUEST,11111111111111111111111111111111,1,0,"",,,
227,0,0,3,5,"ST.GLOBAL [r2 + 8192], r5",ISSUE,11111111111111111111111111111111,1,1,"",,,
227,0,0,3,5,"ST.GLOBAL [r2 + 8192], r5",EXECUTE,11111111111111111111111111111111,1,0,"",,,
227,0,0,3,5,"ST.GLOBAL [r2 + 8192], r5",MEMORY_REQUEST,11111111111111111111111111111111,1,0,"",,,
227,1,0,11,5,"ST.GLOBAL [r2 + 8192], r5",ISSUE,11111111111111111111111111111111,1,1,"",,,
227,1,0,11,5,"ST.GLOBAL [r2 + 8192], r5",EXECUTE,11111111111111111111111111111111,1,0,"",,,
227,1,0,11,5,"ST.GLOBAL [r2 + 8192], r5",MEMORY_REQUEST,11111111111111111111111111111111,1,0,"",,,
228,0,0,4,5,"ST.GLOBAL [r2 + 8192], r5",ISSUE,11111111111111111111111111111111,1,1,"",,,
228,0,0,4,5,"ST.GLOBAL [r2 + 8192], r5",EXECUTE,11111111111111111111111111111111,1,0,"",,,
228,0,0,4,5,"ST.GLOBAL [r2 + 8192], r5",MEMORY_REQUEST,11111111111111111111111111111111,1,0,"",,,
228,1,0,12,5,"ST.GLOBAL [r2 + 8192], r5",ISSUE,11111111111111111111111111111111,1,1,"",,,
228,1,0,12,5,"ST.GLOBAL [r2 + 8192], r5",EXECUTE,11111111111111111111111111111111,1,0,"",,,
228,1,0,12,5,"ST.GLOBAL [r2 + 8192], r5",MEMORY_REQUEST,11111111111111111111111111111111,1,0,"",,,
229,0,0,5,5,"ST.GLOBAL [r2 + 8192], r5",ISSUE,11111111111111111111111111111111,1,1,"",,,
229,0,0,5,5,"ST.GLOBAL [r2 + 8192], r5",EXECUTE,11111111111111111111111111111111,1,0,"",,,
229,0,0,5,5,"ST.GLOBAL [r2 + 8192], r5",MEMORY_REQUEST,11111111111111111111111111111111,1,0,"",,,
229,1,0,13,5,"ST.GLOBAL [r2 + 8192], r5",ISSUE,11111111111111111111111111111111,1,1,"",,,
229,1,0,13,5,"ST.GLOBAL [r2 + 8192], r5",EXECUTE,11111111111111111111111111111111,1,0,"",,,
229,1,0,13,5,"ST.GLOBAL [r2 + 8192], r5",MEMORY_REQUEST,11111111111111111111111111111111,1,0,"",,,
230,0,0,6,5,"ST.GLOBAL [r2 + 8192], r5",ISSUE,11111111111111111111111111111111,1,1,"",,,
230,0,0,6,5,"ST.GLOBAL [r2 + 8192], r5",EXECUTE,11111111111111111111111111111111,1,0,"",,,
230,0,0,6,5,"ST.GLOBAL [r2 + 8192], r5",MEMORY_REQUEST,11111111111111111111111111111111,1,0,"",,,
230,1,0,14,5,"ST.GLOBAL [r2 + 8192], r5",ISSUE,11111111111111111111111111111111,1,1,"",,,
230,1,0,14,5,"ST.GLOBAL [r2 + 8192], r5",EXECUTE,11111111111111111111111111111111,1,0,"",,,
230,1,0,14,5,"ST.GLOBAL [r2 + 8192], r5",MEMORY_REQUEST,11111111111111111111111111111111,1,0,"",,,
231,0,0,7,5,"ST.GLOBAL [r2 + 8192], r5",ISSUE,11111111111111111111111111111111,1,1,"",,,
231,0,0,7,5,"ST.GLOBAL [r2 + 8192], r5",EXECUTE,11111111111111111111111111111111,1,0,"",,,
231,0,0,7,5,"ST.GLOBAL [r2 + 8192], r5",MEMORY_REQUEST,11111111111111111111111111111111,1,0,"",,,
231,1,0,15,5,"ST.GLOBAL [r2 + 8192], r5",ISSUE,11111111111111111111111111111111,1,1,"",,,
231,1,0,15,5,"ST.GLOBAL [r2 + 8192], r5",EXECUTE,11111111111111111111111111111111,1,0,"",,,
231,1,0,15,5,"ST.GLOBAL [r2 + 8192], r5",MEMORY_REQUEST,11111111111111111111111111111111,1,0,"",,,
232,0,0,0,6,"HALT",ISSUE,11111111111111111111111111111111,1,1,"",,,
232,0,0,0,6,"HALT",HALT,00000000000000000000000000000000,1,0,"",,,
232,1,0,8,6,"HALT",ISSUE,11111111111111111111111111111111,1,1,"",,,
232,1,0,8,6,"HALT",HALT,00000000000000000000000000000000,1,0,"",,,
233,0,0,1,6,"HALT",ISSUE,11111111111111111111111111111111,1,1,"",,,
233,0,0,1,6,"HALT",HALT,00000000000000000000000000000000,1,0,"",,,
233,1,0,9,6,"HALT",ISSUE,11111111111111111111111111111111,1,1,"",,,
233,1,0,9,6,"HALT",HALT,00000000000000000000000000000000,1,0,"",,,
234,0,0,2,6,"HALT",ISSUE,11111111111111111111111111111111,1,1,"",,,
234,0,0,2,6,"HALT",HALT,00000000000000000000000000000000,1,0,"",,,
234,1,0,10,6,"HALT",ISSUE,11111111111111111111111111111111,1,1,"",,,
234,1,0,10,6,"HALT",HALT,00000000000000000000000000000000,1,0,"",,,
235,0,0,3,6,"HALT",ISSUE,11111111111111111111111111111111,1,1,"",,,
235,0,0,3,6,"HALT",HALT,00000000000000000000000000000000,1,0,"",,,
235,1,0,11,6,"HALT",ISSUE,11111111111111111111111111111111,1,1,"",,,
235,1,0,11,6,"HALT",HALT,00000000000000000000000000000000,1,0,"",,,
236,0,0,4,6,"HALT",ISSUE,11111111111111111111111111111111,1,1,"",,,
236,0,0,4,6,"HALT",HALT,00000000000000000000000000000000,1,0,"",,,
236,1,0,12,6,"HALT",ISSUE,11111111111111111111111111111111,1,1,"",,,
236,1,0,12,6,"HALT",HALT,00000000000000000000000000000000,1,0,"",,,
237,0,0,5,6,"HALT",ISSUE,11111111111111111111111111111111,1,1,"",,,
237,0,0,5,6,"HALT",HALT,00000000000000000000000000000000,1,0,"",,,
237,1,0,13,6,"HALT",ISSUE,11111111111111111111111111111111,1,1,"",,,
237,1,0,13,6,"HALT",HALT,00000000000000000000000000000000,1,0,"",,,
238,0,0,6,6,"HALT",ISSUE,11111111111111111111111111111111,1,1,"",,,
238,0,0,6,6,"HALT",HALT,00000000000000000000000000000000,1,0,"",,,
238,1,0,14,6,"HALT",ISSUE,11111111111111111111111111111111,1,1,"",,,
238,1,0,14,6,"HALT",HALT,00000000000000000000000000000000,1,0,"",,,
239,0,0,7,6,"HALT",ISSUE,11111111111111111111111111111111,1,1,"",,,
239,0,0,7,6,"HALT",HALT,00000000000000000000000000000000,1,0,"",,,
239,1,0,15,6,"HALT",ISSUE,11111111111111111111111111111111,1,1,"",,,
239,1,0,15,6,"HALT",HALT,00000000000000000000000000000000,1,0,"",,,
324,0,0,0,6,"",MEMORY_RETURN,11111111111111111111111111111111,1,0,"",,,
324,1,0,8,6,"",MEMORY_RETURN,11111111111111111111111111111111,1,0,"",,,
325,0,0,1,6,"",MEMORY_RETURN,11111111111111111111111111111111,1,0,"",,,
325,1,0,9,6,"",MEMORY_RETURN,11111111111111111111111111111111,1,0,"",,,
326,0,0,2,6,"",MEMORY_RETURN,11111111111111111111111111111111,1,0,"",,,
326,1,0,10,6,"",MEMORY_RETURN,11111111111111111111111111111111,1,0,"",,,
327,0,0,3,6,"",MEMORY_RETURN,11111111111111111111111111111111,1,0,"",,,
327,1,0,11,6,"",MEMORY_RETURN,11111111111111111111111111111111,1,0,"",,,
328,0,0,4,6,"",MEMORY_RETURN,11111111111111111111111111111111,1,0,"",,,
328,1,0,12,6,"",MEMORY_RETURN,11111111111111111111111111111111,1,0,"",,,
329,0,0,5,6,"",MEMORY_RETURN,11111111111111111111111111111111,1,0,"",,,
329,1,0,13,6,"",MEMORY_RETURN,11111111111111111111111111111111,1,0,"",,,
330,0,0,6,6,"",MEMORY_RETURN,11111111111111111111111111111111,1,0,"",,,
330,1,0,14,6,"",MEMORY_RETURN,11111111111111111111111111111111,1,0,"",,,
331,0,0,7,6,"",MEMORY_RETURN,11111111111111111111111111111111,1,0,"",,,
331,1,0,15,6,"",MEMORY_RETURN,11111111111111111111111111111111,1,0,"",,,
